0 0.064855226930687085 0.0022778967231497789 2.5141792127633353 59.989539778400648 0
1 0.99456523915834183 0.0022799530860643153 10.369315578386654 60.850777530456241 0
2 0.46823480509334642 0.0022854343033679005 5.3035752393699616 61.647078764212274 0
3 0.0017080250206348716 0.0022799530860632897 2.8668518426618537 63.955554572251373 0
4 0.41650096776402312 0.0022858920168563794 18.558536236273468 61.24157344224929 0
5 0.82511971154590957 0.0022877643325499488 26.797834620475673 61.136034849311969 0
6 0.72307896711568864 0.002293360355413832 22.269811236816032 62.518117662572898 0
7 0.71239364306554098 0.0022878600462219057 21.323676775360738 65.046605184843642 0
8 0.0025771041568634512 0.0023100905227022828 6.1140302146405423 65.614724713872022 0
9 0.99878220085192315 0.0023100905227012442 13.665492200831459 62.336501292909162 0
10 0.54881511100903047 0.0023157413937583103 11.911341877780146 64.783819877625447 0
11 0.82553810938681926 0.0023081035384484613 15.822154235027252 66.230198416425253 0
12 0 0.0022858920168522521 3.3595160228311918 67.931518204494878 0
13 0.23831122078781738 0.0022878600462188014 14.011195505334127 68.692764709995828 0
14 0 0.0022933603554096947 7.2513072603031024 69.575141257124784 0
15 0 0.0022877643325447928 4.0658435036961462 71.893660633369691 0
16 0.99995663548608604 0.0023059329973957139 34.979087763893524 60.540032346041194 0
17 0.99995665992593041 0.0023072333893630298 42.639023555084115 59.482093591256145 0
18 0.99995677123632609 0.0023131745769493098 39.26704843181728 61.333821455977791 0
19 0.8965690195366921 0.0023076265365749543 40.165308172354514 63.863740467204401 0
20 0.99995672813224001 0.0023108702718275757 49.772594425511912 58.008268778316541 0
21 0.99995674882114216 0.002311975708466682 56.262307678048415 56.179191271165273 0
22 0.99995686174982956 0.0023180283340121003 53.995689287880005 58.324743060364995 0
23 0.99995675803953199 0.0023124686004229208 55.985551740585045 60.68119878896119 0
24 0.99461691221821458 0.002336143416691056 45.118432436611876 64.483020020900824 0
25 0.99995720353255013 0.0023365414557084095 46.961272653449456 60.028999825192528 0
26 0.99995730800638039 0.0023422595742742195 48.4908273685 62.491227143338172 0
27 0.99995717393592054 0.0023349266280410794 53.349388863775843 62.83093186584842 0
28 0.62836519487756359 0.0023124536726591856 46.720871664889238 66.955806361699928 0
29 0.99995678028424928 0.0023136588543278772 55.600153532536758 65.192517694114173 0
30 0.88065258914615119 0.002319616656524936 52.432941545997878 67.331832336121948 0
31 0.22331014452704048 0.0023139540578942077 55.038868573188765 69.691750826240579 0
32 0 0.0024077644410168122 8.9986409019311395 73.568533221702992 0
33 0.34305538792024626 0.0024078760788568531 18.894261241633046 70.105830990928396 0
34 0 0.0024140775659532029 17.249936185805993 72.640610716169746 0
35 0.0019658707423140399 0.0024062147542918736 23.665824622965268 73.984445002095086 0
36 0.94217593452619242 0.0024078760788535879 25.858393298381813 66.251283149522209 0
37 0.9999584694228506 0.0024077644410113912 30.932300641272494 62.181808735629296 0
38 0.99995857802608989 0.0024140775659488465 30.947618896844716 64.750521539341619 0
39 0.53464151336362431 0.0024062147542875359 35.936311900516223 65.65458413097565 0
40 0 0.0024329551254387797 31.04580974388292 72.513303657467986 0
41 0.95740653360245243 0.0024312766547383009 25.297954264860717 68.825894299884993 0
42 0.52370639431404964 0.0024393345963875409 31.001620622187172 69.918419686763457 0
43 0.74002532007127053 0.0024329551254398743 36.51976143880772 68.227950080084256 0
44 0 0.0024011984788268798 38.213985977290022 73.38267018835009 0
45 0.076297289465321647 0.0024011984788258026 42.444924184008428 68.926015802925335 0
46 8.7097335456129112e-05 0.0024073826904748596 43.971241324951464 71.462366632764159 0
47 0.21015795304624466 0.0023994306653559033 51.032345251318695 71.864385696759555 0
48 0 0.002305932997378714 5.2341552167426073 75.908934199923806 0
49 0.083679984786325864 0.0023076265365589857 22.345400397688508 76.502743573867463 0
50 0.23976573040209326 0.0023131745769322601 11.879840887912808 77.536226923421268 0
51 0.14854500980286026 0.0023072333893449895 7.2491471618791996 79.85650602979311 0
52 0 0.0023124536726463136 39.495365316351098 75.900656104955758 0
53 0.26266384240477042 0.0023139540578823738 54.136479116647642 74.239161445053767 0
54 0 0.0023196166565120249 48.682000025332314 76.378172682467138 0
55 0.033970088683864905 0.0023136588543139656 52.517180055482086 78.727999946006364 0
56 0.075509560427765229 0.0023365414556922337 17.302771822913954 81.399580420603257 0
57 0.0064034104043692525 0.0023361434166727863 31.108006881147059 77.595416321811598 0
58 0.098299159600744077 0.0023422595742569521 31.121699441057853 80.091424864652282 0
59 0.058748176264203762 0.0023349266280238675 44.057020546953993 80.805441594890539 0
60 0 0.002310870271806376 11.867299906399847 83.786481785048764 0
61 0.010166940225052249 0.0023124686004027434 48.73345697545912 83.205864073879241 0
62 0 0.0023180283339908391 31.150383702865547 85.062492050380854 0
63 0 0.0023119757084444385 31.159167131162008 87.533355703730876 0
64 0.99995674882110752 0.0023119757085191938 62.471522341448825 53.903016154528764 0
65 0.99995672813224101 0.0023108702718821284 67.695711666485749 51.504960477143626 0
66 0.99995686174983844 0.0023180283340658238 66.63361668815854 53.659939124749862 0
67 0.99995675803944861 0.0023124686004765095 69.789976610544713 55.455374516451684 0
68 0.99995665992593086 0.0023072333894237347 72.394387667891394 48.894131665585725 0
69 0.99995663548608871 0.0023059329974584324 76.608037344785743 46.125370272635521 0
70 0.9999567712363272 0.0023131745770112277 76.059662225135838 48.322632804886396 0
71 0.99995666730938093 0.0023076265366367235 79.206366345554329 49.847634128152002 0
72 0.99995717393589389 0.0023349266281005219 74.056024569536376 54.954230110576617 0
73 0.9999572035325518 0.0023365414557668814 71.611935174002483 51.08132323962856 0
74 0.99995730800643623 0.0023422595743328467 74.793924456216246 52.740124218060728 0
75 0.99995719624104473 0.0023361434167484471 78.736828289182426 52.072345111497491 0
76 0.99995678028425028 0.0023136588543847046 77.633905951501774 56.533656516328456 0
77 0.9999567577604016 0.0023124536727180504 82.231692447962843 53.516019080471033 0
78 0.99995689128682252 0.0023196166565829742 81.880548530697538 55.756306058452438 0
79 0.99995678579778313 0.0023139540579521028 85.805177074849567 57.086315090714088 0
80 0.99995629111453854 0.0022877643326352942 80.458851307127659 43.171005122755709 0
81 0.99995625531530408 0.0022858920169436582 83.914195707049103 40.154482871753025 0
82 0.99995639776385936 0.0022933603555004237 83.722189546395953 42.314612092907055 0
83 0.99995629294306898 0.0022878600463082854 86.802278560891708 43.531903186337679 0
84 0.99995614137205535 0.0022799530861573724 87.083717214867193 37.037286252595024 0
85 0.99995610178057792 0.0022778967232447273 90 33.856649685033261 0
86 0.99995624655475579 0.0022854343034622096 90 36.000370382065924 0
87 0.99995614137205535 0.0022799530861573724 92.916282785132807 37.037286252595024 0
88 0.99995667626431983 0.0023081035385407603 90 42.493269307028129 0
89 0.99995671352686577 0.0023100905227926489 86.996065939257804 39.195843240849072 0
90 0.99995681914993528 0.0023157413938499458 90 40.321221570533702 0
91 0.99995671352686522 0.0023100905227926502 93.00393406074221 39.195843240849072 0
92 0.99995629294307053 0.0022878600463082854 93.197721439108307 43.531903186337679 0
93 0.99995625531530297 0.0022858920169436595 96.085804292950911 40.154482871753018 0
94 0.99995639776386025 0.0022933603555004242 96.277810453604062 42.314612092907055 0
95 0.99995629111457873 0.0022877643326352929 99.541148692872355 43.171005122755709 0
96 0.99995832518357075 0.0023994306654389914 90 56.031220781171967 0
97 0.99995835586418003 0.0024011984789079161 86.164451329196055 52.584274876090362 0
98 0.99995846283738943 0.0024073826905572134 90 53.775091460741599 0
99 0.99995835586418003 0.0024011984789079161 93.835548670803945 52.584274876090362 0
100 0.99995844267679102 0.0024062147543666692 82.898480907873648 49.01682193508983 0
101 0.99995846942282318 0.0024077644410895284 80.088194734682503 45.378486678185197 0
102 0.99995857802642529 0.0024140775660272239 83.220220906213513 46.748576210622382 0
103 0.999958471348252 0.0024078760789306521 86.676192125137973 45.753561260013306 0
104 0.99995889941046645 0.0024329551255178631 93.649296356828557 50.314327045059983 0
105 0.99995889941045957 0.0024329551255178631 86.350703643171443 50.314327045059976 0
106 0.99995900689448325 0.002439334596466862 90 49.227717647695741 0
107 0.99995887103726666 0.0024312766548183727 90 46.941761521158817 0
108 0.99995844267676215 0.0024062147543666705 97.101519092126352 49.01682193508983 0
109 0.99995847134826699 0.0024078760789306508 93.323807874862027 45.753561260013306 0
110 0.99995857802615384 0.0024140775660272239 96.779779093786487 46.748576210622382 0
111 0.99995846942282407 0.0024077644410895266 99.911805265317497 45.378486678185197 0
112 0.99995678579778424 0.0023139540579521015 94.194822925150447 57.086315090714088 0
113 0.99995675776040138 0.0023124536727180509 97.768307552037157 53.516019080471033 0
114 0.9999568912868233 0.0023196166565829725 98.119451469302476 55.756306058452438 0
115 0.99995678028425028 0.0023136588543847046 102.36609404849824 56.533656516328456 0
116 0.99995666730940236 0.0023076265366367235 100.79363365444569 49.847634128152016 0
117 0.99995663548608726 0.0023059329974584341 103.39196265521427 46.125370272635521 0
118 0.99995677123632931 0.0023131745770112277 103.94033777486416 48.322632804886396 0
119 0.99995665992590621 0.0023072333894237347 107.60561233210862 48.894131665585739 0
120 0.99995717393592154 0.0023349266281005219 105.94397543046364 54.954230110576617 0
121 0.99995719624114532 0.0023361434167484471 101.26317171081757 52.072345111497491 0
122 0.99995730800638138 0.0023422595743328467 105.20607554378375 52.740124218060721 0
123 0.99995720353255535 0.0023365414557668831 108.38806482599752 51.08132323962856 0
124 0.99995675803953288 0.002312468600476509 110.21002338945529 55.455374516451684 0
125 0.99995672813224123 0.0023108702718821284 112.30428833351425 51.504960477143619 0
126 0.99995686174983056 0.0023180283340658238 113.36638331184147 53.659939124749862 0
127 0.99995674882114316 0.0023119757085191938 117.52847765855117 53.903016154528764 0
128 0 0.0027595700109762106 90 87.447056561625928 0
129 0.0072296179136388927 0.002760414496887448 69.672022270040188 83.187604292371944 0
130 0 0.0027689713463161609 90 84.888387231596582 0
131 0 0.0027604144968874475 110.32797772995983 83.187604292371944 0
132 0.021203160560360413 0.0027624606832226759 65.165047596857804 78.719057499068313 0
133 0.13287430933331881 0.0027629682584308815 63.233123246080602 74.234962220061803 0
134 0.11693380405437688 0.0027717025238621989 69.723595096765408 76.327461141787182 0
135 0.052496137313796751 0.0027631371928210939 80.484184726523679 75.65459951293478 0
136 0.091602452255638983 0.0027978366728580672 104.81342213194472 80.724706334932407 0
137 0.027127457525996372 0.0027978366728580676 75.186577868055295 80.724706334932407 0
138 0.19550200657402009 0.0028066817062359622 90 79.730424444842569 0
139 0.087012560284747978 0.0027971517524297365 90 77.137084767865076 0
140 0.026895745441303125 0.0027624606832226772 114.8349524031422 78.719057499068313 0
141 0.8083570128833597 0.0027631371928210943 99.515815273476321 75.65459951293478 0
142 0.52908433891448547 0.0027717025238621989 110.27640490323459 76.327461141787182 0
143 0.2968558006057031 0.0027629682584308815 116.76687675391939 74.234962220061803 0
144 0.41819244503124398 0.0027629682584170887 62.151470379899131 69.666576653070834 0
145 0.9999638017001371 0.0027624606832064875 61.482371932006963 65.167658457267279 0
146 0.96165262203837931 0.002771702523847154 65.249345346136067 67.259781165370597 0
147 0.87209125920877306 0.0027631371928060972 71.988895015019494 66.726312048034785 0
148 0.99996377486873722 0.0027604144968640331 61.021932141903079 60.651486275191175 0
149 0.99996376378349539 0.0027595700109504097 60.691889241627891 56.148622304398209 0
150 0.99996388680987447 0.0027689713462914706 63.389363841335388 58.249501111134151 0
151 0.99996377486873789 0.0027604144968628348 68.39129580403781 57.799338096450612 0
152 0.99996425062566718 0.0027971517524084544 73.859609124810575 64.161312207656266 0
153 0.99996425937693045 0.0027978366728379873 64.159013345222363 62.758393033660788 0
154 0.99996437200663801 0.0028066817062158168 69.905433050463131 62.27568605419259 0
155 0.99996425937692879 0.0027978366728392077 71.698713054199018 59.725017012896984 0
156 0.99996381056238604 0.002763137192802469 79.589593294520327 63.292528362598645 0
157 0.99996380170013766 0.0027624606832016623 76.733983438038749 58.954936829260959 0
158 0.99996392239377097 0.0027717025238423116 80.615371834447231 60.649884451882528 0
159 0.99996380834975873 0.0027629682584110605 85.477495355669973 59.549091366092114 0
160 0.97248372279306905 0.0029090959566843311 113.07913431499077 71.807002639172154 0
161 0.99996562857265481 0.0029092932875373141 98.070398712587746 73.028130451112489 0
162 0.98319782477018558 0.0029190287814180441 104.76314617427204 71.23824015625992 0
163 0.99996562857265525 0.002909293287538577 103.01526382248647 68.583703482402541 0
164 0.52687198422452197 0.0029092932875373146 81.929601287412254 73.028130451112474 0
165 0.36911929288808265 0.0029090959566843311 66.920865685009218 71.807002639172154 0
166 0.68080600383940215 0.0029190287814180446 75.236853825727962 71.23824015625992 0
167 0.84319545418332398 0.002909293287538577 76.984736177513525 68.583703482402541 0
168 0.99996608862892356 0.0029487633701736939 96.217760989248319 67.610030930244136 0
169 0.99438799425673474 0.0029487633701749658 90 71.825301817952578 0
170 0.99968055760418395 0.0029588323206155682 90 69.094842551481833 0
171 0.99766637936164881 0.0029487633701736943 83.782239010751695 67.610030930244136 0
172 0.99996562857265592 0.002909293287542383 95.582458760555852 64.907581870625137 0
173 0.99996562857265592 0.002909293287542383 84.417541239444148 64.907581870625137 0
174 0.99996574320371334 0.0029190287814231308 90 63.66428814132653 0
175 0.99996562624123986 0.0029090959566906577 90 60.97035750352412 0
176 0.99996380834975929 0.002762968258417087 117.84852962010088 69.666576653070834 0
177 0.99996381056238681 0.0027631371928060968 108.01110498498051 66.726312048034785 0
178 0.99996392239377108 0.002771702523847154 114.75065465386396 67.259781165370597 0
179 0.99996380170013655 0.0027624606832064888 118.51762806799304 65.167658457267279 0
180 0.99996381056238748 0.0027631371928024651 100.41040670547969 63.292528362598645 0
181 0.99996380834975873 0.0027629682584110605 94.522504644330027 59.549091366092114 0
182 0.99996392239377097 0.0027717025238423116 99.384628165552783 60.649884451882528 0
183 0.99996380170013777 0.0027624606832016623 103.26601656196125 58.954936829260959 0
184 0.99996425937692979 0.0027978366728379873 115.84098665477767 62.758393033660788 0
185 0.99996425062566718 0.0027971517524084544 106.14039087518942 64.161312207656266 0
186 0.99996437200663646 0.002806681706215819 110.09456694953687 62.27568605419259 0
187 0.99996425937692879 0.0027978366728392077 108.30128694580098 59.725017012896984 0
188 0.99996377486873722 0.0027604144968640331 118.97806785809694 60.651486275191175 0
189 0.99996377486873789 0.0027604144968628348 111.60870419596219 57.799338096450612 0
190 0.99996388680987447 0.0027689713462914706 116.6106361586646 58.249501111134165 0
191 0.99996376378349472 0.0027595700109504114 119.30811075837211 56.148622304398209 0
192 0 0.0023119757084444398 148.84083286883802 87.533355703730876 0
193 0 0.0023124686004027421 131.26654302454088 83.205864073879241 0
194 0 0.0023180283339908391 148.84961629713445 85.062492050380854 0
195 0 0.002310870271806376 168.13270009360016 83.786481785048764 0
196 0 0.0023136588543139656 127.48281994451791 78.727999946006349 0
197 0.19556722969071783 0.0023139540578823725 125.86352088335238 74.239161445053767 0
198 0 0.0023196166565120249 131.31799997466771 76.378172682467138 0
199 0.2839764699033871 0.0023124536726463166 140.5046346836489 75.900656104955758 0
200 0 0.002336541455692235 162.69722817708603 81.399580420603257 0
201 0 0.0023349266280238662 135.94297945304601 80.805441594890539 0
202 0 0.0023422595742569521 148.87830055894216 80.091424864652282 0
203 0.0045508806171915576 0.0023361434166727876 148.89199311885295 77.595416321811598 0
204 0 0.0023072333893449908 172.75085283812081 79.85650602979311 0
205 0.0054690504000019634 0.0023076265365589862 157.65459960231149 76.502743573867463 0
206 0 0.0023131745769322601 168.12015911208718 77.536226923421268 0
207 0 0.002305932997378714 174.76584478325742 75.908934199923792 0
208 0.99995678579778258 0.0023139540578942077 124.96113142681126 69.691750826240579 0
209 0.99995678028424928 0.0023136588543278772 124.39984646746325 65.192517694114173 0
210 0.99995689128682219 0.002319616656524936 127.56705845400212 67.331832336121948 0
211 0.99995675776040049 0.0023124536726591856 133.27912833511078 66.955806361699942 0
212 0.99995675803953132 0.0023124686004229217 124.01444825941498 60.681198788961176 0
213 0.99995674882114216 0.002311975708466682 123.7376923219516 56.179191271165273 0
214 0.99995686174982956 0.0023180283340120999 126.00431071212 58.324743060364995 0
215 0.99995672813224001 0.0023108702718275757 130.22740557448807 58.008268778316555 0
216 0.99995719624107426 0.0023361434166910542 134.88156756338813 64.483020020900824 0
217 0.99995717393592032 0.0023349266280410798 126.65061113622416 62.83093186584842 0
218 0.99995730800638039 0.0023422595742742195 131.50917263149998 62.491227143338172 0
219 0.99995720353255069 0.0023365414557084082 133.03872734655053 60.028999825192528 0
220 0.99995666730939881 0.002307626536574956 139.83469182764549 63.863740467204416 0
221 0.99995665992592919 0.0023072333893630315 137.36097644491588 59.482093591256145 0
222 0.99995677123632609 0.0023131745769493098 140.73295156818273 61.333821455977791 0
223 0.93906494214417091 0.0023059329973957121 145.02091223610648 60.540032346041194 0
224 0 0.0024077644410168122 171.00135909806886 73.568533221702992 0
225 0.01504450390068467 0.0024062147542918736 156.33417537703474 73.984445002095086 0
226 0 0.0024140775659532029 162.75006381419402 72.640610716169746 0
227 0.46975797842345063 0.0024078760788568514 161.10573875836695 70.105830990928396 0
228 0.30105978181022214 0.0024011984788268798 141.78601402270996 73.38267018835009 0
229 0.61208898530014277 0.0023994306653559051 128.9676547486813 71.864385696759555 0
230 0.58170203303956503 0.0024073826904748596 136.02875867504852 71.462366632764159 0
231 0.99995835586417914 0.0024011984788258026 137.55507581599156 68.926015802925335 0
232 0.99110697426417371 0.0024312766547383009 154.70204573513928 68.825894299884993 0
233 0.30057242179280796 0.0024329551254387797 148.9541902561171 72.513303657467986 0
234 0.93985743267372968 0.0024393345963875392 148.99837937781285 69.918419686763457 0
235 0.999958899410476 0.0024329551254398743 143.48023856119229 68.227950080084241 0
236 0.99995847134825044 0.0024078760788535879 154.1416067016182 66.251283149522209 0
237 0.99995844267678546 0.0024062147542875359 144.06368809948378 65.65458413097565 0
238 0.99995857802615273 0.0024140775659488465 149.05238110315528 64.750521539341619 0
239 0.99988516463553834 0.0024077644410113912 149.06769935872751 62.181808735629296 0
240 0.027005187120249116 0.002287764332544791 175.93415649630384 71.893660633369691 0
241 0.82279086303333981 0.0022878600462188014 165.98880449466589 68.692764709995828 0
242 0.5097350767531974 0.0022933603554096947 172.74869273969691 69.575141257124784 0
243 0.93830576602814308 0.0022858920168522521 176.64048397716883 67.931518204494878 0
244 0.99995629294306732 0.0022878600462219057 158.67632322463925 65.046605184843642 0
245 0.90707476894842998 0.0022877643325499484 153.2021653795243 61.136034849311983 0
246 0.81533772687209427 0.0022933603554138307 157.73018876318397 62.518117662572898 0
247 0.51426662354041841 0.0022858920168563799 161.44146376372657 61.24157344224929 0
248 0.99878425635889101 0.0023100905227022828 173.88596978535946 65.614724713872022 0
249 0.99995667626431806 0.0023081035384484613 164.17784576497274 66.230198416425253 0
250 0.99995681914993428 0.0023157413937583103 168.08865812221987 64.783819877625447 0
251 0.9594686473101911 0.0023100905227012429 166.33450779916856 62.336501292909162 0
252 0.79172460599954686 0.002279953086063291 177.13314815733816 63.955554572251373 0
253 0.61031329078270236 0.0022799530860643153 169.63068442161335 60.850777530456241 0
254 0.36098320799854633 0.0022854343033678992 174.69642476063004 61.647078764212274 0
255 0 0.0022778967231497776 177.48582078723669 59.989539778400648 0
256 0.024595111971597142 0.0022778967231497802 -2.5141792127633353 59.989539778400648 0
257 0 0.002279953086063291 -2.8668518426618537 63.955554572251373 0
258 0.014235059629437254 0.0022854343033679005 -5.303575239369958 61.647078764212274 0
259 0 0.0022799530860643153 -10.369315578386654 60.850777530456241 0
260 0 0.0022858920168522521 -3.3595160228311918 67.931518204494878 0
261 0.0037155219591018212 0.002287764332544791 -4.0658435036961462 71.893660633369691 0
262 0.0011810915758815965 0.0022933603554096947 -7.2513072603031024 69.575141257124784 0
263 0 0.0022878600462188014 -14.011195505334127 68.692764709995828 0
264 0 0.0023100905227012442 -13.665492200831455 62.336501292909148 0
265 0 0.0023100905227022828 -6.1140302146405414 65.614724713872008 0
266 0.089296914119412346 0.0023157413937583103 -11.911341877780142 64.783819877625447 0
267 0.38510856526470461 0.0023081035384484613 -15.822154235027261 66.230198416425253 0
268 0 0.0022858920168563799 -18.558536236273468 61.24157344224929 0
269 0.54071940468714352 0.0022878600462219044 -21.323676775360738 65.046605184843642 0
270 0.04436562897833498 0.002293360355413832 -22.269811236816043 62.518117662572912 0
271 0 0.0022877643325499501 -26.797834620475673 61.136034849311969 0
272 0 0.002305932997378714 -5.2341552167426073 75.908934199923806 0
273 0.0041726004580277011 0.0023072333893449921 -7.2491471618791996 79.85650602979311 4
274 0.0081260806644311394 0.0023131745769322601 -11.879840887912813 77.536226923421268 4
275 0.68199753731643997 0.0023076265365589862 -22.345400397688508 76.502743573867463 4
276 0.051739620209525806 0.002310870271806376 -11.867299906399847 83.786481785048764 4
277 0 0.0023119757084444385 -31.159167131162008 87.533355703730876 0
278 0.063609975091176288 0.0023180283339908391 -31.150383702865554 85.062492050380854 4
279 0.32951697175207123 0.0023124686004027421 -48.73345697545912 83.205864073879241 4
280 0.99995719624107449 0.0023361434166727863 -31.108006881147066 77.595416321811598 4
281 0.47110491335642851 0.0023365414556922337 -17.30277182291395 81.399580420603257 4
282 0.98760140089386494 0.0023422595742569529 -31.12169944105786 80.091424864652282 4
283 0.99353256345389263 0.0023349266280238675 -44.057020546953993 80.805441594890539 4
284 0.99995675776040105 0.0023124536726463149 -39.495365316351098 75.900656104955758 4
285 0.99995678028424895 0.0023136588543139656 -52.517180055482086 78.727999946006364 4
286 0.99995689128682197 0.0023196166565120249 -48.682000025332314 76.378172682467138 4
287 0.76128045684709911 0.0023139540578823725 -54.136479116647642 74.239161445053767 4
288 0 0.0024077644410113916 -30.93230064127248 62.181808735629296 0
289 0.029696446114947886 0.0024078760788535879 -25.858393298381813 66.251283149522209 0
290 0 0.0024140775659488483 -30.947618896844716 64.750521539341619 0
291 0.29194450252757081 0.0024062147542875359 -35.936311900516216 65.65458413097565 4
292 0.089368197196902102 0.0024078760788568527 -18.894261241633046 70.105830990928396 4
293 0 0.0024077644410168127 -8.9986409019311395 73.568533221702992 0
294 0.040250571049272911 0.0024140775659532029 -17.249936185805993 72.640610716169746 4
295 0.73694541766881749 0.0024062147542918736 -23.665824622965264 73.984445002095086 4
296 0.94469791564374817 0.0024329551254398743 -36.51976143880772 68.227950080084256 4
297 0.29437334631530915 0.0024312766547383009 -25.297954264860724 68.825894299884993 4
298 0.91452703510128663 0.0024393345963875409 -31.001620622187172 69.918419686763457 4
299 0.98509933894506008 0.0024329551254387797 -31.045809743882927 72.513303657467986 4
300 0.99995835586417869 0.0024011984788258026 -42.444924184008428 68.926015802925335 4
301 0.99995835586417869 0.0024011984788268798 -38.213985977290022 73.38267018835009 4
302 0.99995846283738798 0.0024073826904748596 -43.971241324951464 71.462366632764159 4
303 0.83254918963524149 0.0023994306653559033 -51.032345251318702 71.864385696759555 4
304 0 0.0023059329973957139 -34.979087763893524 60.540032346041194 0
305 0.37622710265044668 0.0023076265365749543 -40.165308172354514 63.863740467204401 4
306 0.040810569078276238 0.0023131745769493098 -39.267048431817294 61.333821455977791 4
307 0.14720472581604166 0.0023072333893630302 -42.639023555084115 59.482093591256145 4
308 0.99995675776040049 0.0023124536726591856 -46.720871664889238 66.955806361699928 4
309 0.20243608739187485 0.002313954057894209 -55.038868573188765 69.691750826240579 4
310 0.60710128865362922 0.002319616656524936 -52.432941545997885 67.331832336121934 4
311 0.066792073114878295 0.0023136588543278772 -55.600153532536758 65.192517694114173 4
312 0.21936538477384207 0.0023365414557084095 -46.961272653449456 60.028999825192535 4
313 0.99990365834382222 0.0023361434166910555 -45.118432436611876 64.483020020900824 4
314 0.74342790597689257 0.0023422595742742195 -48.490827368500007 62.491227143338172 4
315 0.06942632201027793 0.0023349266280410794 -53.349388863775836 62.83093186584842 4
316 0 0.0023108702718275757 -49.772594425511912 58.008268778316541 0
317 0 0.0023124686004229221 -55.985551740585045 60.68119878896119 0
318 0 0.0023180283340121003 -53.995689287879998 58.324743060364995 0
319 0.028604966514698245 0.002311975708466682 -56.262307678048415 56.179191271165273 0
320 0 0.0023119757084444385 -148.84083286883802 87.533355703730876 0
321 0 0.002310870271806376 -168.13270009360016 83.786481785048764 0
322 0 0.0023180283339908391 -148.84961629713445 85.062492050380854 0
323 0 0.0023124686004027421 -131.26654302454088 83.205864073879241 0
324 0 0.0023072333893449926 -172.75085283812081 79.85650602979311 0
325 0 0.002305932997378714 -174.76584478325742 75.908934199923792 0
326 0 0.0023131745769322601 -168.12015911208718 77.536226923421253 0
327 0 0.0023076265365589862 -157.65459960231149 76.502743573867463 0
328 0 0.0023349266280238662 -135.94297945304601 80.805441594890539 0
329 0 0.002336541455692235 -162.69722817708603 81.399580420603257 0
330 0 0.0023422595742569521 -148.87830055894216 80.091424864652282 0
331 0 0.0023361434166727876 -148.89199311885295 77.595416321811598 0
332 0 0.0023136588543139656 -127.48281994451791 78.727999946006349 0
333 0 0.0023124536726463149 -140.5046346836489 75.900656104955758 0
334 2.5540181861369405e-05 0.0023196166565120249 -131.31799997466771 76.378172682467138 0
335 0.23881999102306986 0.0023139540578823725 -125.86352088335238 74.239161445053767 0
336 0.054740186461017332 0.002287764332544791 -175.93415649630384 71.893660633369691 0
337 0.45285577282182626 0.0022858920168522521 -176.64048397716883 67.931518204494878 0
338 0 0.0022933603554096947 -172.74869273969691 69.57514125712477 0
339 0.31493468341997877 0.0022878600462188014 -165.98880449466589 68.692764709995828 0
340 0.033150863333004578 0.002279953086063291 -177.13314815733816 63.955554572251373 0
341 0 0.0022778967231497802 -177.48582078723669 59.989539778400648 0
342 0.0033800124358413907 0.0022854343033678988 -174.69642476063004 61.647078764212274 0
343 0.044780469892606999 0.0022799530860643153 -169.63068442161335 60.850777530456241 0
344 0.53339264619559601 0.0023081035384484613 -164.17784576497274 66.230198416425267 0
345 0.6822409673257579 0.0023100905227022828 -173.88596978535946 65.614724713872008 0
346 0.14586651580296667 0.0023157413937583103 -168.08865812221987 64.783819877625447 0
347 0.27294765697313028 0.0023100905227012429 -166.33450779916856 62.336501292909162 0
348 0.91202034646545427 0.0022878600462219044 -158.67632322463925 65.046605184843642 0
349 0.95882227261229824 0.0022858920168563799 -161.44146376372657 61.24157344224929 0
350 0.97578178664133508 0.0022933603554138307 -157.73018876318395 62.518117662572912 0
351 0.90948747184209322 0.0022877643325499501 -153.2021653795243 61.136034849311969 0
352 0.11607015659509552 0.0023994306653559051 -128.9676547486813 71.864385696759555 0
353 0 0.0024011984788268798 -141.78601402270996 73.38267018835009 0
354 0.010531501985361373 0.0024073826904748596 -136.02875867504855 71.462366632764159 0
355 0.63268858029178532 0.0024011984788258026 -137.55507581599156 68.926015802925335 0
356 0 0.0024062147542918736 -156.33417537703474 73.984445002095086 0
357 0 0.0024077644410168127 -171.00135909806886 73.568533221702992 0
358 0 0.0024140775659532029 -162.75006381419402 72.640610716169746 0
359 0.5438534264931788 0.0024078760788568514 -161.10573875836695 70.105830990928396 0
360 0.95639120813105316 0.0024329551254398743 -143.48023856119229 68.227950080084256 0
361 0 0.0024329551254387797 -148.95419025611707 72.513303657467986 0
362 0.63278180801352335 0.0024393345963875409 -148.99837937781285 69.918419686763457 0
363 0.98831533757675816 0.0024312766547383009 -154.70204573513928 68.825894299884993 0
364 0.99995844267753897 0.0024062147542875359 -144.06368809948378 65.65458413097565 0
365 0.99995847134825044 0.0024078760788535879 -154.1416067016182 66.251283149522195 0
366 0.9999585780261524 0.002414077565948847 -149.05238110315531 64.750521539341619 0
367 0.95552789195110521 0.0024077644410113916 -149.06769935872751 62.181808735629296 0
368 0.6079864805532269 0.002313954057894209 -124.96113142681126 69.691750826240579 0
369 0.99818271809374037 0.0023124536726591856 -133.27912833511078 66.955806361699942 0
370 0.99929356377278344 0.002319616656524936 -127.56705845400212 67.331832336121934 0
371 0.99995678028424928 0.0023136588543278772 -124.39984646746325 65.192517694114173 0
372 0.99995666731251354 0.0023076265365749543 -139.83469182764549 63.863740467204416 0
373 0.5058810297563463 0.0023059329973957139 -145.02091223610648 60.540032346041194 0
374 0.92028131367719113 0.0023131745769493098 -140.73295156818273 61.333821455977798 0
375 0.70582389068691975 0.0023072333893630298 -137.36097644491588 59.482093591256145 0
376 0.99995717393592032 0.0023349266280410798 -126.65061113622419 62.83093186584842 0
377 0.99995719624107504 0.0023361434166910542 -134.88156756338813 64.48302002090081 0
378 0.99995730800638039 0.0023422595742742195 -131.50917263149998 62.491227143338172 0
379 0.98889131831492838 0.0023365414557084082 -133.03872734655056 60.028999825192528 0
380 0.99995675803953132 0.0023124686004229217 -124.01444825941498 60.681198788961176 0
381 0.98585833715748938 0.0023108702718275757 -130.22740557448807 58.008268778316555 0
382 0.99995686174982978 0.0023180283340120999 -126.00431071212 58.324743060364995 0
383 0.99995674882114216 0.002311975708466682 -123.7376923219516 56.179191271165273 0
384 0.47688862601256826 0.0027595700109504101 -60.691889241627877 56.148622304398216 0
385 0.013880257201689339 0.0027604144968640331 -61.021932141903093 60.651486275191161 0
386 0.60114204591946985 0.0027689713462914706 -63.389363841335388 58.249501111134165 0
387 0.79849638692409153 0.0027604144968628348 -68.39129580403781 57.799338096450597 0
388 0.1297600829614918 0.0027624606832064875 -61.482371932006949 65.167658457267294 0
389 0.037820306923808708 0.0027629682584170887 -62.151470379899131 69.666576653070834 0
390 0.55073788248185829 0.002771702523847154 -65.249345346136053 67.259781165370597 0
391 0.70507007928804555 0.0027631371928060972 -71.988895015019494 66.726312048034785 0
392 0.8417632507137599 0.0027978366728392064 -71.698713054199018 59.725017012896984 0
393 0.24559265706198405 0.0027978366728379903 -64.159013345222348 62.758393033660788 0
394 0.44649665545399081 0.0028066817062158186 -69.905433050463131 62.27568605419259 0
395 0.51154318503449669 0.0027971517524084544 -73.859609124810575 64.16131220765628 0
396 0.70988744864644104 0.0027624606832016623 -76.733983438038749 58.954936829260944 0
397 0.25007875018130837 0.0027631371928024686 -79.589593294520341 63.292528362598645 0
398 0.10566117322930652 0.0027717025238423116 -80.615371834447231 60.649884451882528 0
399 0 0.0027629682584110605 -85.477495355669973 59.5490913660921 0
400 0.03265922506437223 0.0027629682584308815 -63.233123246080588 74.234962220061803 4
401 0.78717196582765026 0.0027624606832226759 -65.165047596857818 78.719057499068313 4
402 0.27837966982240087 0.0027717025238621989 -69.723595096765408 76.327461141787182 4
403 0.42911486688197381 0.0027631371928210943 -80.484184726523679 75.65459951293478 0
404 0.31727011998352422 0.002760414496887448 -69.672022270040173 83.187604292371944 4
405 0 0.0027595700109762106 -90 87.447056561625928 0
406 0 0.0027689713463161592 -90 84.888387231596582 0
407 0 0.0027604144968874475 -110.32797772995983 83.187604292371944 0
408 0.54065121983744302 0.0027971517524297365 -90 77.137084767865076 0
409 0.80086259874590426 0.0027978366728580672 -75.186577868055295 80.724706334932392 4
410 0.6595740838481734 0.0028066817062359639 -90 79.730424444842569 0
411 0.064078571424942332 0.0027978366728580672 -104.81342213194472 80.724706334932392 0
412 0.28860213979922822 0.0027631371928210943 -99.515815273476321 75.65459951293478 0
413 0.12094129092589397 0.0027624606832226777 -114.8349524031422 78.719057499068313 0
414 0.38239997560767286 0.0027717025238621989 -110.27640490323459 76.327461141787182 0
415 0.44108475765982219 0.0027629682584308815 -116.76687675391942 74.234962220061803 0
416 0.04715062258597838 0.0029090959566906564 -90 60.97035750352412 0
417 0.47298185076474442 0.0029092932875423847 -84.417541239444148 64.907581870625137 0
418 0.53608315063583911 0.0029190287814231308 -90 63.66428814132653 0
419 0.99503153154405166 0.0029092932875423847 -95.582458760555852 64.907581870625137 0
420 0.40837120053898529 0.002909293287538577 -76.984736177513525 68.583703482402541 0
421 0.086347421265975235 0.0029090959566843307 -66.920865685009218 71.807002639172154 0
422 0.75028729836764618 0.0029190287814180424 -75.236853825727962 71.23824015625992 0
423 0.56883594975657559 0.0029092932875373141 -81.929601287412254 73.028130451112474 0
424 0.79186187318076273 0.0029487633701736939 -96.217760989248319 67.610030930244136 0
425 0.63139820287955872 0.0029487633701736939 -83.782239010751695 67.610030930244136 0
426 0.59723495179993125 0.0029588323206155682 -90 69.094842551481847 0
427 0.564269031366195 0.0029487633701749641 -90 71.825301817952578 0
428 0.56183134050307992 0.002909293287538577 -103.01526382248647 68.583703482402541 0
429 0.47908534733580571 0.0029092932875373124 -98.070398712587746 73.028130451112474 0
430 0.57712534476305588 0.0029190287814180428 -104.76314617427204 71.23824015625992 0
431 0.75798209498981683 0.0029090959566843294 -113.07913431499077 71.807002639172154 0
432 0.56669582161083187 0.002762968258411061 -94.522504644330041 59.5490913660921 0
433 0.99996381056238792 0.0027631371928024655 -100.41040670547967 63.292528362598645 0
434 0.99996392239377097 0.0027717025238423116 -99.384628165552783 60.649884451882528 0
435 0.9999638017001371 0.0027624606832016623 -103.26601656196125 58.954936829260973 0
436 0.87668692163578621 0.0027631371928060968 -108.01110498498051 66.726312048034799 0
437 0.5613495217265787 0.0027629682584170874 -117.84852962010088 69.66657665307082 0
438 0.86468235538666449 0.002771702523847154 -114.75065465386396 67.259781165370597 0
439 0.99996380170013677 0.0027624606832064888 -118.51762806799304 65.167658457267279 0
440 0.99996425937692968 0.0027978366728392064 -108.30128694580098 59.725017012896984 0
441 0.99996425062566718 0.0027971517524084544 -106.14039087518942 64.16131220765628 0
442 0.99996437200663657 0.0028066817062158186 -110.09456694953687 62.27568605419259 0
443 0.99996425937692857 0.002797836672837989 -115.84098665477767 62.758393033660788 0
444 0.99996377486873789 0.0027604144968628348 -111.60870419596219 57.799338096450597 0
445 0.99996377486873789 0.0027604144968640331 -118.97806785809691 60.651486275191175 0
446 0.99996388680987447 0.0027689713462914706 -116.6106361586646 58.249501111134165 0
447 0.99996376378349416 0.0027595700109504114 -119.30811075837214 56.148622304398216 0
448 0.96436288856526953 0.0023119757085191938 -62.471522341448825 53.903016154528764 0
449 0.99995675803953243 0.0023124686004765095 -69.789976610544713 55.455374516451684 0
450 0.99995686174983056 0.0023180283340658238 -66.63361668815854 53.659939124749854 0
451 0.99995672813224046 0.0023108702718821297 -67.695711666485749 51.504960477143626 0
452 0.40321120929728971 0.0023136588543847046 -77.633905951501774 56.533656516328456 0
453 0.059086491185106803 0.0023139540579520997 -85.805177074849567 57.086315090714088 0
454 0.17497211720499123 0.0023196166565829742 -81.880548530697538 55.756306058452438 0
455 0.62535147314445294 0.0023124536727180491 -82.231692447962843 53.516019080471033 0
456 0.99995720353255257 0.0023365414557668814 -71.611935174002483 51.08132323962856 0
457 0.99995717393592154 0.0023349266281005219 -74.056024569536362 54.954230110576617 0
458 0.99995730800638138 0.0023422595743328467 -74.79392445621626 52.740124218060728 0
459 0.70021220422307384 0.0023361434167484467 -78.736828289182426 52.072345111497491 0
460 0.99801033564486963 0.0023072333894237347 -72.394387667891394 48.894131665585725 0
461 0.99883204486137644 0.0023076265366367235 -79.206366345554329 49.847634128152002 0
462 0.99995677123632709 0.0023131745770112282 -76.059662225135838 48.322632804886396 0
463 0.99995663548608871 0.0023059329974584324 -76.608037344785743 46.125370272635521 0
464 0.84269447583906953 0.0023139540579521002 -94.194822925150447 57.086315090714088 0
465 0.99995678028425028 0.0023136588543847046 -102.36609404849824 56.533656516328456 0
466 0.99995689128682408 0.0023196166565829725 -98.119451469302462 55.756306058452438 0
467 0.99995675776040238 0.0023124536727180487 -97.768307552037157 53.516019080471033 0
468 0.99995675803953288 0.002312468600476509 -110.21002338945529 55.455374516451684 0
469 0.99995674882114316 0.0023119757085191938 -117.52847765855117 53.903016154528764 0
470 0.99995686174983056 0.0023180283340658238 -113.36638331184147 53.659939124749854 0
471 0.99995672813224046 0.0023108702718821297 -112.30428833351425 51.504960477143619 0
472 0.99995719624107549 0.0023361434167484467 -101.26317171081756 52.072345111497491 0
473 0.99995717393592154 0.0023349266281005219 -105.94397543046364 54.95423011057661 0
474 0.99995730800638138 0.0023422595743328467 -105.20607554378375 52.740124218060728 0
475 0.99995720353255102 0.0023365414557668831 -108.38806482599752 51.08132323962856 0
476 0.99995666730940236 0.0023076265366367235 -100.79363365444569 49.847634128152016 0
477 0.99995665992594251 0.0023072333894237347 -107.60561233210862 48.894131665585739 0
478 0.99995677123632654 0.0023131745770112277 -103.94033777486416 48.322632804886396 0
479 0.99995663548608782 0.0023059329974584328 -103.39196265521427 46.125370272635521 0
480 0.99995846942283273 0.0024077644410895284 -80.088194734682503 45.378486678185197 0
481 0.99995844267678735 0.0024062147543666692 -82.898480907873648 49.01682193508983 0
482 0.99995857802631394 0.0024140775660272235 -83.220220906213513 46.748576210622382 0
483 0.99995847134818017 0.0024078760789306521 -86.676192125137973 45.753561260013306 0
484 0.99995835586418003 0.0024011984789079161 -86.164451329196055 52.584274876090362 0
485 0.84015220740142016 0.0023994306654389914 -90 56.03122078117196 0
486 0.99995846283738943 0.0024073826905572134 -90 53.775091460741599 0
487 0.99995835586418003 0.0024011984789079161 -93.835548670803945 52.584274876090362 0
488 0.99995887103718817 0.0024312766548183727 -90 46.941761521158817 0
489 0.99995889941047789 0.0024329551255178618 -86.350703643171443 50.314327045059976 0
490 0.99995900689438078 0.0024393345964668625 -90 49.227717647695741 0
491 0.999958899410475 0.0024329551255178631 -93.649296356828557 50.314327045059976 0
492 0.99995847134825233 0.0024078760789306508 -93.323807874862027 45.753561260013299 0
493 0.99995844267662504 0.002406214754366671 -97.101519092126352 49.016821935089823 0
494 0.99995857802615384 0.0024140775660272239 -96.779779093786487 46.748576210622382 0
495 0.99995846942282485 0.0024077644410895266 -99.911805265317497 45.378486678185197 0
496 0.99995629111440765 0.0022877643326352924 -80.458851307127659 43.171005122755709 0
497 0.99995629294306898 0.0022878600463082854 -86.802278560891708 43.531903186337679 0
498 0.99995639776387291 0.0022933603555004237 -83.722189546395953 42.314612092907055 0
499 0.99995625531530485 0.0022858920169436564 -83.914195707049103 40.154482871753025 0
500 0.99995629294306898 0.0022878600463082854 -93.197721439108307 43.531903186337679 0
501 0.9999562911145683 0.0022877643326352929 -99.541148692872355 43.171005122755709 0
502 0.99995639776385936 0.0022933603555004237 -96.277810453604062 42.314612092907062 0
503 0.9999562553153043 0.0022858920169436564 -96.085804292950911 40.154482871753018 0
504 0.99995671352686633 0.0023100905227926489 -86.996065939257804 39.195843240849079 0
505 0.99995667626431983 0.0023081035385407603 -90 42.493269307028129 0
506 0.99995681914993673 0.002315741393849944 -90 40.321221570533702 0
507 0.99995671352686522 0.0023100905227926502 -93.00393406074221 39.195843240849072 0
508 0.99995614137205535 0.0022799530861573724 -87.083717214867193 37.037286252595024 0
509 0.99995614137205535 0.0022799530861573724 -92.916282785132807 37.037286252595024 0
510 0.99995624655475601 0.0022854343034622096 -90 36.000370382065931 0
511 0.99995610178057737 0.0022778967232447286 -90 33.856649685033261 0
512 0 0.0022778967231497802 2.5141792127633353 -59.989539778400648 0
513 0 0.002279953086063291 2.8668518426618537 -63.955554572251373 0
514 0 0.0022854343033679005 5.303575239369958 -61.647078764212274 0
515 0 0.0022799530860643153 10.369315578386654 -60.850777530456241 0
516 0 0.0022858920168522521 3.3595160228311918 -67.931518204494878 0
517 0.88650136277601854 0.002287764332544791 4.0658435036961462 -71.893660633369691 0
518 0.13717692637642354 0.0022933603554096947 7.2513072603031024 -69.575141257124784 0
519 0.039834178579434498 0.0022878600462188014 14.011195505334127 -68.692764709995828 0
520 0 0.0023100905227012442 13.665492200831455 -62.336501292909148 0
521 0 0.0023100905227022828 6.1140302146405414 -65.614724713872008 0
522 0 0.0023157413937583103 11.911341877780142 -64.783819877625447 0
523 0 0.0023081035384484613 15.822154235027261 -66.230198416425253 0
524 0 0.0022858920168563799 18.558536236273468 -61.24157344224929 0
525 0 0.0022878600462219044 21.323676775360738 -65.046605184843642 0
526 0 0.002293360355413832 22.269811236816043 -62.518117662572912 0
527 0 0.0022877643325499501 26.797834620475673 -61.136034849311969 0
528 0.99995663548608649 0.002305932997378714 5.2341552167426073 -75.908934199923806 0
529 0.99995665992592886 0.0023072333893449921 7.2491471618791996 -79.85650602979311 0
530 0.99995677123632576 0.0023131745769322601 11.879840887912813 -77.536226923421268 0
531 0.99995666730939925 0.0023076265365589862 22.345400397688508 -76.502743573867463 0
532 0.99995672813223957 0.002310870271806376 11.867299906399847 -83.786481785048764 0
533 0.99995674882114227 0.0023119757084444385 31.159167131162008 -87.533355703730876 0
534 0.99995686174982912 0.0023180283339908391 31.150383702865554 -85.062492050380854 0
535 0.99995675803953132 0.0023124686004027421 48.73345697545912 -83.205864073879241 0
536 0.99995719624107449 0.0023361434166727863 31.108006881147066 -77.595416321811598 0
537 0.99995720353255102 0.0023365414556922337 17.30277182291395 -81.399580420603257 0
538 0.99995730800637972 0.0023422595742569529 31.12169944105786 -80.091424864652282 0
539 0.99995717393591965 0.0023349266280238675 44.057020546953993 -80.805441594890539 0
540 0.99995675776040105 0.0023124536726463149 39.495365316351098 -75.900656104955758 0
541 0.99995678028424895 0.0023136588543139656 52.517180055482086 -78.727999946006364 0
542 0.99995689128682197 0.0023196166565120249 48.682000025332314 -76.378172682467138 0
543 0.99995678579778235 0.0023139540578823725 54.136479116647642 -74.239161445053767 0
544 0 0.0024077644410113916 30.93230064127248 -62.181808735629296 0
545 0 0.0024078760788535879 25.858393298381813 -66.251283149522209 0
546 0 0.0024140775659488483 30.947618896844716 -64.750521539341619 0
547 0 0.0024062147542875359 35.936311900516216 -65.65458413097565 0
548 0.40040144828289626 0.0024078760788568527 18.894261241633046 -70.105830990928396 0
549 0.99995846942282263 0.0024077644410168127 8.9986409019311395 -73.568533221702992 0
550 0.99995857802615262 0.0024140775659532029 17.249936185805993 -72.640610716169746 0
551 0.99995844267678557 0.0024062147542918736 23.665824622965264 -73.984445002095086 0
552 0.10845826620099294 0.0024329551254398743 36.51976143880772 -68.227950080084256 0
553 0.03916640461272794 0.0024312766547383009 25.297954264860724 -68.825894299884993 0
554 0.47713324572942267 0.0024393345963875409 31.001620622187172 -69.918419686763457 0
555 0.999958899410476 0.0024329551254387797 31.045809743882927 -72.513303657467986 0
556 0.67749011072598564 0.0024011984788258026 42.444924184008428 -68.926015802925335 0
557 0.99995835586417869 0.0024011984788268798 38.213985977290022 -73.38267018835009 0
558 0.99995846283738798 0.0024073826904748596 43.971241324951464 -71.462366632764159 0
559 0.99995832518356953 0.0023994306653559033 51.032345251318702 -71.864385696759555 0
560 0 0.0023059329973957139 34.979087763893524 -60.540032346041194 0
561 0 0.0023076265365749543 40.165308172354514 -63.863740467204401 0
562 0 0.0023131745769493098 39.267048431817294 -61.333821455977791 0
563 0 0.0023072333893630302 42.639023555084115 -59.482093591256145 0
564 0.26441563606729596 0.0023124536726591856 46.720871664889238 -66.955806361699928 0
565 0.99995678579778202 0.002313954057894209 55.038868573188765 -69.691750826240579 0
566 0.84597150716127401 0.002319616656524936 52.432941545997885 -67.331832336121934 0
567 0.11348102562594134 0.0023136588543278772 55.600153532536758 -65.192517694114173 0
568 0 0.0023365414557084095 46.961272653449456 -60.028999825192535 0
569 0 0.0023361434166910555 45.118432436611876 -64.483020020900824 0
570 0 0.0023422595742742195 48.490827368500007 -62.491227143338172 0
571 0 0.0023349266280410794 53.349388863775836 -62.83093186584842 0
572 0 0.0023108702718275757 49.772594425511912 -58.008268778316541 0
573 0 0.0023124686004229221 55.985551740585045 -60.68119878896119 0
574 0 0.0023180283340121003 53.995689287879998 -58.324743060364995 0
575 0 0.002311975708466682 56.262307678048415 -56.179191271165273 0
576 0.99995674882114172 0.0023119757084444385 148.84083286883802 -87.533355703730876 0
577 0.71658645550115319 0.002310870271806376 168.13270009360016 -83.786481785048764 0
578 0.99995686174982912 0.0023180283339908391 148.84961629713445 -85.062492050380854 0
579 0.99995675803953188 0.0023124686004027421 131.26654302454088 -83.205864073879241 0
580 0.0058103636439733111 0.0023072333893449926 172.75085283812081 -79.85650602979311 0
581 0 0.002305932997378714 174.76584478325742 -75.908934199923792 0
582 0.17833476671971632 0.0023131745769322601 168.12015911208718 -77.536226923421253 0
583 0.91661677499574479 0.0023076265365589862 157.65459960231149 -76.502743573867463 0
584 0.99995717393592076 0.0023349266280238662 135.94297945304601 -80.805441594890539 0
585 0.44013532152251339 0.002336541455692235 162.69722817708603 -81.399580420603257 0
586 0.99995730800638005 0.0023422595742569521 148.87830055894216 -80.091424864652282 0
587 0.99995719624107338 0.0023361434166727876 148.89199311885295 -77.595416321811598 0
588 0.99995678028424895 0.0023136588543139656 127.48281994451791 -78.727999946006349 0
589 0.99995675776039972 0.0023124536726463149 140.5046346836489 -75.900656104955758 0
590 0.99995689128682197 0.0023196166565120249 131.31799997466771 -76.378172682467138 0
591 0.99995678579778291 0.0023139540578823725 125.86352088335238 -74.239161445053767 0
592 0.013206513889413726 0.002287764332544791 175.93415649630384 -71.893660633369691 0
593 0 0.0022858920168522521 176.64048397716883 -67.931518204494878 0
594 0 0.0022933603554096947 172.74869273969691 -69.57514125712477 0
595 0.0033513090042742006 0.0022878600462188014 165.98880449466589 -68.692764709995828 0
596 0 0.002279953086063291 177.13314815733816 -63.955554572251373 0
597 0 0.0022778967231497802 177.48582078723669 -59.989539778400648 0
598 0 0.0022854343033678988 174.69642476063004 -61.647078764212274 0
599 0 0.0022799530860643153 169.63068442161335 -60.850777530456241 0
600 0.0050481604893291895 0.0023081035384484613 164.17784576497274 -66.230198416425267 0
601 0 0.0023100905227022828 173.88596978535946 -65.614724713872008 0
602 0 0.0023157413937583103 168.08865812221987 -64.783819877625447 0
603 0 0.0023100905227012429 166.33450779916856 -62.336501292909162 0
604 0 0.0022878600462219044 158.67632322463925 -65.046605184843642 0
605 0 0.0022858920168563799 161.44146376372657 -61.24157344224929 0
606 0 0.0022933603554138307 157.73018876318395 -62.518117662572912 0
607 0 0.0022877643325499501 153.2021653795243 -61.136034849311969 0
608 0.99995832518356809 0.0023994306653559051 128.9676547486813 -71.864385696759555 0
609 0.99995835586417869 0.0024011984788268798 141.78601402270996 -73.38267018835009 0
610 0.99995846283738798 0.0024073826904748596 136.02875867504855 -71.462366632764159 0
611 0.99801017883603071 0.0024011984788258026 137.55507581599156 -68.926015802925335 0
612 0.97255198293834788 0.0024062147542918736 156.33417537703474 -73.984445002095086 0
613 0.17483926940221881 0.0024077644410168127 171.00135909806886 -73.568533221702992 0
614 0.94252436069649925 0.0024140775659532029 162.75006381419402 -72.640610716169746 0
615 0.52026290564775202 0.0024078760788568514 161.10573875836695 -70.105830990928396 0
616 0.81120302650741305 0.0024329551254398743 143.48023856119229 -68.227950080084256 0
617 0.999958899410476 0.0024329551254387797 148.95419025611707 -72.513303657467986 0
618 0.91903671081559657 0.0024393345963875409 148.99837937781285 -69.918419686763457 0
619 0.42417679968833405 0.0024312766547383009 154.70204573513928 -68.825894299884993 0
620 0.0012786207557542915 0.0024062147542875359 144.06368809948378 -65.65458413097565 0
621 0 0.0024078760788535879 154.1416067016182 -66.251283149522195 0
622 0 0.002414077565948847 149.05238110315531 -64.750521539341619 0
623 0 0.0024077644410113916 149.06769935872751 -62.181808735629296 0
624 0.99995678579778202 0.002313954057894209 124.96113142681126 -69.691750826240579 0
625 0.74070799172839086 0.0023124536726591856 133.27912833511078 -66.955806361699942 0
626 0.72597495193793105 0.002319616656524936 127.56705845400212 -67.331832336121934 0
627 0.050348247723018949 0.0023136588543278772 124.39984646746325 -65.192517694114173 0
628 0 0.0023076265365749543 139.83469182764549 -63.863740467204416 0
629 0 0.0023059329973957139 145.02091223610648 -60.540032346041194 0
630 0 0.0023131745769493098 140.73295156818273 -61.333821455977798 0
631 0 0.0023072333893630298 137.36097644491588 -59.482093591256145 0
632 0 0.0023349266280410798 126.65061113622419 -62.83093186584842 0
633 0 0.0023361434166910542 134.88156756338813 -64.48302002090081 0
634 0 0.0023422595742742195 131.50917263149998 -62.491227143338172 0
635 0 0.0023365414557084082 133.03872734655056 -60.028999825192528 0
636 0 0.0023124686004229217 124.01444825941498 -60.681198788961176 0
637 0 0.0023108702718275757 130.22740557448807 -58.008268778316555 0
638 0 0.0023180283340120999 126.00431071212 -58.324743060364995 0
639 0 0.002311975708466682 123.7376923219516 -56.179191271165273 0
640 0 0.0027595700109504101 60.691889241627877 -56.148622304398216 0
641 0 0.0027604144968640331 61.021932141903093 -60.651486275191161 0
642 0 0.0027689713462914706 63.389363841335388 -58.249501111134165 0
643 0 0.0027604144968628348 68.39129580403781 -57.799338096450597 0
644 0.0066870483734232248 0.0027624606832064875 61.482371932006949 -65.167658457267294 0
645 0.99753864744067389 0.0027629682584170887 62.151470379899131 -69.666576653070834 0
646 0.3648321431636497 0.002771702523847154 65.249345346136053 -67.259781165370597 0
647 0.022545569391203786 0.0027631371928060972 71.988895015019494 -66.726312048034785 0
648 0 0.0027978366728392064 71.698713054199018 -59.725017012896984 0
649 0 0.0027978366728379903 64.159013345222348 -62.758393033660788 0
650 0 0.0028066817062158186 69.905433050463131 -62.27568605419259 0
651 0 0.0027971517524084544 73.859609124810575 -64.16131220765628 0
652 0 0.0027624606832016623 76.733983438038749 -58.954936829260944 0
653 0 0.0027631371928024686 79.589593294520341 -63.292528362598645 0
654 0 0.0027717025238423116 80.615371834447231 -60.649884451882528 0
655 0 0.0027629682584110605 85.477495355669973 -59.5490913660921 0
656 0.99996303032132161 0.0027629682584308815 63.233123246080588 -74.234962220061803 0
657 0.99996380170013788 0.0027624606832226759 65.165047596857818 -78.719057499068313 0
658 0.99996392239377119 0.0027717025238621989 69.723595096765408 -76.327461141787182 0
659 0.99996381056238692 0.0027631371928210943 80.484184726523679 -75.65459951293478 0
660 0.999963774868738 0.002760414496887448 69.672022270040173 -83.187604292371944 0
661 0.99996376378349505 0.0027595700109762106 90 -87.447056561625928 0
662 0.99996388680987536 0.0027689713463161592 90 -84.888387231596582 0
663 0.99996377486873833 0.0027604144968874475 110.32797772995983 -83.187604292371944 0
664 0.99996425062566752 0.0027971517524297365 90 -77.137084767865076 0
665 0.99996425937692945 0.0027978366728580672 75.186577868055295 -80.724706334932392 0
666 0.9999643720066369 0.0028066817062359639 90 -79.730424444842569 0
667 0.99996425937692968 0.0027978366728580672 104.81342213194472 -80.724706334932392 0
668 0.9999638105623867 0.0027631371928210943 99.515815273476321 -75.65459951293478 0
669 0.99996380170013677 0.0027624606832226777 114.8349524031422 -78.719057499068313 0
670 0.99996392239377119 0.0027717025238621989 110.27640490323459 -76.327461141787182 0
671 0.99996380834975951 0.0027629682584308815 116.76687675391942 -74.234962220061803 0
672 0 0.0029090959566906564 90 -60.97035750352412 0
673 0 0.0029092932875423847 84.417541239444148 -64.907581870625137 0
674 0 0.0029190287814231308 90 -63.66428814132653 0
675 0.014605695153630039 0.0029092932875423847 95.582458760555852 -64.907581870625137 0
676 0.31596583865405947 0.002909293287538577 76.984736177513525 -68.583703482402541 0
677 0.75102779632646077 0.0029090959566843307 66.920865685009218 -71.807002639172154 0
678 0.85777535279197137 0.0029190287814180424 75.236853825727962 -71.23824015625992 0
679 0.99996562857265525 0.0029092932875373141 81.929601287412254 -73.028130451112474 0
680 0.84251123754375179 0.0029487633701736939 96.217760989248319 -67.610030930244136 0
681 0.54582332592191041 0.0029487633701736939 83.782239010751695 -67.610030930244136 0
682 0.98857376027655397 0.0029588323206155682 90 -69.094842551481847 0
683 0.99996608862892411 0.0029487633701749641 90 -71.825301817952578 0
684 0.99985175718237462 0.002909293287538577 103.01526382248647 -68.583703482402541 0
685 0.99996562857265603 0.0029092932875373124 98.070398712587746 -73.028130451112474 0
686 0.99996574320371379 0.0029190287814180428 104.76314617427204 -71.23824015625992 0
687 0.99996562624124086 0.0029090959566843294 113.07913431499077 -71.807002639172154 0
688 0 0.002762968258411061 94.522504644330041 -59.5490913660921 0
689 0.0045376459969544702 0.0027631371928024655 100.41040670547967 -63.292528362598645 0
690 0 0.0027717025238423116 99.384628165552783 -60.649884451882528 0
691 0 0.0027624606832016623 103.26601656196125 -58.954936829260973 0
692 0.59095833279804322 0.0027631371928060968 108.01110498498051 -66.726312048034799 0
693 0.99996380834975973 0.0027629682584170874 117.84852962010088 -69.66657665307082 0
694 0.72655667806329582 0.002771702523847154 114.75065465386396 -67.259781165370597 0
695 0.014704560986526571 0.0027624606832064888 118.51762806799304 -65.167658457267279 0
696 0 0.0027978366728392064 108.30128694580098 -59.725017012896984 0
697 0.0033873031671257745 0.0027971517524084544 106.14039087518942 -64.16131220765628 0
698 0 0.0028066817062158186 110.09456694953687 -62.27568605419259 0
699 0 0.002797836672837989 115.84098665477767 -62.758393033660788 0
700 0 0.0027604144968628348 111.60870419596219 -57.799338096450597 0
701 0 0.0027604144968640331 118.97806785809691 -60.651486275191175 0
702 0 0.0027689713462914706 116.6106361586646 -58.249501111134165 0
703 0 0.0027595700109504114 119.30811075837214 -56.148622304398216 0
704 0 0.0023119757085191938 62.471522341448825 -53.903016154528764 0
705 0 0.0023124686004765095 69.789976610544713 -55.455374516451684 0
706 0 0.0023180283340658238 66.63361668815854 -53.659939124749854 0
707 0.00036333701486634067 0.0023108702718821297 67.695711666485749 -51.504960477143626 0
708 0 0.0023136588543847046 77.633905951501774 -56.533656516328456 0
709 0 0.0023139540579520997 85.805177074849567 -57.086315090714088 0
710 0 0.0023196166565829742 81.880548530697538 -55.756306058452438 0
711 0 0.0023124536727180491 82.231692447962843 -53.516019080471033 0
712 0.014884041455667619 0.0023365414557668814 71.611935174002483 -51.08132323962856 0
713 0 0.0023349266281005219 74.056024569536362 -54.954230110576617 0
714 0.0041361573115154104 0.0023422595743328467 74.79392445621626 -52.740124218060728 0
715 0 0.0023361434167484467 78.736828289182426 -52.072345111497491 0
716 0.045865993221592509 0.0023072333894237347 72.394387667891394 -48.894131665585725 0
717 0 0.0023076265366367235 79.206366345554329 -49.847634128152002 0
718 0 0.0023131745770112282 76.059662225135838 -48.322632804886396 0
719 0 0.0023059329974584324 76.608037344785743 -46.125370272635521 0
720 0 0.0023139540579521002 94.194822925150447 -57.086315090714088 0
721 0 0.0023136588543847046 102.36609404849824 -56.533656516328456 0
722 0 0.0023196166565829725 98.119451469302462 -55.756306058452438 0
723 0 0.0023124536727180487 97.768307552037157 -53.516019080471033 0
724 0 0.002312468600476509 110.21002338945529 -55.455374516451684 0
725 0 0.0023119757085191938 117.52847765855117 -53.903016154528764 0
726 0 0.0023180283340658238 113.36638331184147 -53.659939124749854 0
727 0 0.0023108702718821297 112.30428833351425 -51.504960477143619 0
728 0 0.0023361434167484467 101.26317171081756 -52.072345111497491 0
729 0 0.0023349266281005219 105.94397543046364 -54.95423011057661 0
730 0 0.0023422595743328467 105.20607554378375 -52.740124218060728 0
731 0 0.0023365414557668831 108.38806482599752 -51.08132323962856 0
732 0 0.0023076265366367235 100.79363365444569 -49.847634128152016 0
733 0 0.0023072333894237347 107.60561233210862 -48.894131665585739 0
734 0 0.0023131745770112277 103.94033777486416 -48.322632804886396 0
735 0 0.0023059329974584328 103.39196265521427 -46.125370272635521 0
736 0 0.0024077644410895284 80.088194734682503 -45.378486678185197 0
737 0 0.0024062147543666692 82.898480907873648 -49.01682193508983 0
738 0 0.0024140775660272235 83.220220906213513 -46.748576210622382 0
739 0 0.0024078760789306521 86.676192125137973 -45.753561260013306 0
740 0 0.0024011984789079161 86.164451329196055 -52.584274876090362 0
741 0 0.0023994306654389914 90 -56.03122078117196 0
742 0 0.0024073826905572134 90 -53.775091460741599 0
743 0 0.0024011984789079161 93.835548670803945 -52.584274876090362 0
744 0 0.0024312766548183727 90 -46.941761521158817 0
745 0 0.0024329551255178618 86.350703643171443 -50.314327045059976 0
746 0 0.0024393345964668625 90 -49.227717647695741 0
747 0 0.0024329551255178631 93.649296356828557 -50.314327045059976 0
748 0 0.0024078760789306508 93.323807874862027 -45.753561260013299 0
749 0 0.002406214754366671 97.101519092126352 -49.016821935089823 0
750 0 0.0024140775660272239 96.779779093786487 -46.748576210622382 0
751 0 0.0024077644410895266 99.911805265317497 -45.378486678185197 0
752 0 0.0022877643326352924 80.458851307127659 -43.171005122755709 0
753 0 0.0022878600463082854 86.802278560891708 -43.531903186337679 0
754 0 0.0022933603555004237 83.722189546395953 -42.314612092907055 0
755 0 0.0022858920169436564 83.914195707049103 -40.154482871753025 0
756 0 0.0022878600463082854 93.197721439108307 -43.531903186337679 0
757 0 0.0022877643326352929 99.541148692872355 -43.171005122755709 0
758 0 0.0022933603555004237 96.277810453604062 -42.314612092907062 0
759 0 0.0022858920169436564 96.085804292950911 -40.154482871753018 0
760 0 0.0023100905227926489 86.996065939257804 -39.195843240849079 0
761 0 0.0023081035385407603 90 -42.493269307028129 0
762 0 0.002315741393849944 90 -40.321221570533702 0
763 0 0.0023100905227926502 93.00393406074221 -39.195843240849072 0
764 0 0.0022799530861573724 87.083717214867193 -37.037286252595024 0
765 0 0.0022799530861573724 92.916282785132807 -37.037286252595024 0
766 0 0.0022854343034622096 90 -36.000370382065931 0
767 0 0.0022778967232447286 90 -33.856649685033261 0
768 0 0.0022778967231497789 -2.5141792127633353 -59.989539778400648 0
769 0 0.0022799530860643153 -10.369315578386654 -60.850777530456241 0
770 0 0.0022854343033679005 -5.3035752393699616 -61.647078764212274 0
771 0 0.0022799530860632897 -2.8668518426618537 -63.955554572251373 0
772 0 0.0022858920168563794 -18.558536236273468 -61.24157344224929 0
773 0 0.0022877643325499488 -26.797834620475673 -61.136034849311969 0
774 0 0.002293360355413832 -22.269811236816032 -62.518117662572898 0
775 0 0.0022878600462219057 -21.323676775360738 -65.046605184843642 0
776 0 0.0023100905227022828 -6.1140302146405423 -65.614724713872022 0
777 0 0.0023100905227012442 -13.665492200831459 -62.336501292909162 0
778 0 0.0023157413937583103 -11.911341877780146 -64.783819877625447 0
779 0 0.0023081035384484613 -15.822154235027252 -66.230198416425253 0
780 0 0.0022858920168522521 -3.3595160228311918 -67.931518204494878 0
781 0 0.0022878600462188014 -14.011195505334127 -68.692764709995828 0
782 0.015989587843851332 0.0022933603554096947 -7.2513072603031024 -69.575141257124784 0
783 0.72111982125738616 0.0022877643325447928 -4.0658435036961462 -71.893660633369691 0
784 0 0.0023059329973957139 -34.979087763893524 -60.540032346041194 0
785 0 0.0023072333893630298 -42.639023555084115 -59.482093591256145 0
786 0 0.0023131745769493098 -39.26704843181728 -61.333821455977791 0
787 0 0.0023076265365749543 -40.165308172354514 -63.863740467204401 0
788 0 0.0023108702718275757 -49.772594425511912 -58.008268778316541 0
789 0 0.002311975708466682 -56.262307678048415 -56.179191271165273 0
790 0 0.0023180283340121003 -53.995689287880005 -58.324743060364995 0
791 0.010897704114921825 0.0023124686004229208 -55.985551740585045 -60.68119878896119 0
792 0 0.002336143416691056 -45.118432436611876 -64.483020020900824 0
793 0.0052988065500718341 0.0023365414557084095 -46.961272653449456 -60.028999825192528 0
794 0 0.0023422595742742195 -48.4908273685 -62.491227143338172 0
795 0.024790906086399341 0.0023349266280410794 -53.349388863775843 -62.83093186584842 0
796 0 0.0023124536726591856 -46.720871664889238 -66.955806361699928 0
797 0.05236260539451093 0.0023136588543278772 -55.600153532536758 -65.192517694114173 0
798 0 0.002319616656524936 -52.432941545997878 -67.331832336121948 0
799 0 0.0023139540578942077 -55.038868573188765 -69.691750826240579 0
800 0.95174741318838862 0.0024077644410168122 -8.9986409019311395 -73.568533221702992 0
801 0 0.0024078760788568531 -18.894261241633046 -70.105830990928396 0
802 0.15854339308241272 0.0024140775659532029 -17.249936185805993 -72.640610716169746 0
803 0.065188877265910175 0.0024062147542918736 -23.665824622965268 -73.984445002095086 0
804 0 0.0024078760788535879 -25.858393298381813 -66.251283149522209 0
805 0 0.0024077644410113912 -30.932300641272494 -62.181808735629296 0
806 0 0.0024140775659488465 -30.947618896844716 -64.750521539341619 0
807 0 0.0024062147542875359 -35.936311900516223 -65.65458413097565 0
808 0 0.0024329551254387797 -31.04580974388292 -72.513303657467986 0
809 0 0.0024312766547383009 -25.297954264860717 -68.825894299884993 0
810 0 0.0024393345963875409 -31.001620622187172 -69.918419686763457 0
811 0 0.0024329551254398743 -36.51976143880772 -68.227950080084256 0
812 0 0.0024011984788268798 -38.213985977290022 -73.38267018835009 0
813 0 0.0024011984788258026 -42.444924184008428 -68.926015802925335 0
814 0 0.0024073826904748596 -43.971241324951464 -71.462366632764159 0
815 0 0.0023994306653559033 -51.032345251318695 -71.864385696759555 0
816 0.99995663548608649 0.002305932997378714 -5.2341552167426073 -75.908934199923806 0
817 0.77108040764891561 0.0023076265365589857 -22.345400397688508 -76.502743573867463 0
818 0.99995677123632576 0.0023131745769322601 -11.879840887912808 -77.536226923421268 0
819 0.99995665992592997 0.0023072333893449895 -7.2491471618791996 -79.85650602979311 0
820 0 0.0023124536726463136 -39.495365316351098 -75.900656104955758 0
821 0 0.0023139540578823738 -54.136479116647642 -74.239161445053767 0
822 0.011673373287457794 0.0023196166565120249 -48.682000025332314 -76.378172682467138 0
823 0.25621175599231205 0.0023136588543139656 -52.517180055482086 -78.727999946006364 0
824 0.99995720353255102 0.0023365414556922337 -17.302771822913954 -81.399580420603257 0
825 0.6090085938998443 0.0023361434166727863 -31.108006881147059 -77.595416321811598 0
826 0.5988836534896913 0.0023422595742569521 -31.121699441057853 -80.091424864652282 0
827 0.42386124621972116 0.0023349266280238675 -44.057020546953993 -80.805441594890539 0
828 0.99995672813223957 0.002310870271806376 -11.867299906399847 -83.786481785048764 0
829 0.83320019315345628 0.0023124686004027434 -48.73345697545912 -83.205864073879241 0
830 0.99995686174982912 0.0023180283339908391 -31.150383702865547 -85.062492050380854 0
831 0.99995674882114249 0.0023119757084444385 -31.159167131162008 -87.533355703730876 0
832 0.005296318761945455 0.0023119757085191938 -62.471522341448825 -53.903016154528764 16
833 0.23534973887513591 0.0023108702718821284 -67.695711666485749 -51.504960477143626 48
834 0.30100138974332064 0.0023180283340658238 -66.63361668815854 -53.659939124749862 48
835 0.25722139379757553 0.0023124686004765095 -69.789976610544713 -55.455374516451684 48
836 0.94601009545210024 0.0023072333894237347 -72.394387667891394 -48.894131665585725 48
837 0.12787658657621515 0.0023059329974584324 -76.608037344785743 -46.125370272635521 32
838 0.22546066370595497 0.0023131745770112277 -76.059662225135838 -48.322632804886396 32
839 0 0.0023076265366367235 -79.206366345554329 -49.847634128152002 0
840 0.089788893088155269 0.0023349266281005219 -74.056024569536376 -54.954230110576617 32
841 0.92257480646930634 0.0023365414557668814 -71.611935174002483 -51.08132323962856 48
842 0.22823675548806716 0.0023422595743328467 -74.793924456216246 -52.740124218060728 32
843 0 0.0023361434167484471 -78.736828289182426 -52.072345111497491 0
844 0 0.0023136588543847046 -77.633905951501774 -56.533656516328456 0
845 0 0.0023124536727180504 -82.231692447962843 -53.516019080471033 0
846 0 0.0023196166565829742 -81.880548530697538 -55.756306058452438 0
847 0 0.0023139540579521028 -85.805177074849567 -57.086315090714088 0
848 0 0.0022877643326352942 -80.458851307127659 -43.171005122755709 0
849 0 0.0022858920169436582 -83.914195707049103 -40.154482871753025 0
850 0 0.0022933603555004237 -83.722189546395953 -42.314612092907055 0
851 0 0.0022878600463082854 -86.802278560891708 -43.531903186337679 0
852 0 0.0022799530861573724 -87.083717214867193 -37.037286252595024 0
853 0 0.0022778967232447273 -90 -33.856649685033261 0
854 0 0.0022854343034622096 -90 -36.000370382065924 0
855 0 0.0022799530861573724 -92.916282785132807 -37.037286252595024 0
856 0 0.0023081035385407603 -90 -42.493269307028129 0
857 0 0.0023100905227926489 -86.996065939257804 -39.195843240849072 0
858 0 0.0023157413938499458 -90 -40.321221570533702 0
859 0 0.0023100905227926502 -93.00393406074221 -39.195843240849072 0
860 0 0.0022878600463082854 -93.197721439108307 -43.531903186337679 0
861 0 0.0022858920169436595 -96.085804292950911 -40.154482871753018 0
862 0 0.0022933603555004242 -96.277810453604062 -42.314612092907055 0
863 0 0.0022877643326352929 -99.541148692872355 -43.171005122755709 0
864 0 0.0023994306654389914 -90 -56.031220781171967 0
865 0 0.0024011984789079161 -86.164451329196055 -52.584274876090362 0
866 0 0.0024073826905572134 -90 -53.775091460741599 0
867 0 0.0024011984789079161 -93.835548670803945 -52.584274876090362 0
868 0 0.0024062147543666692 -82.898480907873648 -49.01682193508983 0
869 0 0.0024077644410895284 -80.088194734682503 -45.378486678185197 0
870 0 0.0024140775660272239 -83.220220906213513 -46.748576210622382 0
871 0 0.0024078760789306521 -86.676192125137973 -45.753561260013306 0
872 0 0.0024329551255178631 -93.649296356828557 -50.314327045059983 0
873 0 0.0024329551255178631 -86.350703643171443 -50.314327045059976 0
874 0 0.002439334596466862 -90 -49.227717647695741 0
875 0 0.0024312766548183727 -90 -46.941761521158817 0
876 0 0.0024062147543666705 -97.101519092126352 -49.01682193508983 0
877 0 0.0024078760789306508 -93.323807874862027 -45.753561260013306 0
878 0 0.0024140775660272239 -96.779779093786487 -46.748576210622382 0
879 0 0.0024077644410895266 -99.911805265317497 -45.378486678185197 0
880 0 0.0023139540579521015 -94.194822925150447 -57.086315090714088 0
881 0 0.0023124536727180509 -97.768307552037157 -53.516019080471033 0
882 0 0.0023196166565829725 -98.119451469302476 -55.756306058452438 0
883 0 0.0023136588543847046 -102.36609404849824 -56.533656516328456 0
884 0 0.0023076265366367235 -100.79363365444569 -49.847634128152016 0
885 0 0.0023059329974584341 -103.39196265521427 -46.125370272635521 0
886 0 0.0023131745770112277 -103.94033777486416 -48.322632804886396 0
887 0 0.0023072333894237347 -107.60561233210862 -48.894131665585739 0
888 0 0.0023349266281005219 -105.94397543046364 -54.954230110576617 0
889 0 0.0023361434167484471 -101.26317171081757 -52.072345111497491 0
890 0 0.0023422595743328467 -105.20607554378375 -52.740124218060721 0
891 0 0.0023365414557668831 -108.38806482599752 -51.08132323962856 0
892 0 0.002312468600476509 -110.21002338945529 -55.455374516451684 0
893 0 0.0023108702718821284 -112.30428833351425 -51.504960477143619 0
894 0 0.0023180283340658238 -113.36638331184147 -53.659939124749862 0
895 0 0.0023119757085191938 -117.52847765855117 -53.903016154528764 0
896 0.99996376378349505 0.0027595700109762106 -90 -87.447056561625928 0
897 0.84190224711044603 0.002760414496887448 -69.672022270040188 -83.187604292371944 0
898 0.99996388680987414 0.0027689713463161609 -90 -84.888387231596582 0
899 0.99996377486873833 0.0027604144968874475 -110.32797772995983 -83.187604292371944 0
900 0.11647220769718646 0.0027624606832226759 -65.165047596857804 -78.719057499068313 0
901 0.57893689700725237 0.0027629682584308815 -63.233123246080602 -74.234962220061803 0
902 0.51979939954516574 0.0027717025238621989 -69.723595096765408 -76.327461141787182 0
903 0.98016210350591138 0.0027631371928210939 -80.484184726523679 -75.65459951293478 0
904 0.99996425937692945 0.0027978366728580672 -104.81342213194472 -80.724706334932407 0
905 0.6140763277788458 0.0027978366728580676 -75.186577868055295 -80.724706334932407 0
906 0.96071345643619677 0.0028066817062359622 -90 -79.730424444842569 0
907 0.98492712018975892 0.0027971517524297365 -90 -77.137084767865076 0
908 0.99996380170013754 0.0027624606832226772 -114.8349524031422 -78.719057499068313 0
909 0.80058421692180015 0.0027631371928210943 -99.515815273476321 -75.65459951293478 0
910 0.86984125016429092 0.0027717025238621989 -110.27640490323459 -76.327461141787182 0
911 0.39989453390750829 0.0027629682584308815 -116.76687675391939 -74.234962220061803 0
912 0.38539228440729623 0.0027629682584170887 -62.151470379899131 -69.666576653070834 0
913 0.27427813228238618 0.0027624606832064875 -61.482371932006963 -65.167658457267279 0
914 0.27736813899881613 0.002771702523847154 -65.249345346136067 -67.259781165370597 0
915 0.010211334751077963 0.0027631371928060972 -71.988895015019494 -66.726312048034785 0
916 0.00930503468360349 0.0027604144968640331 -61.021932141903079 -60.651486275191175 0
917 0 0.0027595700109504097 -60.691889241627891 -56.148622304398209 0
918 0 0.0027689713462914706 -63.389363841335388 -58.249501111134151 0
919 0 0.0027604144968628348 -68.39129580403781 -57.799338096450612 0
920 0 0.0027971517524084544 -73.859609124810575 -64.161312207656266 0
921 0.01136116639088192 0.0027978366728379873 -64.159013345222363 -62.758393033660788 0
922 0 0.0028066817062158168 -69.905433050463131 -62.27568605419259 0
923 0 0.0027978366728392077 -71.698713054199018 -59.725017012896984 0
924 0 0.002763137192802469 -79.589593294520327 -63.292528362598645 0
925 0 0.0027624606832016623 -76.733983438038749 -58.954936829260959 0
926 0 0.0027717025238423116 -80.615371834447231 -60.649884451882528 0
927 0 0.0027629682584110605 -85.477495355669973 -59.549091366092114 0
928 0 0.0029090959566843311 -113.07913431499077 -71.807002639172154 0
929 0.48606484096926827 0.0029092932875373141 -98.070398712587746 -73.028130451112489 0
930 0.0098880553450960001 0.0029190287814180441 -104.76314617427204 -71.23824015625992 0
931 0 0.002909293287538577 -103.01526382248647 -68.583703482402541 0
932 0.37794269162093569 0.0029092932875373146 -81.929601287412254 -73.028130451112474 0
933 0.73694267698323379 0.0029090959566843311 -66.920865685009218 -71.807002639172154 0
934 0.22981254783651842 0.0029190287814180446 -75.236853825727962 -71.23824015625992 0
935 0.0384277826175871 0.002909293287538577 -76.984736177513525 -68.583703482402541 0
936 0 0.0029487633701736939 -96.217760989248319 -67.610030930244136 0
937 0.13774638706753239 0.0029487633701749658 -90 -71.825301817952578 0
938 0.00035919697061805901 0.0029588323206155682 -90 -69.094842551481833 0
939 0 0.0029487633701736943 -83.782239010751695 -67.610030930244136 0
940 0 0.002909293287542383 -95.582458760555852 -64.907581870625137 0
941 0 0.002909293287542383 -84.417541239444148 -64.907581870625137 0
942 0 0.0029190287814231308 -90 -63.66428814132653 0
943 0 0.0029090959566906577 -90 -60.97035750352412 0
944 0 0.002762968258417087 -117.84852962010088 -69.666576653070834 0
945 0 0.0027631371928060968 -108.01110498498051 -66.726312048034785 0
946 0 0.002771702523847154 -114.75065465386396 -67.259781165370597 0
947 0 0.0027624606832064888 -118.51762806799304 -65.167658457267279 0
948 0 0.0027631371928024651 -100.41040670547969 -63.292528362598645 0
949 0 0.0027629682584110605 -94.522504644330027 -59.549091366092114 0
950 0 0.0027717025238423116 -99.384628165552783 -60.649884451882528 0
951 0 0.0027624606832016623 -103.26601656196125 -58.954936829260959 0
952 0 0.0027978366728379873 -115.84098665477767 -62.758393033660788 0
953 0 0.0027971517524084544 -106.14039087518942 -64.161312207656266 0
954 0 0.002806681706215819 -110.09456694953687 -62.27568605419259 0
955 0 0.0027978366728392077 -108.30128694580098 -59.725017012896984 0
956 0 0.0027604144968640331 -118.97806785809694 -60.651486275191175 0
957 0 0.0027604144968628348 -111.60870419596219 -57.799338096450612 0
958 0 0.0027689713462914706 -116.6106361586646 -58.249501111134165 0
959 0 0.0027595700109504114 -119.30811075837211 -56.148622304398209 0
960 0.99995674882114116 0.0023119757084444398 -148.84083286883802 -87.533355703730876 0
961 0.99995675803953199 0.0023124686004027421 -131.26654302454088 -83.205864073879241 0
962 0.97748277306162257 0.0023180283339908391 -148.84961629713445 -85.062492050380854 0
963 0.43848485520066605 0.002310870271806376 -168.13270009360016 -83.786481785048764 0
964 0.99995678028424895 0.0023136588543139656 -127.48281994451791 -78.727999946006349 0
965 0.38444933399296227 0.0023139540578823725 -125.86352088335238 -74.239161445053767 0
966 0.94368255162073011 0.0023196166565120249 -131.31799997466771 -76.378172682467138 0
967 0.64659521666132536 0.0023124536726463166 -140.5046346836489 -75.900656104955758 0
968 0.1212883575984364 0.002336541455692235 -162.69722817708603 -81.399580420603257 0
969 0.99995717393592021 0.0023349266280238662 -135.94297945304601 -80.805441594890539 0
970 0.66191781038465447 0.0023422595742569521 -148.87830055894216 -80.091424864652282 0
971 0.65039659364008584 0.0023361434166727876 -148.89199311885295 -77.595416321811598 0
972 0.043617583822413618 0.0023072333893449908 -172.75085283812081 -79.85650602979311 0
973 0.090373748195440556 0.0023076265365589862 -157.65459960231149 -76.502743573867463 0
974 0.007654583474896383 0.0023131745769322601 -168.12015911208718 -77.536226923421268 0
975 0 0.002305932997378714 -174.76584478325742 -75.908934199923792 0
976 0 0.0023139540578942077 -124.96113142681126 -69.691750826240579 0
977 0 0.0023136588543278772 -124.39984646746325 -65.192517694114173 0
978 0 0.002319616656524936 -127.56705845400212 -67.331832336121948 0
979 0 0.0023124536726591856 -133.27912833511078 -66.955806361699942 0
980 0 0.0023124686004229217 -124.01444825941498 -60.681198788961176 0
981 0 0.002311975708466682 -123.7376923219516 -56.179191271165273 0
982 0 0.0023180283340120999 -126.00431071212 -58.324743060364995 0
983 0 0.0023108702718275757 -130.22740557448807 -58.008268778316555 0
984 0 0.0023361434166910542 -134.88156756338813 -64.483020020900824 0
985 0 0.0023349266280410798 -126.65061113622416 -62.83093186584842 0
986 0 0.0023422595742742195 -131.50917263149998 -62.491227143338172 0
987 0 0.0023365414557084082 -133.03872734655053 -60.028999825192528 0
988 0 0.002307626536574956 -139.83469182764549 -63.863740467204416 0
989 0 0.0023072333893630315 -137.36097644491588 -59.482093591256145 0
990 0 0.0023131745769493098 -140.73295156818273 -61.333821455977791 0
991 0 0.0023059329973957121 -145.02091223610648 -60.540032346041194 0
992 0 0.0024077644410168122 -171.00135909806886 -73.568533221702992 0
993 0 0.0024062147542918736 -156.33417537703474 -73.984445002095086 0
994 0 0.0024140775659532029 -162.75006381419402 -72.640610716169746 0
995 0 0.0024078760788568514 -161.10573875836695 -70.105830990928396 0
996 0 0.0024011984788268798 -141.78601402270996 -73.38267018835009 0
997 0 0.0023994306653559051 -128.9676547486813 -71.864385696759555 0
998 0 0.0024073826904748596 -136.02875867504852 -71.462366632764159 0
999 0 0.0024011984788258026 -137.55507581599156 -68.926015802925335 0
1000 0 0.0024312766547383009 -154.70204573513928 -68.825894299884993 0
1001 0 0.0024329551254387797 -148.9541902561171 -72.513303657467986 0
1002 0 0.0024393345963875392 -148.99837937781285 -69.918419686763457 0
1003 0 0.0024329551254398743 -143.48023856119229 -68.227950080084241 0
1004 0 0.0024078760788535879 -154.1416067016182 -66.251283149522209 0
1005 0 0.0024062147542875359 -144.06368809948378 -65.65458413097565 0
1006 0 0.0024140775659488465 -149.05238110315528 -64.750521539341619 0
1007 0 0.0024077644410113912 -149.06769935872751 -62.181808735629296 0
1008 0 0.002287764332544791 -175.93415649630384 -71.893660633369691 0
1009 0 0.0022878600462188014 -165.98880449466589 -68.692764709995828 0
1010 0 0.0022933603554096947 -172.74869273969691 -69.575141257124784 0
1011 0 0.0022858920168522521 -176.64048397716883 -67.931518204494878 0
1012 0 0.0022878600462219057 -158.67632322463925 -65.046605184843642 0
1013 0 0.0022877643325499484 -153.2021653795243 -61.136034849311983 0
1014 0 0.0022933603554138307 -157.73018876318397 -62.518117662572898 0
1015 0 0.0022858920168563799 -161.44146376372657 -61.24157344224929 0
1016 0 0.0023100905227022828 -173.88596978535946 -65.614724713872022 0
1017 0 0.0023081035384484613 -164.17784576497274 -66.230198416425253 0
1018 0 0.0023157413937583103 -168.08865812221987 -64.783819877625447 0
1019 0 0.0023100905227012429 -166.33450779916856 -62.336501292909162 0
1020 0 0.002279953086063291 -177.13314815733816 -63.955554572251373 0
1021 0 0.0022799530860643153 -169.63068442161335 -60.850777530456241 0
1022 0 0.0022854343033678992 -174.69642476063004 -61.647078764212274 0
1023 0 0.0022778967231497776 -177.48582078723669 -59.989539778400648 0
1024 0.99995610178061389 0.0022778967231497789 29.986567431715006 1.2571844561137533 0
1025 0.99995614137217048 0.0022799530860643145 28.74961208828266 5.0296780021507415 0
1026 0.99995624655475557 0.0022854343033678979 28.250309020930512 2.5158877453956623 0
1027 0.99995614137205424 0.0022799530860632901 26.016151076262634 1.2583195378243726 0
1028 0.99995625531504762 0.0022858920168563794 27.486673062226696 8.8081811313745391 0
1029 0.99995629111456608 0.0022877643325499497 26.197695730534384 12.570256396657314 0
1030 0.99995639776387524 0.0022933603554138328 25.704574797144815 10.071787314765697 0
1031 0.99995629294313348 0.0022878600462219057 23.434927032748949 8.8246614060198354 0
1032 0.9999567135268641 0.0023100905227022833 24.262604005836234 2.5203266684934387 0
1033 0.99995671352675164 0.0023100905227012442 26.992477808375117 6.2972744737190798 0
1034 0.99995681914984791 0.002315741393758312 24.738818485184446 5.0446867091508185 0
1035 0.99995667626435092 0.00230810353844846 22.964153212359474 6.3093231584536253 0
1036 0.99995625531530175 0.0022858920168522521 22.034189587115051 1.2615977821925541 0
1037 0.99995629294352217 0.0022878600462188014 20.727906145680983 5.0471658235043471 0
1038 0.99995639776385148 0.0022933603554096947 20.274848299791845 2.5246184308865933 0
1039 0.99995629111458306 0.0022877643325447928 18.063733360120807 1.2626312911384969 0
1040 0.99995663548571778 0.0023059329973957108 24.835497176728079 16.376419490364487 0
1041 0.99995665992607674 0.0023072333893630298 23.443117362085914 20.11937785122603 0
1042 0.99995677123551208 0.0023131745769493081 22.941516702963138 17.675329503925227 0
1043 0.99995666730940014 0.0023076265365749543 20.554591990437405 16.506559489205792 0
1044 0.99995672813223979 0.0023108702718275752 21.970399113860751 23.859368168454878 0
1045 0.99995674882114216 0.002311975708466682 20.409954775419735 27.571826798974204 0
1046 0.99995686174982956 0.0023180283340121003 19.936243043208002 25.13768723615172 0
1047 0.99995675803985873 0.0023124686004229208 17.440796843047398 23.946572389583416 0
1048 0.99995719624107349 0.002336143416691056 18.615145969378375 17.772328240206569 0
1049 0.99995720353264483 0.0023365414557084091 21.483448028219804 21.41532846581595 0
1050 0.99995730800633364 0.0023422595742742195 19.041067842067793 20.235644355692827 0
1051 0.99995717393569783 0.0023349266280410794 17.03375670139615 21.490074347714948 0
1052 0.99995675775941628 0.0023124536726591856 16.257969177598849 16.557526686894182 0
1053 0.99995678028650203 0.0023136588543278759 14.63537623689944 20.254700382224424 0
1054 0.99995689128552045 0.002319616656524936 14.286223464491808 17.786946402057133 0
1055 0.99995678579778313 0.0023139540578942081 11.972806517732199 16.52529628910759 0
1056 0.99995846942172883 0.0024077644410168131 16.239948890189872 2.5358061374171381 0
1057 0.99995847134797811 0.0024078760788568509 18.900227497894818 6.3263618507545916 0
1058 0.99995857802615296 0.0024140775659532042 16.622573330021176 5.0760029709112748 0
1059 0.99995844267679612 0.0024062147542918762 14.729734382028592 6.3583214159982324 0
1060 0.99995847134823268 0.0024078760788535879 21.600113775417128 10.116393131239041 0
1061 0.99995846942276401 0.0024077644410113912 24.351588098290982 13.879381383475501 0
1062 0.99995857802615651 0.0024140775659488491 22.022283517720073 12.671477216064075 0
1063 0.99995844267678546 0.0024062147542875355 20.120453113687049 14.000818937872314 0
1064 0.99995889941052007 0.0024329551254387814 15.1050462682764 8.9148684904578062 0
1065 0.99995887103693615 0.0024312766547382987 19.3005828686569 8.879179128559878 0
1066 0.99995900689440653 0.0024393345963875401 17.398952675535249 10.186372586091375 0
1067 0.999958899410476 0.0024329551254398734 17.795750450829203 12.751997158333589 0
1068 0.99995835586427451 0.0024011984788268803 13.196742205368601 10.189605128950269 0
1069 0.99995835586417769 0.0024011984788258026 15.873484168694533 14.044129786644577 0
1070 0.99995846283763212 0.0024073826904748605 13.567770678460795 12.752274908043802 0
1071 0.99995832518356664 0.0023994306653559051 11.639162401090157 14.005237520197843 0
1072 0.99995663548790092 0.0023059329973787136 14.03463560975811 1.2726601130916124 0
1073 0.99995666730939925 0.0023076265365589827 12.516898043988629 5.0908767566834667 0
1074 0.99995677123633342 0.0023131745769322584 12.204903339087224 2.5464410612565569 0
1075 0.69917526386382112 0.0023072333893449904 10.06407917771886 1.2733779258757529 0
1076 0.9999567577603965 0.0023124536726463144 10.969185264055378 8.9130806065641845 0
1077 0.99995678579778668 0.0023139540578823734 9.3888094680548271 12.716486860422281 0
1078 0.99995689128682141 0.0023196166565120245 9.0899734074799294 10.188264909113384 0
1079 0.99995678028424917 0.0023136588543139639 6.9153859400226416 8.9231755559690225 0
1080 0.058065365931698747 0.0023365414556922345 8.2166570346446868 2.5491918791927155 0
1081 0.99995719624106449 0.0023361434166727884 10.664950449153149 6.3720428419899635 0
1082 0.76167162082070694 0.0023422595742569542 8.5050105365265551 5.1025750244450894 0
1083 0.98010099758272862 0.002334926628023867 6.6351425030489084 6.379422233976678 0
1084 0.0094331399936079738 0.0023108702718063769 6.0817196826348932 1.2753854677775123 0
1085 0.23212685611784362 0.0023124686004027438 4.4930494542391717 5.101586878030858 0
1086 0 0.0023180283339908382 4.2283793292525074 2.5517876671408821 0
1087 0 0.0023119757084444407 2.111138569931549 1.275995666383495 0
1088 0.25508478532047629 0.0023119757085191938 18.623665168299702 31.496773302235123 0
1089 0 0.0023108702718821284 16.795625601847906 35.161017667463938 0
1090 0.061410441180689515 0.0023180283340658247 16.265433687885057 32.954840530510566 0
1091 0.76564505443351372 0.0023124686004765095 13.377902970501381 32.149908513297106 0
1092 0.23859552592687086 0.0023072333894237343 14.783860920869238 38.803986857239508 0
1093 0.67176919138503455 0.0023059329974584337 12.554194131999278 42.394900567223189 0
1094 0.042408262167510202 0.0023131745770112273 12.105047728947021 40.192005027780567 0
1095 0.24985552838323938 0.0023076265366367235 8.9779832713598733 39.302475690157891 0
1096 0.58828006186366033 0.002334926628100521 10.905672385016452 33.513977915690397 0
1097 0.17678281608751634 0.0023365414557668823 14.289787584617882 36.594018419874942 0
1098 0.34105915417942423 0.0023422595743328462 11.283621205534772 35.74891107030988 0
1099 0.43538167960696883 0.0023361434167484467 8.654039330432358 37.072691834166037 0
1100 0.99995678028500079 0.0023136588543847024 8.0576366797625649 32.591991644868486 0
1101 0.80729090562212558 0.0023124536727180496 5.7083376740424177 36.09609213211936 0
1102 0.99995689128682297 0.0023196166565829755 5.4916704880976797 33.853628781857417 0
1103 0.99995678579778369 0.0023139540579521032 2.7107247932451748 32.814391277463514 0
1104 0.96843245773351117 0.0022877643326352942 10.020237646079513 45.990631255565411 0
1105 0.99995625531544863 0.0022858920169436582 7.1620982562496849 49.464294533788888 0
1106 0.99995639776320167 0.0022933603555004237 6.8490896041975065 47.309343409297611 0
1107 0.99995629294306898 0.0022878600463082854 3.3603344824074965 46.374274168251731 0
1108 0.35190314541723428 0.002279953086157372 3.8572958939855715 52.86448972788623 0
1109 0.12658573771973855 0.0022778967232447273 0 56.143350314966739 0
1110 0.48917990170767844 0.0022854343034622096 0 53.999629617934083 0
1111 0.52512318362045718 0.002279953086157372 -3.8572958939855693 52.86448972788623 0
1112 0.99885937745243758 0.0023081035385407625 0 47.506730692971871 0
1113 0.82833129138961092 0.0023100905227926489 3.6769890627249278 50.707712009808013 0
1114 0.5718538812384093 0.0023157413938499449 0 49.678778429466298 0
1115 0.38069276573851868 0.0023100905227926502 -3.6769890627249278 50.707712009808013 0
1116 0.16496174695133442 0.0022878600463082854 -3.360334482407497 46.374274168251723 0
1117 0.016533032428282465 0.0022858920169436595 -7.1620982562496849 49.464294533788888 0
1118 0.039347497143502115 0.0022933603555004242 -6.8490896041975065 47.309343409297611 0
1119 0 0.0022877643326352929 -10.020237646079519 45.990631255565411 0
1120 0.99994570585562326 0.0023994306654389914 0 33.96877921882804 0
1121 0.24510420794878882 0.0024011984789079161 2.9294205056253215 37.317615111579137 0
1122 0.40152444089060024 0.0024073826905572134 0 36.224908539258408 0
1123 0.67957638527123387 0.0024011984789079161 -2.9294205056253211 37.317615111579137 0
1124 0.010459633856422396 0.0024062147543666692 6.1303119588670105 40.602418630708534 0
1125 0.5918687078156265 0.0024077644410895292 9.6409622626898184 43.783551646418701 0
1126 0.2964156288622648 0.0024140775660272239 6.3372533905017647 42.875661963549206 0
1127 0.89194495679245633 0.0024078760789306521 3.2322588385860489 44.152633664441062 0
1128 0.99892841251373354 0.0024329551255178631 -3.0233069854510681 39.589337470282842 0
1129 0.05186130727378796 0.0024329551255178631 3.023306985451069 39.58933747028285 0
1130 0.72067927010591637 0.002439334596466862 0 40.772282352304259 0
1131 0.99517738317567495 0.0024312766548183727 0 43.05823847884119 0
1132 0.9838723263171173 0.0024062147543666705 -6.1303119588670105 40.602418630708534 0
1133 0.27069944390266359 0.0024078760789306508 -3.2322588385860489 44.152633664441062 0
1134 0.77308597399438994 0.0024140775660272239 -6.3372533905017656 42.875661963549213 0
1135 0.076176324118809674 0.0024077644410895292 -9.6409622626898184 43.783551646418701 0
1136 0.99995678579774971 0.0023139540579521032 -2.7107247932451748 32.814391277463514 0
1137 0.42613902412828131 0.0023124536727180496 -5.7083376740424168 36.09609213211936 0
1138 0.85542884833170985 0.0023196166565829742 -5.4916704880976797 33.853628781857417 0
1139 0.68338144939646117 0.0023136588543847055 -8.0576366797625631 32.591991644868486 0
1140 0.48900339079556177 0.0023076265366367235 -8.9779832713598697 39.302475690157884 0
1141 0 0.002305932997458435 -12.554194131999282 42.394900567223189 0
1142 0 0.0023131745770112273 -12.105047728947021 40.192005027780567 0
1143 0 0.0023072333894237343 -14.783860920869234 38.803986857239501 0
1144 0 0.0023349266281005193 -10.905672385016452 33.513977915690397 0
1145 0.29112792709244995 0.0023361434167484462 -8.654039330432358 37.072691834166037 0
1146 0 0.0023422595743328462 -11.283621205534775 35.748911070309887 0
1147 0 0.0023365414557668818 -14.289787584617882 36.594018419874942 0
1148 0 0.002312468600476509 -13.377902970501379 32.149908513297106 0
1149 0 0.0023108702718821284 -16.795625601847906 35.161017667463945 0
1150 0.0085976633026642584 0.0023180283340658242 -16.265433687885057 32.954840530510566 0
1151 0 0.0023119757085191938 -18.623665168299709 31.49677330223513 0
1152 0 0.0027595700109762102 0 2.5529434383740739 0
1153 0.58041116185610608 0.0027604144968874453 2.3764343723842938 6.3862903510745976 0
1154 0.3140149029968079 0.0027689713463161605 0 5.1116127684034174 0
1155 0.91541097329475118 0.0027604144968874453 -2.3764343723842938 6.3862903510745976 0
1156 0.99996380170013999 0.0027624606832226759 4.7890658908953441 10.225882076871043 0
1157 0.99996380834976839 0.0027629682584308815 7.2458620232470414 14.038872339798536 0
1158 0.99996392239378984 0.0027717025238621963 4.8188510354393097 12.810363376309414 0
1159 0.99996381056234218 0.0027631371928210913 2.4209685249064625 14.143867298735062 0
1160 0.99996425937690081 0.0027978366728580663 -2.3909814267770817 8.9644302606226631 0
1161 0.99996425937690991 0.0027978366728580663 2.3909814267770817 8.9644302606226649 0
1162 0.99996437200660315 0.0028066817062359639 0 10.269575555157431 0
1163 0.99996425062569771 0.0027971517524297356 0 12.862915232134929 0
1164 0.99996380170019405 0.0027624606832226759 -4.7890658908953441 10.225882076871043 0
1165 0.99996381056234407 0.0027631371928210926 -2.4209685249064625 14.143867298735062 0
1166 0.9999639223937451 0.0027717025238621963 -4.8188510354393097 12.810363376309414 0
1167 0.99996380834975951 0.0027629682584308815 -7.2458620232470414 14.038872339798536 0
1168 0.99996380834975862 0.0027629682584170883 9.821063064697249 17.892931341590682 0
1169 0.99996380170019183 0.0027624606832064879 12.458252344857133 21.654589964162433 0
1170 0.99996392239363063 0.0027717025238471553 9.9528677564834673 20.551189917197053 0
1171 0.9999638105626929 0.0027631371928060972 7.575586395206054 22.07137235660349 0
1172 0.99996377486921473 0.0027604144968640331 15.238423057638165 25.388900524791566 0
1173 0.99940651305897354 0.0027595700109504097 18.176646549681259 29.060923768708498 0
1174 0.99996388680987447 0.0027689713462914706 15.492832752973939 28.065412269208952 0
1175 0.99996377486873789 0.0027604144968628348 13.056945414307135 29.698446300205557 0
1176 0.99996425062566718 0.0027971517524084544 7.6669615846884742 24.749994014673863 0
1177 0.99996425937686306 0.0027978366728379899 12.648182704667423 24.328811332259452 0
1178 0.99996437200645771 0.0028066817062158168 10.235307178421289 25.906157027920255 0
1179 0.99996425937681976 0.0027978366728392077 10.387617582417951 28.597259371799176 0
1180 0.99996381056238659 0.0027631371928024677 5.1945400421113135 26.233934096873011 0
1181 0.99996380169999222 0.0027624606832016623 7.8643164000677546 30.129120107385599 0
1182 0.99996392239377097 0.0027717025238423124 5.2389922316665283 28.919801669840602 0
1183 0.99996380834975873 0.0027629682584110588 2.6540821125953227 30.346088704911178 0
1184 0.99996562624154695 0.0029090959566843311 -7.341016977840316 16.692202502310842 0
1185 0.99996562857265481 0.0029092932875373141 -2.4533994753461523 16.798770159075108 0
1186 0.99996574320249099 0.0029190287814180441 -4.9471553410580844 18.120462593579035 0
1187 0.99996562857015892 0.002909293287538577 -5.0480047791049802 20.840099963041645 0
1188 0.99996562857265481 0.0029092932875373146 2.4533994753461532 16.798770159075108 0
1189 0.9999656262412403 0.0029090959566843311 7.3410169778403178 16.692202502310842 0
1190 0.99996574320360743 0.0029190287814180446 4.9471553410580871 18.120462593579038 0
1191 0.99996562857272664 0.002909293287538577 5.0480047791049802 20.840099963041652 0
1192 0.99996608862894676 0.0029487633701736939 -2.5547835425291661 22.251186871400691 0
1193 0.99996608862892367 0.0029487633701749658 0 18.174698182047432 0
1194 0.99996620402598857 0.0029588323206155682 0 20.90515744851816 0
1195 0.99996608862895719 0.0029487633701736943 2.5547835425291656 22.251186871400691 0
1196 0.99996562857257754 0.0029092932875423852 -2.6081769474655432 24.965235286481334 0
1197 0.99996562857265536 0.0029092932875423852 2.6081769474655432 24.965235286481331 0
1198 0.99996574320371334 0.0029190287814231299 0 26.335711858673577 0
1199 0.9999656262412403 0.0029090959566906555 0 29.029642496475788 0
1200 0.99996380834975895 0.0027629682584170896 -9.821063064697249 17.892931341590682 0
1201 0.9999638105591393 0.0027631371928060968 -7.575586395206054 22.07137235660349 0
1202 0.99996392239377041 0.0027717025238471553 -9.9528677564834691 20.551189917197053 0
1203 0.99996380169985166 0.0027624606832064879 -12.458252344857133 21.654589964162433 0
1204 0.99996381056236561 0.0027631371928024677 -5.1945400421113135 26.233934096873011 0
1205 0.99996380834976062 0.0027629682584110575 -2.6540821125953227 30.346088704911178 0
1206 0.99996392239376686 0.0027717025238423124 -5.2389922316665283 28.919801669840602 0
1207 0.95948008775227134 0.0027624606832016628 -7.8643164000677546 30.129120107385599 0
1208 0.99996425881560214 0.0027978366728379903 -12.648182704667423 24.328811332259452 0
1209 0.99996425062482286 0.0027971517524084544 -7.6669615846884742 24.749994014673863 0
1210 0.99996437200668187 0.0028066817062158199 -10.235307178421289 25.906157027920255 0
1211 0.69639551070702899 0.0027978366728392077 -10.387617582417949 28.597259371799176 0
1212 0.39683895087033194 0.0027604144968640331 -15.238423057638165 25.388900524791566 0
1213 0.056642288231780191 0.0027604144968628348 -13.056945414307135 29.698446300205557 0
1214 0.057579965022711593 0.0027689713462914706 -15.492832752973936 28.065412269208945 0
1215 0.012360351735770419 0.0027595700109504114 -18.176646549681259 29.060923768708498 0
1216 0 0.0023119757084444407 -2.111138569931549 1.2759956663834946 0
1217 0.41815886020262055 0.0023124686004027438 -4.4930494542391717 5.1015868780308598 0
1218 0 0.0023180283339908382 -4.2283793292525074 2.5517876671408817 0
1219 0 0.0023108702718063756 -6.0817196826348932 1.2753854677775123 0
1220 0.99995678028426305 0.0023136588543139639 -6.9153859400226443 8.9231755559690278 0
1221 0.99995678579778824 0.0023139540578823721 -9.3888094680548271 12.716486860422277 0
1222 0.99995689128683896 0.0023196166565120232 -9.0899734074799294 10.188264909113384 0
1223 0.99679538726647299 0.0023124536726463144 -10.969185264055378 8.9130806065641828 0
1224 0 0.0023365414556922363 -8.2166570346446868 2.5491918791927155 0
1225 0.93254435541454694 0.002334926628023867 -6.6351425030489084 6.3794222339766771 0
1226 0.56287827873653551 0.0023422595742569542 -8.5050105365265516 5.1025750244450876 0
1227 0.5158672564916551 0.0023361434166727884 -10.664950449153149 6.3720428419899635 0
1228 0 0.0023072333893449904 -10.064079177718861 1.2733779258757529 0
1229 0.00061535896589275498 0.0023076265365589827 -12.516898043988634 5.0908767566834658 0
1230 0 0.0023131745769322588 -12.204903339087224 2.5464410612565569 0
1231 0 0.0023059329973787136 -14.034635609758114 1.2726601130916135 0
1232 0.999956785797815 0.0023139540578942098 -11.972806517732195 16.525296289107587 0
1233 0.98855008978033543 0.0023136588543278772 -14.635376236899443 20.254700382224424 0
1234 0.97825359354902686 0.002319616656524936 -14.286223464491808 17.786946402057133 0
1235 0.49916236022864219 0.0023124536726591856 -16.257969177598849 16.557526686894178 0
1236 0.088569020504228144 0.0023124686004229217 -17.440796843047409 23.946572389583427 0
1237 0 0.002311975708466682 -20.409954775419738 27.571826798974204 0
1238 0 0.0023180283340120999 -19.936243043208002 25.13768723615172 0
1239 0 0.0023108702718275748 -21.970399113860744 23.859368168454871 0
1240 0 0.0023361434166910542 -18.615145969378375 17.772328240206569 0
1241 0.35797754957661049 0.0023349266280410798 -17.03375670139615 21.490074347714948 0
1242 0 0.0023422595742742195 -19.041067842067797 20.23564435569283 0
1243 0 0.0023365414557084095 -21.483448028219804 21.41532846581595 0
1244 0 0.002307626536574956 -20.554591990437402 16.506559489205785 0
1245 0 0.0023072333893630315 -23.443117362085921 20.11937785122603 0
1246 0.0089208765818803958 0.0023131745769493081 -22.941516702963138 17.675329503925227 0
1247 0.017182489694607669 0.0023059329973957108 -24.835497176728079 16.376419490364491 0
1248 0 0.0024077644410168131 -16.239948890189872 2.5358061374171381 0
1249 0.00058550239374117053 0.0024062147542918762 -14.729734382028592 6.3583214159982324 0
1250 0 0.0024140775659532042 -16.622573330021183 5.0760029709112757 0
1251 0 0.0024078760788568509 -18.900227497894818 6.3263618507545916 0
1252 0.85395770889809786 0.0024011984788268803 -13.196742205368601 10.189605128950269 0
1253 0.99995832518351702 0.0023994306653559051 -11.639162401090159 14.005237520197843 0
1254 0.99297312575291063 0.0024073826904748605 -13.567770678460798 12.752274908043807 0
1255 0.8386928773498632 0.0024011984788258026 -15.873484168694533 14.044129786644577 0
1256 0 0.0024312766547382987 -19.300582868656903 8.8791791285598833 0
1257 0.0042226317721550258 0.0024329551254387814 -15.1050462682764 8.9148684904578079 0
1258 0.0089511800459991797 0.0024393345963875401 -17.398952675535249 10.186372586091373 0
1259 0.071695524346592363 0.0024329551254398734 -17.795750450829203 12.751997158333593 0
1260 0 0.0024078760788535879 -21.600113775417128 10.116393131239041 0
1261 0 0.0024062147542875355 -20.120453113687049 14.000818937872314 0
1262 0 0.0024140775659488491 -22.022283517720076 12.671477216064075 0
1263 0.014843301430140858 0.0024077644410113912 -24.351588098290982 13.879381383475501 0
1264 0 0.002287764332544791 -18.063733360120807 1.2626312911384983 0
1265 0 0.0022878600462188014 -20.727906145680979 5.0471658235043462 0
1266 0 0.0022933603554096947 -20.274848299791845 2.5246184308865933 0
1267 0 0.0022858920168522521 -22.034189587115048 1.2615977821925541 0
1268 0 0.0022878600462219057 -23.434927032748949 8.8246614060198354 0
1269 0 0.0022877643325499497 -26.197695730534377 12.570256396657316 0
1270 0 0.0022933603554138328 -25.704574797144815 10.071787314765697 0
1271 0 0.0022858920168563794 -27.486673062226711 8.8081811313745355 0
1272 0 0.0023100905227022833 -24.262604005836234 2.5203266684934387 0
1273 0 0.00230810353844846 -22.964153212359474 6.3093231584536253 0
1274 0 0.002315741393758312 -24.738818485184446 5.0446867091508167 0
1275 0 0.0023100905227012429 -26.992477808375117 6.2972744737190798 0
1276 0 0.0022799530860632918 -26.016151076262634 1.2583195378243728 0
1277 0 0.0022799530860643162 -28.749612088282653 5.0296780021507397 0
1278 0 0.0022854343033678992 -28.250309020930512 2.5158877453956623 0
1279 0.00048585707890352523 0.0022778967231497776 -29.986567431715006 1.257184456113752 0
1280 0.99995610178135663 0.0022778967231497802 29.986567431715006 -1.2571844561137533 0
1281 0.99995614137205491 0.0022799530860632888 26.016151076262634 -1.2583195378243726 0
1282 0.99995624655474447 0.0022854343033678979 28.250309020930519 -2.5158877453956614 0
1283 0.99995614137207145 0.0022799530860643162 28.74961208828266 -5.0296780021507415 0
1284 0.99995625531530175 0.0022858920168522521 22.034189587115051 -1.2615977821925541 0
1285 0.99995629111422035 0.002287764332544791 18.063733360120807 -1.2626312911384969 0
1286 0.99995639776385759 0.0022933603554096947 20.274848299791845 -2.5246184308865933 0
1287 0.99995629294277866 0.0022878600462188014 20.727906145680983 -5.0471658235043471 0
1288 0.99995671352686344 0.0023100905227012442 26.992477808375121 -6.2972744737190771 0
1289 0.9999567135268641 0.0023100905227022833 24.262604005836238 -2.5203266684934387 0
1290 0.99995681914993506 0.0023157413937583103 24.738818485184453 -5.0446867091508185 0
1291 0.99995667626381357 0.00230810353844846 22.964153212359474 -6.3093231584536298 0
1292 0.99995625531530852 0.0022858920168563794 27.486673062226696 -8.8081811313745391 0
1293 0.99995629294307398 0.0022878600462219044 23.434927032748949 -8.8246614060198354 0
1294 0.99995639776383294 0.0022933603554138328 25.704574797144797 -10.071787314765697 0
1295 0.9999562911146419 0.0022877643325499497 26.197695730534384 -12.570256396657314 0
1296 0.99995663548604963 0.0023059329973787136 14.03463560975811 -1.2726601130916124 0
1297 0.76765905383163446 0.0023072333893449908 10.06407917771886 -1.2733779258757529 0
1298 0.97718385810552955 0.0023131745769322588 12.204903339087224 -2.5464410612565587 0
1299 0.69291901101935427 0.002307626536558984 12.516898043988629 -5.0908767566834667 0
1300 0.00015186625078961676 0.0023108702718063769 6.0817196826348932 -1.2753854677775123 0
1301 0 0.0023119757084444407 2.111138569931549 -1.275995666383495 0
1302 0 0.0023180283339908382 4.2283793292525065 -2.5517876671408808 0
1303 0 0.0023124686004027438 4.4930494542391717 -5.101586878030858 0
1304 0 0.0023361434166727884 10.664950449153153 -6.3720428419899653 0
1305 0 0.0023365414556922345 8.2166570346446886 -2.5491918791927164 0
1306 0 0.0023422595742569525 8.5050105365265551 -5.1025750244450876 0
1307 0 0.002334926628023867 6.6351425030489084 -6.379422233976678 0
1308 0 0.0023124536726463144 10.969185264055378 -8.9130806065641845 0
1309 0 0.0023136588543139643 6.9153859400226416 -8.9231755559690225 0
1310 0 0.0023196166565120245 9.089973407479933 -10.188264909113386 0
1311 0 0.0023139540578823747 9.3888094680548271 -12.716486860422281 0
1312 0.99995846942290501 0.0024077644410113916 24.351588098290978 -13.879381383475494 0
1313 0.99995847134736282 0.0024078760788535879 21.600113775417125 -10.116393131239043 0
1314 0.99995857802623 0.0024140775659488491 22.022283517720084 -12.671477216064076 0
1315 0.99995844267677914 0.0024062147542875355 20.120453113687049 -14.000818937872314 0
1316 0.99995847134827842 0.0024078760788568509 18.900227497894818 -6.3263618507545916 0
1317 0.99995846942292543 0.0024077644410168131 16.239948890189872 -2.5358061374171381 0
1318 0.99995857802621635 0.0024140775659532042 16.622573330021179 -5.0760029709112757 0
1319 0.99720127046750107 0.0024062147542918762 14.729734382028601 -6.3583214159982342 0
1320 0.999958899410476 0.0024329551254398734 17.795750450829203 -12.751997158333593 0
1321 0.99995887103734782 0.0024312766547382987 19.300582868656907 -8.8791791285598816 0
1322 0.99995900689440653 0.0024393345963875383 17.398952675535249 -10.186372586091375 0
1323 0.98929383836244111 0.0024329551254387827 15.105046268276396 -8.9148684904578097 0
1324 0.99995835586417869 0.0024011984788258026 15.873484168694537 -14.044129786644579 0
1325 0.37313829696326473 0.0024011984788268803 13.196742205368597 -10.189605128950268 0
1326 0.66661002206221331 0.0024073826904748605 13.567770678460791 -12.752274908043802 0
1327 0.22283911654978009 0.0023994306653559051 11.639162401090156 -14.005237520197843 0
1328 0.9999566354860201 0.0023059329973957108 24.835497176728079 -16.376419490364487 0
1329 0.99995666662831928 0.0023076265365749543 20.554591990437405 -16.506559489205792 0
1330 0.9999567712363463 0.0023131745769493081 22.941516702963135 -17.675329503925227 0
1331 0.9999566599259303 0.0023072333893630302 23.443117362085914 -20.11937785122603 0
1332 0.99995675776057957 0.0023124536726591856 16.257969177598849 -16.557526686894182 0
1333 0.57643588625436781 0.0023139540578942081 11.972806517732199 -16.52529628910759 0
1334 0.99738336501104852 0.002319616656524936 14.286223464491808 -17.78694640205714 0
1335 0.98398141763712155 0.0023136588543278759 14.63537623689944 -20.254700382224424 0
1336 0.99995720352674455 0.0023365414557084095 21.483448028219804 -21.415328465815946 0
1337 0.99995719624118784 0.0023361434166910555 18.615145969378375 -17.772328240206569 0
1338 0.99995730800638261 0.0023422595742742195 19.041067842067793 -20.23564435569283 0
1339 0.99995717393592065 0.0023349266280410794 17.033756701396147 -21.490074347714945 0
1340 0.99995672813236403 0.0023108702718275752 21.970399113860751 -23.859368168454878 0
1341 0.99995675803953143 0.0023124686004229221 17.440796843047398 -23.946572389583416 0
1342 0.99995686181043542 0.0023180283340121003 19.936243043208009 -25.13768723615172 0
1343 0.99995674882110608 0.002311975708466682 20.409954775419735 -27.571826798974204 0
1344 0 0.0023119757084444407 -2.111138569931549 -1.2759956663834946 0
1345 0 0.0023108702718063769 -6.0817196826348932 -1.2753854677775123 0
1346 0 0.0023180283339908382 -4.2283793292525074 -2.5517876671408821 0
1347 0 0.0023124686004027438 -4.4930494542391717 -5.1015868780308598 0
1348 0 0.0023072333893449908 -10.064079177718861 -1.2733779258757529 0
1349 0 0.0023059329973787136 -14.034635609758114 -1.2726601130916135 0
1350 0 0.0023131745769322584 -12.204903339087227 -2.5464410612565573 0
1351 0 0.002307626536558984 -12.516898043988634 -5.0908767566834658 0
1352 0 0.002334926628023867 -6.6351425030489084 -6.3794222339766771 0
1353 0 0.0023365414556922363 -8.2166570346446868 -2.5491918791927151 0
1354 0 0.0023422595742569555 -8.5050105365265551 -5.1025750244450876 0
1355 0 0.0023361434166727884 -10.664950449153151 -6.3720428419899653 0
1356 0 0.0023136588543139643 -6.9153859400226443 -8.9231755559690278 0
1357 0 0.0023124536726463144 -10.969185264055378 -8.9130806065641828 0
1358 0 0.0023196166565120232 -9.089973407479933 -10.188264909113384 0
1359 0 0.0023139540578823747 -9.3888094680548271 -12.716486860422277 0
1360 0 0.002287764332544791 -18.063733360120807 -1.2626312911384983 0
1361 0 0.0022858920168522521 -22.034189587115048 -1.2615977821925541 0
1362 0 0.0022933603554096947 -20.274848299791849 -2.5246184308865933 0
1363 0 0.0022878600462188014 -20.727906145680979 -5.0471658235043462 0
1364 0 0.0022799530860632888 -26.016151076262634 -1.2583195378243728 0
1365 0 0.0022778967231497802 -29.986567431715006 -1.257184456113752 0
1366 0 0.0022854343033678992 -28.250309020930512 -2.5158877453956618 0
1367 0 0.0022799530860643162 -28.749612088282653 -5.0296780021507397 0
1368 0 0.0023081035384484604 -22.96415321235947 -6.3093231584536271 0
1369 0 0.0023100905227022828 -24.262604005836234 -2.5203266684934391 0
1370 0 0.0023157413937583103 -24.738818485184453 -5.0446867091508185 0
1371 0 0.0023100905227012429 -26.992477808375117 -6.2972744737190789 0
1372 0 0.0022878600462219044 -23.434927032748949 -8.8246614060198354 0
1373 0 0.0022858920168563794 -27.486673062226711 -8.8081811313745355 0
1374 0 0.0022933603554138328 -25.704574797144804 -10.071787314765693 0
1375 0 0.0022877643325499497 -26.197695730534377 -12.570256396657316 0
1376 0 0.0023994306653559051 -11.639162401090157 -14.005237520197843 0
1377 0 0.0024011984788268803 -13.196742205368603 -10.189605128950269 0
1378 0 0.0024073826904748618 -13.567770678460791 -12.752274908043802 0
1379 0 0.0024011984788258026 -15.873484168694537 -14.044129786644582 0
1380 0 0.0024062147542918762 -14.729734382028592 -6.3583214159982324 0
1381 0 0.0024077644410168131 -16.239948890189869 -2.5358061374171372 0
1382 0 0.0024140775659532055 -16.622573330021179 -5.0760029709112757 0
1383 0 0.0024078760788568509 -18.900227497894818 -6.3263618507545916 0
1384 0 0.0024329551254398717 -17.795750450829203 -12.751997158333593 0
1385 0.00090408268746228454 0.0024329551254387814 -15.105046268276396 -8.9148684904578097 0
1386 0 0.0024393345963875383 -17.398952675535249 -10.186372586091373 0
1387 0 0.0024312766547382987 -19.300582868656907 -8.8791791285598816 0
1388 0 0.0024062147542875355 -20.120453113687045 -14.000818937872314 0
1389 0 0.0024078760788535884 -21.600113775417132 -10.116393131239043 0
1390 0 0.0024140775659488478 -22.022283517720084 -12.671477216064076 0
1391 0 0.0024077644410113916 -24.351588098290978 -13.879381383475497 0
1392 0 0.0023139540578942081 -11.972806517732195 -16.525296289107587 0
1393 0 0.0023124536726591856 -16.257969177598849 -16.557526686894178 0
1394 0 0.002319616656524936 -14.286223464491814 -17.78694640205714 0
1395 0 0.0023136588543278759 -14.635376236899443 -20.254700382224424 0
1396 0 0.0023076265365749543 -20.554591990437402 -16.506559489205785 0
1397 0 0.0023059329973957108 -24.835497176728079 -16.376419490364491 0
1398 0 0.0023131745769493085 -22.941516702963135 -17.675329503925227 0
1399 0 0.0023072333893630298 -23.443117362085921 -20.11937785122603 0
1400 0 0.0023349266280410798 -17.033756701396147 -21.490074347714941 0
1401 0 0.0023361434166910542 -18.615145969378386 -17.772328240206576 0
1402 0 0.0023422595742742195 -19.041067842067793 -20.23564435569283 0
1403 0 0.0023365414557084095 -21.483448028219811 -21.41532846581595 0
1404 0 0.0023124686004229217 -17.440796843047409 -23.946572389583427 0
1405 0 0.0023108702718275748 -21.970399113860744 -23.859368168454871 0
1406 0 0.0023180283340120999 -19.936243043208009 -25.13768723615172 0
1407 0 0.002311975708466682 -20.409954775419738 -27.571826798974204 0
1408 0.86304686364778793 0.0027595700109504101 18.176646549681255 -29.060923768708488 0
1409 0.6596750091905037 0.0027604144968640331 15.238423057638165 -25.388900524791577 0
1410 0.34691211294616231 0.0027689713462914706 15.492832752973932 -28.065412269208949 0
1411 0 0.0027604144968628348 13.05694541430714 -29.698446300205564 0
1412 0.061192373026116763 0.0027624606832064879 12.458252344857131 -21.654589964162433 0
1413 0 0.0027629682584170883 9.821063064697249 -17.892931341590682 0
1414 0 0.0027717025238471553 9.9528677564834673 -20.551189917197053 0
1415 0 0.0027631371928060972 7.575586395206054 -22.071372356603483 0
1416 0 0.0027978366728392064 10.387617582417953 -28.597259371799176 0
1417 0.026604799348373454 0.0027978366728379899 12.648182704667425 -24.328811332259452 0
1418 0 0.0028066817062158181 10.235307178421289 -25.906157027920255 0
1419 0 0.0027971517524084544 7.6669615846884724 -24.74999401467386 0
1420 0 0.0027624606832016628 7.8643164000677546 -30.129120107385603 0
1421 0 0.0027631371928024677 5.1945400421113153 -26.233934096873011 0
1422 0 0.0027717025238423129 5.2389922316665247 -28.919801669840588 0
1423 0 0.0027629682584110588 2.6540821125953209 -30.346088704911178 0
1424 0 0.0027629682584308815 7.2458620232470459 -14.038872339798539 0
1425 0 0.0027624606832226764 4.789065890895345 -10.225882076871043 0
1426 0 0.0027717025238621967 4.8188510354393079 -12.810363376309413 0
1427 0 0.0027631371928210913 2.420968524906463 -14.143867298735065 0
1428 0 0.0027604144968874453 2.3764343723842951 -6.3862903510745994 0
1429 0 0.0027595700109762102 0 -2.5529434383740743 0
1430 0 0.0027689713463161605 0 -5.1116127684034165 0
1431 0 0.0027604144968874453 -2.3764343723842947 -6.3862903510745994 0
1432 0 0.0027971517524297356 0 -12.862915232134931 0
1433 0 0.0027978366728580663 2.3909814267770817 -8.9644302606226649 0
1434 0 0.0028066817062359639 0 -10.269575555157431 0
1435 0 0.002797836672858068 -2.3909814267770817 -8.9644302606226649 0
1436 0 0.0027631371928210926 -2.4209685249064616 -14.14386729873506 0
1437 0 0.0027624606832226759 -4.7890658908953441 -10.225882076871045 0
1438 0 0.0027717025238621984 -4.8188510354393079 -12.810363376309413 0
1439 0 0.0027629682584308815 -7.2458620232470441 -14.038872339798537 0
1440 0 0.0029090959566906555 0 -29.02964249647578 0
1441 0 0.0029092932875423852 2.6081769474655458 -24.965235286481334 0
1442 0 0.0029190287814231299 0 -26.335711858673577 0
1443 0 0.0029092932875423839 -2.6081769474655458 -24.965235286481334 0
1444 0 0.002909293287538577 5.048004779104982 -20.840099963041645 0
1445 0 0.0029090959566843307 7.3410169778403143 -16.692202502310842 0
1446 0 0.0029190287814180424 4.9471553410580871 -18.120462593579038 0
1447 0 0.0029092932875373141 2.4533994753461532 -16.798770159075108 0
1448 0 0.0029487633701736939 -2.5547835425291661 -22.251186871400691 0
1449 0 0.0029487633701736939 2.5547835425291656 -22.251186871400691 0
1450 0 0.0029588323206155682 0 -20.905157448518157 0
1451 0 0.0029487633701749641 0 -18.174698182047432 0
1452 0 0.002909293287538577 -5.048004779104982 -20.840099963041645 0
1453 0 0.0029092932875373124 -2.4533994753461532 -16.798770159075108 0
1454 0 0.0029190287814180428 -4.9471553410580844 -18.120462593579035 0
1455 0.0010615972237902494 0.0029090959566843294 -7.3410169778403143 -16.692202502310842 0
1456 0 0.0027629682584110575 -2.6540821125953205 -30.346088704911178 0
1457 0 0.0027631371928024677 -5.1945400421113161 -26.233934096873007 0
1458 0 0.0027717025238423111 -5.2389922316665247 -28.919801669840588 0
1459 0 0.0027624606832016628 -7.864316400067751 -30.129120107385592 0
1460 0 0.0027631371928060968 -7.5755863952060505 -22.071372356603479 0
1461 0 0.00276296825841709 -9.8210630646972508 -17.892931341590689 0
1462 0 0.0027717025238471532 -9.9528677564834673 -20.551189917197053 0
1463 0 0.0027624606832064879 -12.458252344857137 -21.65458996416244 0
1464 0 0.0027978366728392064 -10.387617582417953 -28.597259371799176 0
1465 0 0.0027971517524084544 -7.6669615846884724 -24.74999401467386 0
1466 0 0.0028066817062158181 -10.235307178421289 -25.906157027920255 0
1467 0 0.0027978366728379899 -12.648182704667425 -24.328811332259452 0
1468 0 0.0027604144968628348 -13.056945414307139 -29.698446300205571 0
1469 0 0.0027604144968640331 -15.23842305763816 -25.388900524791573 0
1470 0 0.0027689713462914706 -15.492832752973932 -28.065412269208949 0
1471 0 0.0027595700109504114 -18.176646549681255 -29.060923768708495 0
1472 0.7152093204303519 0.0023119757085191938 18.623665168299702 -31.496773302235123 0
1473 0 0.0023124686004765095 13.377902970501381 -32.149908513297106 0
1474 0.059560122685556063 0.0023180283340658247 16.265433687885057 -32.954840530510566 0
1475 0.031756893866923978 0.0023108702718821297 16.795625601847906 -35.161017667463938 0
1476 0 0.0023136588543847037 8.0576366797625649 -32.591991644868486 0
1477 0 0.0023139540579521015 2.7107247932451748 -32.814391277463514 0
1478 0 0.002319616656582976 5.4916704880976797 -33.85362878185741 0
1479 0 0.0023124536727180496 5.7083376740424177 -36.09609213211936 0
1480 0 0.0023365414557668823 14.289787584617883 -36.594018419874942 0
1481 0 0.002334926628100521 10.905672385016455 -33.513977915690397 0
1482 0 0.0023422595743328462 11.28362120553477 -35.748911070309887 0
1483 0 0.0023361434167484462 8.654039330432358 -37.072691834166037 0
1484 0 0.0023072333894237356 14.783860920869238 -38.803986857239508 0
1485 0 0.0023076265366367235 8.9779832713598733 -39.302475690157891 0
1486 0 0.0023131745770112277 12.105047728947021 -40.192005027780567 0
1487 0 0.002305932997458435 12.554194131999278 -42.394900567223189 0
1488 0 0.0023139540579521015 -2.7107247932451748 -32.814391277463514 0
1489 0 0.0023136588543847037 -8.0576366797625631 -32.591991644868486 0
1490 0 0.0023196166565829747 -5.4916704880976797 -33.853628781857417 0
1491 0 0.0023124536727180496 -5.7083376740424168 -36.09609213211936 0
1492 0 0.002312468600476509 -13.377902970501379 -32.149908513297106 0
1493 0 0.0023119757085191938 -18.623665168299709 -31.49677330223513 0
1494 0 0.0023180283340658242 -16.265433687885057 -32.954840530510573 0
1495 0 0.0023108702718821297 -16.795625601847906 -35.161017667463945 0
1496 0 0.0023361434167484462 -8.6540393304323562 -37.072691834166051 0
1497 0 0.0023349266281005193 -10.905672385016453 -33.513977915690397 0
1498 0.00015051154603793759 0.0023422595743328462 -11.28362120553477 -35.748911070309887 0
1499 0.00068697873846546248 0.0023365414557668818 -14.28978758461788 -36.594018419874942 0
1500 0.00078198690740722578 0.0023076265366367235 -8.9779832713598697 -39.302475690157884 0
1501 0 0.002307233389423736 -14.783860920869234 -38.803986857239501 0
1502 0 0.0023131745770112273 -12.105047728947019 -40.192005027780567 0
1503 0 0.002305932997458435 -12.554194131999282 -42.394900567223189 0
1504 0 0.0024077644410895292 9.6409622626898184 -43.783551646418701 0
1505 0 0.0024062147543666692 6.1303119588670096 -40.602418630708527 0
1506 0 0.0024140775660272235 6.3372533905017692 -42.875661963549206 0
1507 0 0.0024078760789306521 3.2322588385860511 -44.152633664441062 0
1508 0 0.0024011984789079161 2.9294205056253233 -37.317615111579137 0
1509 0 0.0023994306654389914 0 -33.96877921882804 0
1510 0 0.0024073826905572134 0 -36.224908539258401 0
1511 0 0.0024011984789079161 -2.9294205056253233 -37.31761511157913 0
1512 0 0.0024312766548183727 0 -43.05823847884119 0
1513 0 0.0024329551255178618 3.0233069854510699 -39.58933747028285 0
1514 0 0.0024393345964668625 0 -40.772282352304259 0
1515 0 0.0024329551255178631 -3.0233069854510699 -39.58933747028285 0
1516 0 0.0024078760789306508 -3.2322588385860511 -44.152633664441062 0
1517 0 0.002406214754366671 -6.1303119588670105 -40.602418630708542 0
1518 0 0.0024140775660272239 -6.3372533905017692 -42.875661963549206 0
1519 0 0.0024077644410895292 -9.6409622626898184 -43.783551646418701 0
1520 0 0.0022877643326352924 10.020237646079513 -45.990631255565411 0
1521 0 0.0022878600463082854 3.3603344824074965 -46.374274168251731 0
1522 0 0.0022933603555004237 6.8490896041975056 -47.309343409297611 0
1523 0 0.0022858920169436564 7.1620982562496849 -49.464294533788888 0
1524 0 0.0022878600463082854 -3.360334482407497 -46.374274168251723 0
1525 0 0.0022877643326352929 -10.020237646079519 -45.990631255565411 0
1526 0 0.0022933603555004237 -6.8490896041975038 -47.309343409297611 0
1527 0 0.0022858920169436564 -7.1620982562496849 -49.464294533788888 0
1528 0 0.0023100905227926489 3.6769890627249286 -50.707712009808006 0
1529 0 0.0023081035385407629 0 -47.506730692971871 0
1530 0 0.0023157413938499453 0 -49.678778429466298 0
1531 0 0.0023100905227926502 -3.6769890627249286 -50.707712009808013 0
1532 0.00059393879395670877 0.002279953086157372 3.8572958939855715 -52.86448972788623 0
1533 0 0.002279953086157372 -3.8572958939855693 -52.86448972788623 0
1534 0 0.0022854343034622096 0 -53.999629617934069 0
1535 0 0.0022778967232447286 0 -56.143350314966739 0
1536 0 0.0022778967231497789 -150.01343256828503 1.2571844561137533 0
1537 0 0.0022799530860643145 -151.25038791171735 5.0296780021507415 0
1538 0 0.0022854343033678979 -151.74969097906947 2.5158877453956623 0
1539 0 0.0022799530860632901 -153.98384892373736 1.2583195378243726 0
1540 0 0.0022858920168563794 -152.51332693777331 8.8081811313745391 0
1541 0 0.0022877643325499497 -153.80230426946562 12.570256396657314 0
1542 0 0.0022933603554138328 -154.2954252028552 10.071787314765697 0
1543 0 0.0022878600462219057 -156.56507296725107 8.8246614060198354 0
1544 0 0.0023100905227022833 -155.73739599416376 2.5203266684934387 0
1545 0 0.0023100905227012442 -153.00752219162487 6.2972744737190798 0
1546 0 0.002315741393758312 -155.26118151481555 5.0446867091508185 0
1547 0 0.00230810353844846 -157.03584678764054 6.3093231584536253 0
1548 0.0047249786778260586 0.0022858920168522521 -157.96581041288493 1.2615977821925541 0
1549 0.0010573912284451887 0.0022878600462188014 -159.27209385431902 5.0471658235043471 0
1550 7.7714780288473213e-06 0.0022933603554096947 -159.72515170020816 2.5246184308865933 0
1551 0 0.0022877643325447928 -161.93626663987919 1.2626312911384969 0
1552 0 0.0023059329973957108 -155.16450282327193 16.376419490364487 0
1553 0.14384798276730271 0.0023072333893630298 -156.5568826379141 20.11937785122603 0
1554 0 0.0023131745769493081 -157.05848329703687 17.675329503925227 0
1555 0 0.0023076265365749543 -159.44540800956258 16.506559489205792 0
1556 0 0.0023108702718275752 -158.02960088613926 23.859368168454878 0
1557 0 0.002311975708466682 -159.59004522458025 27.571826798974204 0
1558 0 0.0023180283340121003 -160.06375695679199 25.13768723615172 0
1559 3.7624393478990644e-06 0.0023124686004229208 -162.55920315695261 23.946572389583416 0
1560 0 0.002336143416691056 -161.38485403062163 17.772328240206569 0
1561 0.034325883328804978 0.0023365414557084091 -158.51655197178019 21.41532846581595 0
1562 0.00081464228150372471 0.0023422595742742195 -160.95893215793222 20.235644355692827 0
1563 0 0.0023349266280410794 -162.96624329860384 21.490074347714948 0
1564 0 0.0023124536726591856 -163.74203082240118 16.557526686894182 0
1565 0 0.0023136588543278759 -165.36462376310055 20.254700382224424 0
1566 0 0.002319616656524936 -165.7137765355082 17.786946402057133 0
1567 0 0.0023139540578942081 -168.02719348226782 16.52529628910759 0
1568 0 0.0024077644410168131 -163.76005110981015 2.5358061374171381 0
1569 0.00010034097436390892 0.0024078760788568509 -161.09977250210517 6.3263618507545916 0
1570 0 0.0024140775659532042 -163.37742666997883 5.0760029709112748 0
1571 0 0.0024062147542918762 -165.27026561797143 6.3583214159982324 0
1572 0 0.0024078760788535879 -158.39988622458287 10.116393131239041 0
1573 0 0.0024077644410113912 -155.64841190170901 13.879381383475501 0
1574 0 0.0024140775659488491 -157.97771648227996 12.671477216064075 0
1575 0 0.0024062147542875355 -159.87954688631294 14.000818937872314 0
1576 0 0.0024329551254387814 -164.8949537317236 8.9148684904578062 0
1577 0 0.0024312766547382987 -160.6994171313431 8.879179128559878 0
1578 0 0.0024393345963875401 -162.60104732446476 10.186372586091375 0
1579 0 0.0024329551254398734 -162.20424954917081 12.751997158333589 0
1580 0 0.0024011984788268803 -166.80325779463141 10.189605128950269 0
1581 0 0.0024011984788258026 -164.12651583130548 14.044129786644577 0
1582 0 0.0024073826904748605 -166.43222932153921 12.752274908043802 0
1583 0 0.0023994306653559051 -168.36083759890985 14.005237520197843 0
1584 0 0.0023059329973787136 -165.96536439024189 1.2726601130916124 0
1585 0 0.0023076265365589827 -167.48310195601135 5.0908767566834667 0
1586 0 0.0023131745769322584 -167.7950966609128 2.5464410612565569 0
1587 0 0.0023072333893449904 -169.93592082228116 1.2733779258757529 0
1588 0 0.0023124536726463144 -169.03081473594463 8.9130806065641845 0
1589 0 0.0023139540578823734 -170.61119053194517 12.716486860422281 0
1590 0 0.0023196166565120245 -170.91002659252007 10.188264909113384 0
1591 0 0.0023136588543139639 -173.08461405997738 8.9231755559690225 0
1592 0 0.0023365414556922345 -171.78334296535533 2.5491918791927155 0
1593 0 0.0023361434166727884 -169.33504955084683 6.3720428419899635 0
1594 0 0.0023422595742569542 -171.49498946347344 5.1025750244450894 0
1595 0 0.002334926628023867 -173.36485749695112 6.379422233976678 0
1596 0 0.0023108702718063769 -173.91828031736512 1.2753854677775123 0
1597 0 0.0023124686004027438 -175.50695054576084 5.101586878030858 0
1598 0 0.0023180283339908382 -175.7716206707475 2.5517876671408821 0
1599 1.2778160387649104e-05 0.0023119757084444407 -177.88886143006846 1.275995666383495 0
1600 0 0.0023119757085191938 -161.37633483170032 31.496773302235123 0
1601 0 0.0023108702718821284 -163.20437439815211 35.161017667463938 0
1602 0 0.0023180283340658247 -163.73456631211494 32.954840530510566 0
1603 0 0.0023124686004765095 -166.6220970294986 32.149908513297106 0
1604 0 0.0023072333894237343 -165.21613907913078 38.803986857239508 0
1605 0 0.0023059329974584337 -167.44580586800072 42.394900567223189 0
1606 0 0.0023131745770112273 -167.89495227105297 40.192005027780567 0
1607 0 0.0023076265366367235 -171.02201672864012 39.302475690157891 0
1608 0 0.002334926628100521 -169.09432761498357 33.513977915690397 0
1609 0 0.0023365414557668823 -165.71021241538213 36.594018419874942 0
1610 0 0.0023422595743328462 -168.71637879446521 35.74891107030988 0
1611 0 0.0023361434167484467 -171.34596066956766 37.072691834166037 0
1612 0 0.0023136588543847024 -171.94236332023746 32.591991644868486 0
1613 0 0.0023124536727180496 -174.29166232595759 36.09609213211936 0
1614 0 0.0023196166565829755 -174.50832951190233 33.853628781857417 0
1615 0 0.0023139540579521032 -177.28927520675484 32.814391277463514 0
1616 0 0.0022877643326352942 -169.97976235392048 45.990631255565411 0
1617 0 0.0022858920169436582 -172.83790174375034 49.464294533788888 0
1618 0 0.0022933603555004237 -173.1509103958025 47.309343409297611 0
1619 0 0.0022878600463082854 -176.6396655175925 46.374274168251731 0
1620 0.026170329917049942 0.002279953086157372 -176.14270410601443 52.86448972788623 0
1621 0 0.0022778967232447273 180 56.143350314966739 0
1622 0 0.0022854343034622096 180 53.999629617934083 0
1623 0.0089445162146241271 0.002279953086157372 176.14270410601443 52.86448972788623 0
1624 0 0.0023081035385407625 180 47.506730692971871 0
1625 0.01318326125611477 0.0023100905227926489 -176.32301093727509 50.707712009808013 0
1626 1.0083307760852052e-05 0.0023157413938499449 180 49.678778429466298 0
1627 0.0033702916937086783 0.0023100905227926502 176.32301093727509 50.707712009808013 0
1628 0 0.0022878600463082854 176.6396655175925 46.374274168251723 0
1629 0 0.0022858920169436595 172.83790174375034 49.464294533788888 0
1630 0 0.0022933603555004242 173.1509103958025 47.309343409297611 0
1631 0 0.0022877643326352929 169.97976235392048 45.990631255565411 0
1632 0 0.0023994306654389914 180 33.96877921882804 0
1633 0 0.0024011984789079161 -177.0705794943747 37.317615111579137 0
1634 0 0.0024073826905572134 180 36.224908539258408 0
1635 0 0.0024011984789079161 177.0705794943747 37.317615111579137 0
1636 0 0.0024062147543666692 -173.869688041133 40.602418630708534 0
1637 0 0.0024077644410895292 -170.35903773731019 43.783551646418701 0
1638 0 0.0024140775660272239 -173.66274660949824 42.875661963549206 0
1639 0 0.0024078760789306521 -176.76774116141397 44.152633664441062 0
1640 0 0.0024329551255178631 176.97669301454894 39.589337470282842 0
1641 0 0.0024329551255178631 -176.97669301454894 39.58933747028285 0
1642 0 0.002439334596466862 180 40.772282352304259 0
1643 0 0.0024312766548183727 180 43.05823847884119 0
1644 0 0.0024062147543666705 173.869688041133 40.602418630708534 0
1645 0 0.0024078760789306508 176.76774116141397 44.152633664441062 0
1646 0 0.0024140775660272239 173.66274660949824 42.875661963549213 0
1647 0 0.0024077644410895292 170.35903773731019 43.783551646418701 0
1648 0 0.0023139540579521032 177.28927520675484 32.814391277463514 0
1649 0 0.0023124536727180496 174.29166232595759 36.09609213211936 0
1650 0 0.0023196166565829742 174.50832951190233 33.853628781857417 0
1651 0 0.0023136588543847055 171.94236332023746 32.591991644868486 0
1652 0 0.0023076265366367235 171.02201672864015 39.302475690157884 0
1653 0 0.002305932997458435 167.44580586800072 42.394900567223189 0
1654 0 0.0023131745770112273 167.89495227105297 40.192005027780567 0
1655 0 0.0023072333894237343 165.21613907913078 38.803986857239501 0
1656 0 0.0023349266281005193 169.09432761498357 33.513977915690397 0
1657 0 0.0023361434167484462 171.34596066956766 37.072691834166037 0
1658 0 0.0023422595743328462 168.71637879446521 35.748911070309887 0
1659 0 0.0023365414557668818 165.71021241538213 36.594018419874942 0
1660 0 0.002312468600476509 166.6220970294986 32.149908513297106 0
1661 0 0.0023108702718821284 163.20437439815211 35.161017667463945 0
1662 0 0.0023180283340658242 163.73456631211494 32.954840530510566 0
1663 0 0.0023119757085191938 161.37633483170029 31.49677330223513 0
1664 0 0.0027595700109762102 180 2.5529434383740739 0
1665 0 0.0027604144968874453 -177.62356562761573 6.3862903510745976 0
1666 0 0.0027689713463161605 180 5.1116127684034174 0
1667 0 0.0027604144968874453 177.62356562761573 6.3862903510745976 0
1668 0 0.0027624606832226759 -175.21093410910467 10.225882076871043 0
1669 0 0.0027629682584308815 -172.75413797675296 14.038872339798536 0
1670 0 0.0027717025238621963 -175.18114896456069 12.810363376309414 0
1671 0 0.0027631371928210913 -177.57903147509353 14.143867298735062 0
1672 0 0.0027978366728580663 177.60901857322293 8.9644302606226631 0
1673 0 0.0027978366728580663 -177.60901857322293 8.9644302606226649 0
1674 0 0.0028066817062359639 180 10.269575555157431 0
1675 0 0.0027971517524297356 180 12.862915232134929 0
1676 0 0.0027624606832226759 175.21093410910467 10.225882076871043 0
1677 0 0.0027631371928210926 177.57903147509353 14.143867298735062 0
1678 0 0.0027717025238621963 175.18114896456069 12.810363376309414 0
1679 0 0.0027629682584308815 172.75413797675296 14.038872339798536 0
1680 2.196983349129538e-05 0.0027629682584170883 -170.17893693530274 17.892931341590682 0
1681 0 0.0027624606832064879 -167.54174765514287 21.654589964162433 0
1682 0 0.0027717025238471553 -170.04713224351653 20.551189917197053 0
1683 0 0.0027631371928060972 -172.42441360479395 22.07137235660349 0
1684 3.7231938166420902e-06 0.0027604144968640331 -164.76157694236184 25.388900524791566 0
1685 0 0.0027595700109504097 -161.82335345031873 29.060923768708498 0
1686 0 0.0027689713462914706 -164.50716724702608 28.065412269208952 0
1687 0 0.0027604144968628348 -166.94305458569286 29.698446300205557 0
1688 2.2924258565793514e-05 0.0027971517524084544 -172.33303841531153 24.749994014673863 0
1689 5.4061996117077752e-06 0.0027978366728379899 -167.35181729533258 24.328811332259452 0
1690 0 0.0028066817062158168 -169.76469282157873 25.906157027920255 0
1691 0 0.0027978366728392077 -169.61238241758207 28.597259371799176 0
1692 5.7681270834077599e-06 0.0027631371928024677 -174.8054599578887 26.233934096873011 0
1693 0 0.0027624606832016623 -172.13568359993226 30.129120107385599 0
1694 0 0.0027717025238423124 -174.76100776833349 28.919801669840602 0
1695 3.132254117082237e-05 0.0027629682584110588 -177.34591788740468 30.346088704911178 0
1696 0 0.0029090959566843311 172.65898302215967 16.692202502310842 0
1697 0 0.0029092932875373141 177.54660052465385 16.798770159075108 0
1698 0 0.0029190287814180441 175.05284465894192 18.120462593579035 0
1699 0 0.002909293287538577 174.95199522089501 20.840099963041645 0
1700 0 0.0029092932875373146 -177.54660052465385 16.798770159075108 0
1701 0 0.0029090959566843311 -172.65898302215967 16.692202502310842 0
1702 0 0.0029190287814180446 -175.05284465894192 18.120462593579038 0
1703 0 0.002909293287538577 -174.95199522089501 20.840099963041652 0
1704 0 0.0029487633701736939 177.44521645747082 22.251186871400691 0
1705 0 0.0029487633701749658 180 18.174698182047432 0
1706 0 0.0029588323206155682 180 20.90515744851816 0
1707 0 0.0029487633701736943 -177.44521645747085 22.251186871400691 0
1708 0 0.0029092932875423852 177.39182305253445 24.965235286481334 0
1709 0 0.0029092932875423852 -177.39182305253445 24.965235286481331 0
1710 0 0.0029190287814231299 180 26.335711858673577 0
1711 7.1102364057615097e-06 0.0029090959566906555 180 29.029642496475788 0
1712 0 0.0027629682584170896 170.17893693530274 17.892931341590682 0
1713 0 0.0027631371928060968 172.42441360479395 22.07137235660349 0
1714 0 0.0027717025238471553 170.04713224351653 20.551189917197053 0
1715 0 0.0027624606832064879 167.54174765514287 21.654589964162433 0
1716 0 0.0027631371928024677 174.8054599578887 26.233934096873011 0
1717 0 0.0027629682584110575 177.34591788740468 30.346088704911178 0
1718 0 0.0027717025238423124 174.76100776833349 28.919801669840602 0
1719 0 0.0027624606832016628 172.13568359993226 30.129120107385599 0
1720 0 0.0027978366728379903 167.35181729533258 24.328811332259452 0
1721 0 0.0027971517524084544 172.33303841531153 24.749994014673863 0
1722 0 0.0028066817062158199 169.76469282157873 25.906157027920255 0
1723 0 0.0027978366728392077 169.61238241758207 28.597259371799176 0
1724 0 0.0027604144968640331 164.76157694236184 25.388900524791566 0
1725 0 0.0027604144968628348 166.94305458569286 29.698446300205557 0
1726 0 0.0027689713462914706 164.50716724702608 28.065412269208945 0
1727 0 0.0027595700109504114 161.82335345031873 29.060923768708498 0
1728 0 0.0023119757084444407 177.88886143006846 1.2759956663834946 0
1729 0 0.0023124686004027438 175.50695054576084 5.1015868780308598 0
1730 0 0.0023180283339908382 175.7716206707475 2.5517876671408817 0
1731 0.0013015741187823735 0.0023108702718063756 173.91828031736512 1.2753854677775123 0
1732 0 0.0023136588543139639 173.08461405997738 8.9231755559690278 0
1733 0 0.0023139540578823721 170.61119053194517 12.716486860422277 0
1734 3.4035054928338084e-05 0.0023196166565120232 170.91002659252007 10.188264909113384 0
1735 1.5725275040457304e-05 0.0023124536726463144 169.03081473594463 8.9130806065641828 0
1736 0.00027445879876829662 0.0023365414556922363 171.78334296535533 2.5491918791927155 0
1737 0.00025814432359573802 0.002334926628023867 173.36485749695112 6.3794222339766771 0
1738 0.00057847156864734503 0.0023422595742569542 171.49498946347344 5.1025750244450876 0
1739 0.00062190996883417361 0.0023361434166727884 169.33504955084683 6.3720428419899635 0
1740 0 0.0023072333893449904 169.93592082228116 1.2733779258757529 0
1741 9.8122798859534587e-05 0.0023076265365589827 167.48310195601135 5.0908767566834658 0
1742 0 0.0023131745769322588 167.7950966609128 2.5464410612565569 0
1743 0 0.0023059329973787136 165.96536439024189 1.2726601130916135 0
1744 0 0.0023139540578942098 168.02719348226782 16.525296289107587 0
1745 4.182388784247966e-05 0.0023136588543278772 165.36462376310055 20.254700382224424 0
1746 0 0.002319616656524936 165.7137765355082 17.786946402057133 0
1747 0 0.0023124536726591856 163.74203082240118 16.557526686894178 0
1748 0 0.0023124686004229217 162.55920315695261 23.946572389583427 0
1749 0 0.002311975708466682 159.59004522458025 27.571826798974204 0
1750 0 0.0023180283340120999 160.06375695679199 25.13768723615172 0
1751 0 0.0023108702718275748 158.02960088613926 23.859368168454871 0
1752 0 0.0023361434166910542 161.38485403062163 17.772328240206569 0
1753 0 0.0023349266280410798 162.96624329860384 21.490074347714948 0
1754 0 0.0023422595742742195 160.95893215793222 20.23564435569283 0
1755 0 0.0023365414557084095 158.51655197178019 21.41532846581595 0
1756 0 0.002307626536574956 159.44540800956258 16.506559489205785 0
1757 0 0.0023072333893630315 156.55688263791407 20.11937785122603 0
1758 0 0.0023131745769493081 157.05848329703687 17.675329503925227 0
1759 0 0.0023059329973957108 155.16450282327193 16.376419490364491 0
1760 0 0.0024077644410168131 163.76005110981015 2.5358061374171381 0
1761 0 0.0024062147542918762 165.27026561797143 6.3583214159982324 0
1762 0.0011652624133266624 0.0024140775659532042 163.37742666997883 5.0760029709112757 0
1763 0 0.0024078760788568509 161.09977250210517 6.3263618507545916 0
1764 0.0001136340154109722 0.0024011984788268803 166.80325779463141 10.189605128950269 0
1765 1.0540987883013517e-05 0.0023994306653559051 168.36083759890985 14.005237520197843 0
1766 1.1395033223947002e-05 0.0024073826904748605 166.43222932153921 12.752274908043807 0
1767 0 0.0024011984788258026 164.12651583130548 14.044129786644577 0
1768 0 0.0024312766547382987 160.6994171313431 8.8791791285598833 0
1769 0 0.0024329551254387814 164.8949537317236 8.9148684904578079 0
1770 0 0.0024393345963875401 162.60104732446476 10.186372586091373 0
1771 0 0.0024329551254398734 162.20424954917081 12.751997158333593 0
1772 0 0.0024078760788535879 158.39988622458287 10.116393131239041 0
1773 0 0.0024062147542875355 159.87954688631294 14.000818937872314 0
1774 0 0.0024140775659488491 157.97771648227993 12.671477216064075 0
1775 0 0.0024077644410113912 155.64841190170901 13.879381383475501 0
1776 0 0.002287764332544791 161.93626663987919 1.2626312911384983 0
1777 0 0.0022878600462188014 159.27209385431902 5.0471658235043462 0
1778 0 0.0022933603554096947 159.72515170020816 2.5246184308865933 0
1779 0 0.0022858920168522521 157.96581041288493 1.2615977821925541 0
1780 0 0.0022878600462219057 156.56507296725107 8.8246614060198354 0
1781 0 0.0022877643325499497 153.80230426946562 12.570256396657316 0
1782 0 0.0022933603554138328 154.2954252028552 10.071787314765697 0
1783 0 0.0022858920168563794 152.51332693777329 8.8081811313745355 0
1784 5.4849599496907394e-05 0.0023100905227022833 155.73739599416376 2.5203266684934387 0
1785 0.0036658808144084602 0.00230810353844846 157.03584678764054 6.3093231584536253 0
1786 1.9947467500826419e-05 0.002315741393758312 155.26118151481555 5.0446867091508167 0
1787 0.0006601880888432403 0.0023100905227012429 153.00752219162487 6.2972744737190798 0
1788 5.3278440187481199e-05 0.0022799530860632918 153.98384892373736 1.2583195378243728 0
1789 0 0.0022799530860643162 151.25038791171735 5.0296780021507397 0
1790 0 0.0022854343033678992 151.74969097906947 2.5158877453956623 0
1791 0 0.0022778967231497776 150.01343256828503 1.257184456113752 0
1792 0 0.0022778967231497802 -150.01343256828503 -1.2571844561137533 0
1793 0 0.0022799530860632888 -153.98384892373736 -1.2583195378243726 0
1794 0 0.0022854343033678979 -151.74969097906947 -2.5158877453956614 0
1795 0 0.0022799530860643162 -151.25038791171735 -5.0296780021507415 0
1796 0 0.0022858920168522521 -157.96581041288493 -1.2615977821925541 0
1797 0 0.002287764332544791 -161.93626663987919 -1.2626312911384969 0
1798 2.5206399234456704e-05 0.0022933603554096947 -159.72515170020816 -2.5246184308865933 0
1799 0 0.0022878600462188014 -159.27209385431902 -5.0471658235043471 0
1800 0 0.0023100905227012442 -153.00752219162487 -6.2972744737190771 0
1801 0 0.0023100905227022833 -155.73739599416376 -2.5203266684934387 0
1802 0.00050526330403039303 0.0023157413937583103 -155.26118151481555 -5.0446867091508185 0
1803 0 0.00230810353844846 -157.03584678764054 -6.3093231584536298 0
1804 0 0.0022858920168563794 -152.51332693777331 -8.8081811313745391 0
1805 0 0.0022878600462219044 -156.56507296725107 -8.8246614060198354 0
1806 0 0.0022933603554138328 -154.29542520285523 -10.071787314765697 0
1807 0 0.0022877643325499497 -153.80230426946562 -12.570256396657314 0
1808 0 0.0023059329973787136 -165.96536439024189 -1.2726601130916124 0
1809 0 0.0023072333893449908 -169.93592082228116 -1.2733779258757529 0
1810 0 0.0023131745769322588 -167.7950966609128 -2.5464410612565587 0
1811 0 0.002307626536558984 -167.48310195601135 -5.0908767566834667 0
1812 0 0.0023108702718063769 -173.91828031736512 -1.2753854677775123 0
1813 0 0.0023119757084444407 -177.88886143006846 -1.275995666383495 0
1814 0 0.0023180283339908382 -175.7716206707475 -2.5517876671408808 0
1815 3.6054220804195258e-05 0.0023124686004027438 -175.50695054576084 -5.101586878030858 0
1816 0 0.0023361434166727884 -169.33504955084683 -6.3720428419899653 0
1817 0.00022255851822257128 0.0023365414556922345 -171.78334296535533 -2.5491918791927164 0
1818 0.00017593779497166885 0.0023422595742569525 -171.49498946347344 -5.1025750244450876 0
1819 0 0.002334926628023867 -173.36485749695112 -6.379422233976678 0
1820 0 0.0023124536726463144 -169.03081473594463 -8.9130806065641845 0
1821 2.1798874779466956e-05 0.0023136588543139643 -173.08461405997738 -8.9231755559690225 8
1822 4.3324991611394349e-05 0.0023196166565120245 -170.91002659252007 -10.188264909113386 8
1823 0.0014046719056001503 0.0023139540578823747 -170.61119053194517 -12.716486860422281 0
1824 0 0.0024077644410113916 -155.64841190170901 -13.879381383475494 0
1825 0.00011731512942042235 0.0024078760788535879 -158.39988622458287 -10.116393131239043 0
1826 0 0.0024140775659488491 -157.97771648227993 -12.671477216064076 0
1827 0 0.0024062147542875355 -159.87954688631294 -14.000818937872314 0
1828 0 0.0024078760788568509 -161.09977250210517 -6.3263618507545916 0
1829 0 0.0024077644410168131 -163.76005110981015 -2.5358061374171381 0
1830 0 0.0024140775659532042 -163.37742666997883 -5.0760029709112757 0
1831 0 0.0024062147542918762 -165.2702656179714 -6.3583214159982342 0
1832 0 0.0024329551254398734 -162.20424954917081 -12.751997158333593 0
1833 3.9123587809468524e-05 0.0024312766547382987 -160.6994171313431 -8.8791791285598816 0
1834 0 0.0024393345963875383 -162.60104732446476 -10.186372586091375 0
1835 0 0.0024329551254387827 -164.8949537317236 -8.9148684904578097 0
1836 0 0.0024011984788258026 -164.12651583130548 -14.044129786644579 0
1837 1.4511202007479292e-05 0.0024011984788268803 -166.80325779463141 -10.189605128950268 0
1838 0 0.0024073826904748605 -166.43222932153921 -12.752274908043802 0
1839 0.00048417056205167828 0.0023994306653559051 -168.36083759890985 -14.005237520197843 0
1840 8.4706416023573621e-05 0.0023059329973957108 -155.16450282327193 -16.376419490364487 0
1841 0 0.0023076265365749543 -159.44540800956258 -16.506559489205792 0
1842 0 0.0023131745769493081 -157.05848329703687 -17.675329503925227 0
1843 0.0005758878697203389 0.0023072333893630302 -156.5568826379141 -20.11937785122603 0
1844 0 0.0023124536726591856 -163.74203082240118 -16.557526686894182 0
1845 0 0.0023139540578942081 -168.02719348226782 -16.52529628910759 0
1846 0 0.002319616656524936 -165.7137765355082 -17.78694640205714 0
1847 0 0.0023136588543278759 -165.36462376310055 -20.254700382224424 0
1848 0.0011219508208582341 0.0023365414557084095 -158.51655197178019 -21.415328465815946 0
1849 0.00015389203833490183 0.0023361434166910555 -161.38485403062163 -17.772328240206569 0
1850 0 0.0023422595742742195 -160.95893215793222 -20.23564435569283 0
1851 0 0.0023349266280410794 -162.96624329860384 -21.490074347714945 0
1852 0 0.0023108702718275752 -158.02960088613926 -23.859368168454878 0
1853 0 0.0023124686004229221 -162.55920315695261 -23.946572389583416 0
1854 0 0.0023180283340121003 -160.06375695679199 -25.13768723615172 0
1855 0 0.002311975708466682 -159.59004522458025 -27.571826798974204 0
1856 0 0.0023119757084444407 177.88886143006846 -1.2759956663834946 0
1857 0.00085446743451606931 0.0023108702718063769 173.91828031736512 -1.2753854677775123 0
1858 0.00073396933377776682 0.0023180283339908382 175.7716206707475 -2.5517876671408821 0
1859 2.1868808223706407e-05 0.0023124686004027438 175.50695054576084 -5.1015868780308598 0
1860 9.8962703101432577e-05 0.0023072333893449908 169.93592082228116 -1.2733779258757529 0
1861 0.00030871435114503549 0.0023059329973787136 165.96536439024189 -1.2726601130916135 0
1862 0 0.0023131745769322584 167.79509666091278 -2.5464410612565573 0
1863 0 0.002307626536558984 167.48310195601135 -5.0908767566834658 0
1864 0 0.002334926628023867 173.36485749695112 -6.3794222339766771 0
1865 0 0.0023365414556922363 171.78334296535533 -2.5491918791927151 0
1866 0 0.0023422595742569555 171.49498946347344 -5.1025750244450876 0
1867 0 0.0023361434166727884 169.33504955084683 -6.3720428419899653 0
1868 0 0.0023136588543139643 173.08461405997738 -8.9231755559690278 0
1869 0 0.0023124536726463144 169.03081473594463 -8.9130806065641828 0
1870 0 0.0023196166565120232 170.91002659252007 -10.188264909113384 0
1871 0 0.0023139540578823747 170.61119053194517 -12.716486860422277 0
1872 0 0.002287764332544791 161.93626663987919 -1.2626312911384983 0
1873 0 0.0022858920168522521 157.96581041288493 -1.2615977821925541 0
1874 0 0.0022933603554096947 159.72515170020816 -2.5246184308865933 0
1875 0 0.0022878600462188014 159.27209385431902 -5.0471658235043462 0
1876 0 0.0022799530860632888 153.98384892373736 -1.2583195378243728 0
1877 0.01614308282533242 0.0022778967231497802 150.01343256828503 -1.257184456113752 0
1878 0.040727232898884684 0.0022854343033678992 151.7496909790695 -2.5158877453956618 0
1879 0.28390731549677134 0.0022799530860643162 151.25038791171735 -5.0296780021507397 0
1880 0.063045466720883805 0.0023081035384484604 157.03584678764054 -6.3093231584536271 0
1881 0.00051147951467014235 0.0023100905227022828 155.73739599416376 -2.5203266684934391 0
1882 0.075309133311622298 0.0023157413937583103 155.26118151481555 -5.0446867091508185 0
1883 0.0078946072592753266 0.0023100905227012429 153.00752219162487 -6.2972744737190789 0
1884 0.055030768765260696 0.0022878600462219044 156.56507296725107 -8.8246614060198354 0
1885 0.011467826463915927 0.0022858920168563794 152.51332693777329 -8.8081811313745355 0
1886 0.0028499927211264554 0.0022933603554138328 154.29542520285523 -10.071787314765693 0
1887 0.010737950023642851 0.0022877643325499497 153.80230426946562 -12.570256396657316 0
1888 0.033592566374483497 0.0023994306653559051 168.36083759890985 -14.005237520197843 0
1889 0.0065303061164481381 0.0024011984788268803 166.80325779463141 -10.189605128950269 0
1890 0.0034334683100104382 0.0024073826904748618 166.43222932153921 -12.752274908043802 0
1891 0 0.0024011984788258026 164.12651583130548 -14.044129786644582 0
1892 0 0.0024062147542918762 165.27026561797143 -6.3583214159982324 0
1893 0 0.0024077644410168131 163.76005110981015 -2.5358061374171372 0
1894 0 0.0024140775659532055 163.37742666997883 -5.0760029709112757 0
1895 0 0.0024078760788568509 161.09977250210517 -6.3263618507545916 0
1896 0.0020602754200580433 0.0024329551254398717 162.20424954917081 -12.751997158333593 0
1897 0 0.0024329551254387814 164.8949537317236 -8.9148684904578097 0
1898 0.032603346706014676 0.0024393345963875383 162.60104732446476 -10.186372586091373 0
1899 0.12945640698873223 0.0024312766547382987 160.6994171313431 -8.8791791285598816 0
1900 0.0019743350789653133 0.0024062147542875355 159.87954688631294 -14.000818937872314 0
1901 0.011875806498113492 0.0024078760788535884 158.39988622458287 -10.116393131239043 0
1902 0.0026565960590079281 0.0024140775659488478 157.97771648227993 -12.671477216064076 0
1903 0 0.0024077644410113916 155.64841190170901 -13.879381383475497 0
1904 0.078161206828559315 0.0023139540578942081 168.02719348226782 -16.525296289107587 0
1905 0 0.0023124536726591856 163.74203082240118 -16.557526686894178 0
1906 0 0.002319616656524936 165.7137765355082 -17.78694640205714 0
1907 0.11688330804730765 0.0023136588543278759 165.36462376310055 -20.254700382224424 0
1908 0 0.0023076265365749543 159.44540800956258 -16.506559489205785 0
1909 0 0.0023059329973957108 155.16450282327193 -16.376419490364491 0
1910 0 0.0023131745769493085 157.05848329703687 -17.675329503925227 0
1911 0 0.0023072333893630298 156.55688263791407 -20.11937785122603 0
1912 0.00038741619512206951 0.0023349266280410798 162.96624329860384 -21.490074347714941 0
1913 0 0.0023361434166910542 161.38485403062163 -17.772328240206576 0
1914 0 0.0023422595742742195 160.95893215793222 -20.23564435569283 0
1915 0 0.0023365414557084095 158.51655197178019 -21.41532846581595 0
1916 0 0.0023124686004229217 162.55920315695261 -23.946572389583427 0
1917 0 0.0023108702718275748 158.02960088613926 -23.859368168454871 0
1918 0 0.0023180283340120999 160.06375695679199 -25.13768723615172 0
1919 0 0.002311975708466682 159.59004522458025 -27.571826798974204 0
1920 0 0.0027595700109504101 -161.82335345031873 -29.060923768708488 0
1921 0 0.0027604144968640331 -164.76157694236184 -25.388900524791577 0
1922 0 0.0027689713462914706 -164.50716724702608 -28.065412269208949 0
1923 0 0.0027604144968628348 -166.94305458569286 -29.698446300205564 0
1924 0 0.0027624606832064879 -167.54174765514287 -21.654589964162433 0
1925 0.0019727274632018676 0.0027629682584170883 -170.17893693530274 -17.892931341590682 0
1926 0 0.0027717025238471553 -170.04713224351653 -20.551189917197053 0
1927 0 0.0027631371928060972 -172.42441360479395 -22.071372356603483 0
1928 0 0.0027978366728392064 -169.61238241758207 -28.597259371799176 0
1929 0 0.0027978366728379899 -167.35181729533258 -24.328811332259452 0
1930 0 0.0028066817062158181 -169.76469282157873 -25.906157027920255 0
1931 0 0.0027971517524084544 -172.33303841531153 -24.74999401467386 0
1932 0 0.0027624606832016628 -172.13568359993226 -30.129120107385603 0
1933 0 0.0027631371928024677 -174.8054599578887 -26.233934096873011 0
1934 0 0.0027717025238423129 -174.76100776833349 -28.919801669840588 0
1935 0.00034982817532611138 0.0027629682584110588 -177.34591788740468 -30.346088704911178 8
1936 0.02488388740156618 0.0027629682584308815 -172.75413797675296 -14.038872339798539 0
1937 0 0.0027624606832226764 -175.21093410910464 -10.225882076871043 0
1938 0.00067793599437367168 0.0027717025238621967 -175.18114896456069 -12.810363376309413 0
1939 0.00056684336710643762 0.0027631371928210913 -177.57903147509353 -14.143867298735065 0
1940 0 0.0027604144968874453 -177.62356562761573 -6.3862903510745994 0
1941 0 0.0027595700109762102 180 -2.5529434383740743 0
1942 0 0.0027689713463161605 180 -5.1116127684034165 0
1943 7.1616939075975754e-05 0.0027604144968874453 177.62356562761573 -6.3862903510745994 0
1944 0 0.0027971517524297356 180 -12.862915232134931 0
1945 0 0.0027978366728580663 -177.60901857322293 -8.9644302606226649 0
1946 1.2645575272050665e-05 0.0028066817062359639 180 -10.269575555157431 0
1947 0.00010212541943508133 0.002797836672858068 177.60901857322293 -8.9644302606226649 0
1948 0.00035390702094715974 0.0027631371928210926 177.57903147509356 -14.14386729873506 0
1949 0 0.0027624606832226759 175.21093410910467 -10.225882076871045 0
1950 0 0.0027717025238621984 175.18114896456069 -12.810363376309413 0
1951 0 0.0027629682584308815 172.75413797675296 -14.038872339798537 0
1952 0 0.0029090959566906555 180 -29.02964249647578 0
1953 0 0.0029092932875423852 -177.39182305253445 -24.965235286481334 0
1954 0 0.0029190287814231299 180 -26.335711858673577 0
1955 0 0.0029092932875423839 177.39182305253445 -24.965235286481334 0
1956 0.003637461799669416 0.002909293287538577 -174.95199522089501 -20.840099963041645 0
1957 0 0.0029090959566843307 -172.65898302215967 -16.692202502310842 0
1958 0.0011114935104623383 0.0029190287814180424 -175.05284465894192 -18.120462593579038 0
1959 0.0011168416367690363 0.0029092932875373141 -177.54660052465385 -16.798770159075108 0
1960 0 0.0029487633701736939 177.44521645747082 -22.251186871400691 0
1961 1.9611229441587714e-05 0.0029487633701736939 -177.44521645747085 -22.251186871400691 0
1962 3.3896468867199367e-05 0.0029588323206155682 180 -20.905157448518157 0
1963 0.043318991431677743 0.0029487633701749641 180 -18.174698182047432 0
1964 0.00012292039862640234 0.002909293287538577 174.95199522089501 -20.840099963041645 0
1965 0.11565829658634187 0.0029092932875373124 177.54660052465385 -16.798770159075108 0
1966 0 0.0029190287814180428 175.05284465894192 -18.120462593579035 0
1967 0 0.0029090959566843294 172.65898302215967 -16.692202502310842 0
1968 0 0.0027629682584110575 177.34591788740468 -30.346088704911178 0
1969 0 0.0027631371928024677 174.8054599578887 -26.233934096873007 0
1970 0 0.0027717025238423111 174.76100776833349 -28.919801669840588 0
1971 0 0.0027624606832016628 172.13568359993226 -30.129120107385592 0
1972 1.1703889070763083e-06 0.0027631371928060968 172.42441360479395 -22.071372356603479 0
1973 0.0079610257886328327 0.00276296825841709 170.17893693530274 -17.892931341590689 0
1974 0.0065706608925841471 0.0027717025238471532 170.04713224351653 -20.551189917197053 0
1975 0.070259028370947135 0.0027624606832064879 167.54174765514287 -21.65458996416244 0
1976 0 0.0027978366728392064 169.61238241758207 -28.597259371799176 0
1977 0 0.0027971517524084544 172.33303841531153 -24.74999401467386 0
1978 0 0.0028066817062158181 169.76469282157873 -25.906157027920255 0
1979 0 0.0027978366728379899 167.35181729533258 -24.328811332259452 0
1980 0.00036770665741454813 0.0027604144968628348 166.94305458569286 -29.698446300205571 0
1981 0 0.0027604144968640331 164.76157694236184 -25.388900524791573 0
1982 0 0.0027689713462914706 164.50716724702608 -28.065412269208949 0
1983 0 0.0027595700109504114 161.82335345031873 -29.060923768708495 0
1984 0 0.0023119757085191938 -161.37633483170032 -31.496773302235123 0
1985 0 0.0023124686004765095 -166.6220970294986 -32.149908513297106 0
1986 0 0.0023180283340658247 -163.73456631211494 -32.954840530510566 0
1987 0 0.0023108702718821297 -163.20437439815211 -35.161017667463938 0
1988 0 0.0023136588543847037 -171.94236332023746 -32.591991644868486 0
1989 0 0.0023139540579521015 -177.28927520675484 -32.814391277463514 0
1990 0 0.002319616656582976 -174.50832951190233 -33.85362878185741 0
1991 0 0.0023124536727180496 -174.29166232595759 -36.09609213211936 0
1992 0 0.0023365414557668823 -165.71021241538213 -36.594018419874942 0
1993 0 0.002334926628100521 -169.09432761498357 -33.513977915690397 0
1994 0 0.0023422595743328462 -168.71637879446521 -35.748911070309887 0
1995 0 0.0023361434167484462 -171.34596066956766 -37.072691834166037 0
1996 0 0.0023072333894237356 -165.21613907913078 -38.803986857239508 0
1997 0 0.0023076265366367235 -171.02201672864012 -39.302475690157891 0
1998 0 0.0023131745770112277 -167.89495227105297 -40.192005027780567 0
1999 0 0.002305932997458435 -167.44580586800072 -42.394900567223189 0
2000 0 0.0023139540579521015 177.28927520675484 -32.814391277463514 0
2001 0 0.0023136588543847037 171.94236332023746 -32.591991644868486 0
2002 0.010673849372088607 0.0023196166565829747 174.50832951190233 -33.853628781857417 8
2003 0.18428525772395216 0.0023124536727180496 174.29166232595759 -36.09609213211936 8
2004 0 0.002312468600476509 166.6220970294986 -32.149908513297106 0
2005 0 0.0023119757085191938 161.37633483170029 -31.49677330223513 0
2006 0 0.0023180283340658242 163.73456631211494 -32.954840530510573 0
2007 0 0.0023108702718821297 163.20437439815211 -35.161017667463945 0
2008 0 0.0023361434167484462 171.34596066956766 -37.072691834166051 0
2009 0 0.0023349266281005193 169.09432761498357 -33.513977915690397 0
2010 0 0.0023422595743328462 168.71637879446521 -35.748911070309887 0
2011 0 0.0023365414557668818 165.71021241538213 -36.594018419874942 0
2012 0 0.0023076265366367235 171.02201672864015 -39.302475690157884 0
2013 0 0.002307233389423736 165.21613907913078 -38.803986857239501 0
2014 0 0.0023131745770112273 167.89495227105297 -40.192005027780567 0
2015 0 0.002305932997458435 167.44580586800072 -42.394900567223189 0
2016 0 0.0024077644410895292 -170.35903773731019 -43.783551646418701 0
2017 0 0.0024062147543666692 -173.869688041133 -40.602418630708527 0
2018 0 0.0024140775660272235 -173.66274660949824 -42.875661963549206 0
2019 0.0083466453829321215 0.0024078760789306521 -176.76774116141397 -44.152633664441062 8
2020 0 0.0024011984789079161 -177.0705794943747 -37.317615111579137 0
2021 0 0.0023994306654389914 180 -33.96877921882804 0
2022 0 0.0024073826905572134 180 -36.224908539258401 0
2023 0.31246159560458359 0.0024011984789079161 177.0705794943747 -37.31761511157913 8
2024 0 0.0024312766548183727 180 -43.05823847884119 0
2025 0 0.0024329551255178618 -176.97669301454894 -39.58933747028285 0
2026 0 0.0024393345964668625 180 -40.772282352304259 0
2027 0.47976732447589088 0.0024329551255178631 176.97669301454894 -39.58933747028285 8
2028 0 0.0024078760789306508 176.76774116141397 -44.152633664441062 0
2029 0.33992690728470176 0.002406214754366671 173.869688041133 -40.602418630708542 8
2030 0.33958902259941287 0.0024140775660272239 173.66274660949824 -42.875661963549206 8
2031 0.50861019900670312 0.0024077644410895292 170.35903773731019 -43.783551646418701 8
2032 0 0.0022877643326352924 -169.97976235392048 -45.990631255565411 0
2033 0 0.0022878600463082854 -176.6396655175925 -46.374274168251731 0
2034 0 0.0022933603555004237 -173.1509103958025 -47.309343409297611 0
2035 0 0.0022858920169436564 -172.83790174375034 -49.464294533788888 0
2036 0 0.0022878600463082854 176.6396655175925 -46.374274168251723 0
2037 0.4622429901469039 0.0022877643326352929 169.97976235392048 -45.990631255565411 8
2038 0 0.0022933603555004237 173.1509103958025 -47.309343409297611 0
2039 0 0.0022858920169436564 172.83790174375034 -49.464294533788888 0
2040 0 0.0023100905227926489 -176.32301093727509 -50.707712009808006 0
2041 0 0.0023081035385407629 180 -47.506730692971871 0
2042 0.00083794383835471785 0.0023157413938499453 180 -49.678778429466298 8
2043 0 0.0023100905227926502 176.32301093727509 -50.707712009808013 0
2044 0 0.002279953086157372 -176.14270410601443 -52.86448972788623 0
2045 0 0.002279953086157372 176.14270410601443 -52.86448972788623 0
2046 0 0.0022854343034622096 180 -53.999629617934069 0
2047 0 0.0022778967232447286 180 -56.143350314966739 0
2048 0.99995610178055683 0.0022778967231497785 88.548602404049547 29.978609233444129 0
2049 0.99995614137210165 0.0022799530860643158 84.267561495928149 28.628646619463058 0
2050 0.9999562465545585 0.0022854343033678988 87.144448902501637 28.220637634946264 0
2051 0.99995614137237177 0.0022799530860632897 88.599852294843359 26.009407477177216 0
2052 0.99995625531536958 0.0022858920168563794 80.092010158721109 27.13567435187505 0
2053 0.99995629111456608 0.0022877643325499501 76.044169954905101 25.52390782212127 0
2054 0.9999563977638577 0.0022933603554138328 78.848473199780912 25.28029950326485 0
2055 0.99995629294306732 0.0022878600462219053 80.39615422167266 23.14125937452744 0
2056 0.99995671352687343 0.0023100905227022828 87.235850683896984 24.237625494109306 0
2057 0.9999567135268973 0.0023100905227012442 82.940227703323984 26.816522874805546 0
2058 0.99995681914993428 0.0023157413937583107 84.448592703904097 24.636597309480702 0
2059 0.99995667626431883 0.00230810353844846 83.152574424542308 22.817181232060157 0
2060 0.6439575310369956 0.0022858920168522521 88.639030615582726 22.028568526568836 0
2061 0.8839645136757891 0.0022878600462188014 84.605524681842553 20.643859311383522 0
2062 0.25054891841157106 0.0022933603554096947 87.308864748793184 20.25430590069687 0
2063 0 0.0022877643325447928 88.671932931674903 18.059196090598352 0
2064 0.99656364701017286 0.0023059329973957113 72.057206437963899 23.764258718859363 0
2065 0.10952602405554991 0.0023072333893630298 68.23362632211574 21.935433668884819 0
2066 0.71743224402138273 0.0023131745769493102 70.912500194467967 21.801379509764018 0
2067 0.41363560880078643 0.0023076265365749543 72.438142252547465 19.671681592753636 0
2068 0 0.0023108702718275752 64.502285778631446 20.008221496502959 0
2069 0 0.0023119757084666807 60.876170108763368 18.006778830828477 0
2070 0 0.0023180283340121003 63.473956132201181 17.979726532440413 0
2071 0 0.0023124686004229208 65.037421207784703 15.897756520772212 0
2072 0.040410259474652981 0.002336143416691056 71.313081832874545 17.69657795120181 0
2073 0 0.0023365414557084091 67.145165030301854 19.934585077229073 0
2074 0 0.0023422595742742195 68.695599569549216 17.82491181949398 0
2075 0 0.0023349266280410794 67.619412819011004 15.817286114302684 0
2076 0.15384993395042582 0.0023124536726591856 72.79276078189001 15.566322416958235 0
2077 0 0.0023136588543278759 69.123777802963616 13.71205957584554 0
2078 0 0.002319616656524936 71.68280682988302 13.589875083415182 0
2079 0.00025616798836702198 0.0023139540578942081 73.127892611717058 11.471393272230532 0
2080 0 0.0024077644410168122 87.358953695683027 16.223606866640431 0
2081 0.76557584545047641 0.0024078760788568509 83.316283258750502 18.780809675742219 0
2082 0.004994567821079576 0.0024140775659532033 84.703851973507227 16.555502037485162 0
2083 0.0084043973235487807 0.0024062147542918762 83.42747741961935 14.637097312167214 0
2084 0.99995847134825 0.0024078760788535888 79.137097502547078 21.247853693265366 0
2085 0.99995846942282396 0.0024077644410113903 74.825123199138034 23.596672241185988 0
2086 0.99995857802615251 0.0024140775659488491 76.36715700977399 21.458943086312818 0
2087 0.99995844267678546 0.0024062147542875355 75.128372008379387 19.498099810038532 0
2088 0.3483822794328682 0.0024329551254387814 80.771494142949436 14.918305979085639 0
2089 0.99995887103719416 0.0024312766547382983 80.601249101457682 19.06029587689104 0
2090 0.99995900689440576 0.0024393345963875401 79.336164980291485 17.116169763008578 0
2091 0.999958899410476 0.0024329551254398734 76.629675477978822 17.342700413201001 0
2092 0.73565380236354816 0.0024011984788268803 79.540030192760696 12.984930306676125 0
2093 0.95609479484955384 0.0024011984788258026 75.422404210720359 15.387069022023258 0
2094 0.98640049474497893 0.0024073826904748605 76.894102349648136 13.226945541638074 0
2095 0.48944492409424112 0.0023994306653559051 75.71265703937101 11.288551702194178 0
2096 0 0.0023059329973787136 88.688194663740873 14.031102645492556 0
2097 0 0.0023076265365589827 84.785853176491003 12.466725555032614 0
2098 0 0.0023131745769322584 87.394753045196026 12.192666082113883 0
2099 0 0.0023072333893449904 88.706729026803345 10.061567911383806 0
2100 0.14635202684872478 0.0023124536726463144 80.923780291733053 10.835114973403357 0
2101 0.56131644180765972 0.0023139540578823734 77.116575510473425 9.1565071905305313 0
2102 0.40624862211220009 0.0023196166565120236 79.684923039612244 8.9454556369474947 0
2103 0.46719086218193528 0.0023136588543139643 81.012496637150548 6.8312891090827614 0
2104 0 0.0023365414556922345 87.424403974654567 8.2084697403614904 0
2105 0 0.0023361434166727884 83.516898406247918 10.598300087711339 0
2106 0 0.0023422595742569542 84.840992174531692 8.4710575130628492 0
2107 0 0.002334926628023867 83.577918993787151 6.5938740360232142 0
2108 0 0.0023108702718063769 88.71739818021139 6.0802073375905117 0
2109 0 0.0023124686004027438 84.882770190663095 4.4752143451865676 0
2110 0 0.0023180283339908382 87.441256855134966 4.2241787979832308 0
2111 0 0.0023119757084444407 88.723137951642542 2.1106148266582681 0
2112 0 0.0023119757085191942 57.114079663012845 15.801215930198715 0
2113 0.038752942642360948 0.0023108702718821284 53.654674609752405 13.664397863589521 0
2114 0 0.0023180283340658247 55.96815271169551 13.592884082719044 0
2115 0 0.0023124686004765095 57.135777735846197 11.296937522115414 0
2116 0.40886789558204778 0.0023072333894237343 50.250809890460999 11.47002234366685 0
2117 0.98715918143668269 0.0023059329974584324 46.914003773880516 9.237421747784806 0
2118 0.92957072586831446 0.0023131745770112286 49.171722869021359 9.2179540445131423 0
2119 0.16214487074698899 0.0023076265366367252 50.350921217877548 6.9358105775603498 0
2120 0 0.002334926628100521 56.003626685382891 9.0757185230916608 0
2121 0.0020706441523438948 0.0023365414557668814 52.540291559381835 11.430072509178094 0
2122 0 0.0023422595743328449 53.719208922557165 9.1372192520973918 0
2123 0 0.0023361434167484471 52.611269569803049 6.8952175782301266 0
2124 0 0.0023136588543847024 57.149489972560822 6.7822545456170475 0
2125 0 0.0023124536727180491 53.768213454972191 4.6098535659515933 0
2126 0 0.0023196166565829755 56.024322608197473 4.5584592103528827 0
2127 0 0.0023139540579521032 57.156386246691 2.2779260876535061 0
2128 0.99995629111509066 0.0022877643326352942 43.569414424918776 6.9433688901984052 0
2129 0.99995625531533194 0.0022858920169436582 40.31415676528043 4.6477865230127051 0
2130 0.99995639776406064 0.0022933603555004237 42.4862105969477 4.6379667221113463 0
2131 0.88408971044632645 0.0022878600463082854 43.576486347862897 2.3177479007859176 0
2132 0.99995614137200228 0.0022799530861573724 37.072992538472256 2.3275394612706917 0
2133 0.99995610178131555 0.0022778967232447273 33.856649685033261 0 0
2134 0.9999562465531856 0.0022854343034622096 36.000370382065924 0 0
2135 0.9999561413750635 0.0022799530861573724 37.072992538472256 -2.3275394612706908 0
2136 0.57895096806099311 0.0023081035385407625 42.493269307028129 0 0
2137 0.99995671368501127 0.0023100905227926489 39.234433886260724 2.3275936612704844 0
2138 0.98863355231280237 0.0023157413938499449 40.321221570533702 0 0
2139 0.93537270893571667 0.0023100905227926502 39.234433886260724 -2.3275936612704844 0
2140 0 0.0022878600463082854 43.576486347862897 -2.3177479007859181 0
2141 0.16713952348689085 0.0022858920169436595 40.31415676528043 -4.6477865230127051 0
2142 0 0.0022933603555004242 42.4862105969477 -4.6379667221113463 0
2143 0 0.0022877643326352929 43.569414424918776 -6.9433688901984061 0
2144 0 0.0023994306654389927 56.031220781171967 0 0
2145 0 0.0024011984789079161 52.646257321368644 2.329357181801671 0
2146 0 0.0024073826905572126 53.775091460741599 0 0
2147 0 0.0024011984789079161 52.646257321368644 -2.329357181801671 0
2148 0.14669410404235822 0.0024062147543666697 49.235152215921268 4.6506312514376882 0
2149 0.99995846942277378 0.0024077644410895284 45.809215205853214 6.9445704256688821 0
2150 0.81370113547421974 0.0024140775660272244 46.949188984345348 4.6397478978918896 0
2151 0.42781903615749722 0.0024078760789306521 45.801775225951616 2.3185055543471678 0
2152 0 0.0024329551255178631 50.371465983578929 -2.3294172995171558 0
2153 0 0.0024329551255178631 50.371465983578922 2.3294172995171563 0
2154 0 0.0024393345964668629 49.227717647695741 0 0
2155 0 0.0024312766548183731 46.941761521158817 0 0
2156 0 0.0024062147543666697 49.235152215921268 -4.6506312514376882 0
2157 0 0.0024078760789306508 45.801775225951616 -2.3185055543471678 0
2158 0 0.0024140775660272248 46.949188984345341 -4.6397478978918905 0
2159 0 0.0024077644410895266 45.809215205853214 -6.9445704256688821 0
2160 0 0.0023139540579521032 57.156386246691 -2.2779260876535061 0
2161 7.3861777344105641e-06 0.0023124536727180491 53.768213454972191 -4.6098535659515925 0
2162 0.0027438321517433513 0.0023196166565829742 56.024322608197473 -4.5584592103528827 0
2163 0.00013498785333388282 0.0023136588543847055 57.149489972560822 -6.7822545456170467 0
2164 0 0.0023076265366367265 50.350921217877548 -6.9358105775603498 0
2165 0.0017687215617313949 0.0023059329974584341 46.914003773880516 -9.2374217477848077 0
2166 0 0.0023131745770112303 49.171722869021359 -9.2179540445131423 0
2167 0.011808539400818377 0.0023072333894237347 50.250809890461007 -11.470022343666853 0
2168 0 0.0023349266281005193 56.003626685382891 -9.0757185230916608 0
2169 2.7859254391440684e-06 0.0023361434167484467 52.611269569803049 -6.8952175782301266 0
2170 0 0.0023422595743328449 53.719208922557151 -9.1372192520973936 0
2171 0 0.002336541455766881 52.540291559381835 -11.430072509178094 0
2172 0.00014998814492811268 0.002312468600476509 57.135777735846197 -11.296937522115414 0
2173 0 0.0023108702718821284 53.654674609752405 -13.664397863589517 0
2174 0 0.0023180283340658242 55.96815271169551 -13.592884082719044 0
2175 0 0.0023119757085191942 57.114079663012838 -15.801215930198719 0
2176 0 0.0027595700109762102 87.447056561625928 0 0
2177 0 0.0027604144968874453 83.608257988281579 2.3616791747066581 0
2178 0 0.0027689713463161605 84.888387231596582 0 0
2179 0 0.0027604144968874453 83.608257988281579 -2.3616791747066581 0
2180 0 0.0027624606832226759 79.739052173228629 4.7128206124244167 0
2181 0 0.0027629682584308811 75.852632502086152 7.0283288413396612 0
2182 0 0.0027717025238621976 77.145701882451689 4.6986332221560652 0
2183 0 0.0027631371928210913 75.844004898445561 2.3475356391780338 0
2184 0 0.0027978366728580663 81.027885602378177 -2.3617595701962455 0
2185 0 0.0027978366728580663 81.027885602378177 2.3617595701962451 0
2186 0 0.0028066817062359639 79.730424444842569 0 0
2187 0 0.0027971517524297356 77.137084767865076 0 0
2188 0 0.0027624606832226759 79.739052173228629 -4.7128206124244167 0
2189 0 0.0027631371928210926 75.844004898445561 -2.3475356391780338 0
2190 0 0.0027717025238621976 77.145701882451689 -4.698633222156066 0
2191 0 0.0027629682584308811 75.852632502086152 -7.0283288413396612 0
2192 0 0.0027629682584170887 71.858271082285896 9.3416749625717657 0
2193 0 0.0027624606832064883 67.873110315284407 11.566389064472299 0
2194 0 0.0027717025238471553 69.161586173219362 9.313620116955839 0
2195 0 0.0027631371928060968 67.753169992123247 7.0175156113989798 0
2196 0 0.0027604144968640331 63.807784996574398 13.73615167497015 0
2197 0 0.0027595700109504101 59.677226183350228 15.823485150071948 0
2198 0 0.002768971346291471 61.045176711789551 13.6333443256985 0
2199 0 0.0027604144968628348 59.651399133541993 11.317386629866649 0
2200 0 0.0027971517524084544 65.053817563008963 6.9590360251438952 0
2201 0 0.0027978366728379899 65.138532826018888 11.508835349044903 0
2202 0 0.0028066817062158168 63.7308457425382 9.1973281228730599 0
2203 0 0.0027978366728392077 61.003053840822957 9.1088297390709485 0
2204 0 0.0027631371928024677 63.672454049707021 4.6582349512290353 0
2205 0 0.0027624606832016623 59.63527945854235 6.7964087952673413 0
2206 0 0.0027717025238423124 60.978559314341396 4.5841785166128242 0
2207 0 0.0027629682584110588 59.627092874851087 2.2902355982061109 0
2208 0.00036035464296468937 0.0029090959566843298 73.17760793678039 -7.0300814974299435 0
2209 0 0.0029092932875373141 73.18668674080476 -2.3486423823274367 0
2210 5.6704841799465933e-05 0.0029190287814180441 71.816231612814889 -4.701233137801097 0
2211 0 0.0029092932875385761 69.085759959061605 -4.7169741851469507 0
2212 0.00016676387754277044 0.0029092932875373146 73.18668674080476 2.3486423823274367 0
2213 0.00033351557563147472 0.0029090959566843294 73.177607936780404 7.0300814974299408 0
2214 0.00037008370070750504 0.0029190287814180446 71.816231612814875 4.701233137801097 0
2215 0 0.0029092932875385761 69.085759959061605 4.7169741851469507 0
2216 0 0.002948763370173693 67.728837352780801 -2.3644231830111124 0
2217 0.00013791919289733316 0.002948763370174965 71.825301817952578 0 0
2218 0 0.0029588323206155669 69.094842551481833 0 0
2219 0 0.0029487633701736947 67.728837352780801 2.364423183011112 0
2220 0 0.0029092932875423852 65.012034811588464 -2.3643338819142157 0
2221 0 0.0029092932875423852 65.012034811588464 2.3643338819142161 0
2222 0 0.0029190287814231299 63.664288141326423 0 0
2223 0 0.0029090959566906555 60.97035750352422 0 0
2224 0 0.0027629682584170887 71.858271082285896 -9.3416749625717657 0
2225 0 0.0027631371928060981 67.753169992123247 -7.0175156113989798 0
2226 0 0.0027717025238471553 69.161586173219362 -9.3136201169558372 0
2227 0 0.0027624606832064883 67.873110315284407 -11.566389064472299 0
2228 0 0.0027631371928024677 63.672454049707021 -4.6582349512290353 0
2229 0 0.0027629682584110575 59.627092874851087 -2.2902355982061109 0
2230 0 0.0027717025238423124 60.978559314341396 -4.5841785166128242 0
2231 0 0.0027624606832016628 59.63527945854235 -6.7964087952673413 0
2232 0 0.0027978366728379903 65.138532826018888 -11.508835349044903 0
2233 0 0.0027971517524084544 65.053817563008963 -6.9590360251438952 0
2234 0 0.0028066817062158199 63.7308457425382 -9.1973281228730599 0
2235 0 0.0027978366728392077 61.003053840822957 -9.1088297390709485 0
2236 0 0.0027604144968640331 63.807784996574398 -13.73615167497015 0
2237 0 0.0027604144968628348 59.651399133541993 -11.317386629866649 0
2238 0 0.0027689713462914715 61.045176711789566 -13.633344325698499 0
2239 0 0.0027595700109504101 59.677226183350228 -15.823485150071948 0
2240 0 0.0023119757084444407 88.723137951642542 -2.1106148266582681 0
2241 0 0.0023124686004027438 84.882770190663095 -4.4752143451865658 0
2242 0 0.0023180283339908382 87.441256855134966 -4.2241787979832308 0
2243 0 0.0023108702718063756 88.71739818021139 -6.0802073375905117 0
2244 0 0.0023136588543139643 81.012496637150548 -6.8312891090827641 0
2245 0 0.0023139540578823721 77.116575510473439 -9.1565071905305331 0
2246 0 0.0023196166565120236 79.684923039612244 -8.9454556369474947 0
2247 0 0.0023124536726463157 80.923780291733053 -10.835114973403357 0
2248 0 0.0023365414556922363 87.424403974654567 -8.2084697403614904 0
2249 0 0.002334926628023867 83.577918993787151 -6.5938740360232142 0
2250 0 0.0023422595742569542 84.840992174531706 -8.4710575130628474 0
2251 0 0.002336143416672788 83.516898406247918 -10.598300087711339 0
2252 0 0.0023072333893449904 88.706729026803345 -10.061567911383808 0
2253 0 0.0023076265365589827 84.785853176491003 -12.466725555032621 0
2254 0 0.0023131745769322588 87.394753045196026 -12.192666082113883 0
2255 0 0.0023059329973787136 88.688194663740873 -14.03110264549256 0
2256 0 0.0023139540578942098 73.127892611717058 -11.471393272230529 0
2257 0 0.0023136588543278772 69.123777802963616 -13.712059575845544 0
2258 0 0.002319616656524936 71.68280682988302 -13.589875083415182 0
2259 0 0.0023124536726591856 72.792760781890024 -15.566322416958238 0
2260 0 0.0023124686004229217 65.037421207784689 -15.897756520772221 0
2261 0 0.0023119757084666807 60.876170108763368 -18.00677883082848 0
2262 0 0.0023180283340121003 63.473956132201181 -17.979726532440413 0
2263 0.0010613350950614358 0.0023108702718275748 64.502285778631446 -20.008221496502944 0
2264 0 0.0023361434166910542 71.313081832874545 -17.69657795120181 0
2265 0 0.0023349266280410798 67.619412819011004 -15.817286114302684 0
2266 0 0.0023422595742742195 68.695599569549216 -17.824911819493984 0
2267 0 0.0023365414557084095 67.145165030301854 -19.934585077229073 0
2268 0 0.002307626536574956 72.438142252547479 -19.671681592753632 0
2269 0 0.0023072333893630315 68.23362632211574 -21.935433668884823 0
2270 0 0.0023131745769493102 70.912500194467967 -21.801379509764018 0
2271 0 0.0023059329973957113 72.057206437963899 -23.764258718859363 0
2272 0 0.002407764441016814 87.358953695683027 -16.223606866640431 0
2273 0 0.0024062147542918762 83.42747741961935 -14.637097312167214 0
2274 0 0.0024140775659532029 84.703851973507227 -16.555502037485173 0
2275 0 0.0024078760788568505 83.316283258750502 -18.780809675742219 0
2276 0 0.0024011984788268803 79.540030192760696 -12.984930306676125 0
2277 0 0.0023994306653559051 75.71265703937101 -11.288551702194178 0
2278 0 0.0024073826904748605 76.894102349648122 -13.226945541638074 0
2279 0 0.0024011984788258026 75.422404210720359 -15.387069022023258 0
2280 0 0.0024312766547382983 80.601249101457668 -19.060295876891043 0
2281 0 0.0024329551254387814 80.771494142949422 -14.918305979085639 0
2282 0 0.0024393345963875401 79.336164980291485 -17.116169763008582 0
2283 0 0.0024329551254398734 76.629675477978822 -17.342700413201001 0
2284 0 0.0024078760788535892 79.137097502547078 -21.247853693265366 0
2285 0 0.0024062147542875355 75.128372008379387 -19.498099810038532 0
2286 0 0.0024140775659488491 76.36715700977399 -21.458943086312825 0
2287 0 0.0024077644410113916 74.825123199138034 -23.596672241185988 0
2288 0 0.002287764332544791 88.671932931674903 -18.059196090598352 0
2289 0 0.0022878600462188014 84.605524681842567 -20.643859311383519 0
2290 0 0.0022933603554096947 87.308864748793184 -20.25430590069687 0
2291 0 0.0022858920168522521 88.639030615582726 -22.028568526568833 0
2292 0 0.0022878600462219053 80.39615422167266 -23.14125937452744 0
2293 0 0.0022877643325499501 76.044169954905101 -25.523907822121263 0
2294 0 0.0022933603554138328 78.848473199780912 -25.28029950326485 0
2295 0 0.0022858920168563794 80.092010158721109 -27.13567435187506 0
2296 0 0.0023100905227022828 87.235850683896984 -24.237625494109306 0
2297 0 0.00230810353844846 83.152574424542308 -22.817181232060157 0
2298 0 0.0023157413937583107 84.448592703904097 -24.636597309480702 0
2299 0 0.0023100905227012429 82.940227703323984 -26.816522874805546 0
2300 0 0.002279953086063291 88.599852294843359 -26.009407477177216 0
2301 0 0.0022799530860643158 84.267561495928163 -28.628646619463051 0
2302 0 0.0022854343033678988 87.144448902501637 -28.220637634946264 0
2303 0 0.0022778967231497785 88.548602404049547 -29.978609233444129 0
2304 0.99995610178057703 0.0022778967231497798 91.451397595950468 29.978609233444129 0
2305 0.99995614137205524 0.002279953086063291 91.400147705156655 26.009407477177216 0
2306 0.99995624655477466 0.0022854343033678988 92.855551097498378 28.220637634946268 0
2307 0.99995614137207256 0.0022799530860643158 95.732438504071851 28.628646619463058 0
2308 0.54178911232470872 0.0022858920168522521 91.360969384417288 22.028568526568836 0
2309 0 0.002287764332544791 91.328067068325097 18.059196090598352 0
2310 0.42631771727140122 0.0022933603554096947 92.691135251206816 20.25430590069687 0
2311 0.99015147954081495 0.0022878600462188014 95.394475318157447 20.643859311383522 0
2312 0.99995671352681958 0.0023100905227012442 97.05977229667603 26.81652287480555 0
2313 0.99992451094074308 0.0023100905227022828 92.76414931610303 24.237625494109309 0
2314 0.99995681914990775 0.0023157413937583107 95.551407296095917 24.636597309480706 0
2315 0.99995667626431484 0.00230810353844846 96.847425575457706 22.817181232060157 0
2316 0.99995625531546406 0.002285892016856379 99.907989841278891 27.13567435187505 0
2317 0.99995629294306188 0.0022878600462219053 99.603845778327354 23.14125937452744 0
2318 0.9999563977638577 0.0022933603554138328 101.15152680021909 25.280299503264832 0
2319 0.99995629111456608 0.0022877643325499501 103.9558300450949 25.52390782212127 0
2320 0.00017481440516841807 0.0023059329973787136 91.311805336259141 14.031102645492556 0
2321 0.0077730821898132595 0.0023072333893449908 91.29327097319667 10.061567911383806 0
2322 0.049640720726631914 0.0023131745769322588 92.605246954803988 12.192666082113883 0
2323 4.5544078879924473e-05 0.002307626536558984 95.214146823508983 12.466725555032614 0
2324 0 0.0023108702718063769 91.282601819788624 6.0802073375905117 0
2325 0 0.0023119757084444407 91.276862048357458 2.1106148266582681 0
2326 0 0.0023180283339908382 92.558743144865048 4.2241787979832308 0
2327 0.26327191380029247 0.0023124686004027438 95.117229809336905 4.4752143451865676 1
2328 0.00023326775332380969 0.0023361434166727884 96.483101593752096 10.59830008771134 0
2329 0.015938052426150918 0.0023365414556922345 92.575596025345448 8.2084697403614904 0
2330 0.0024169732120226631 0.0023422595742569525 95.159007825468308 8.4710575130628492 0
2331 0.040786669623709838 0.002334926628023867 96.422081006212863 6.593874036023216 1
2332 0.31866474117237936 0.0023124536726463144 99.076219708266962 10.835114973403357 0
2333 0.23217010563820481 0.0023136588543139643 98.987503362849466 6.8312891090827614 1
2334 0.29556641191585964 0.0023196166565120236 100.31507696038776 8.9454556369474982 0
2335 0.026567120531908246 0.0023139540578823747 102.88342448952658 9.1565071905305313 0
2336 0.99995846942285782 0.0024077644410113908 105.17487680086198 23.596672241185985 0
2337 0.9999584713483769 0.0024078760788535888 100.86290249745294 21.247853693265363 0
2338 0.99995857802608912 0.0024140775659488491 103.63284299022602 21.458943086312829 0
2339 0.92051143342902664 0.0024062147542875355 104.87162799162063 19.498099810038532 0
2340 0.9925803333082448 0.0024078760788568509 96.683716741249498 18.780809675742216 0
2341 0.00012009467126580484 0.0024077644410168122 92.641046304316987 16.223606866640431 0
2342 0.52316350204306017 0.0024140775659532046 95.296148026492773 16.555502037485169 0
2343 0.057518249891303032 0.0024062147542918762 96.57252258038065 14.637097312167221 0
2344 0.99995889941037619 0.0024329551254398734 103.37032452202119 17.342700413201001 0
2345 0.99995887103719394 0.0024312766547382983 99.398750898542332 19.060295876891047 0
2346 0.99995900689440187 0.0024393345963875383 100.66383501970851 17.116169763008578 0
2347 0.9221780385863646 0.0024329551254387827 99.228505857050578 14.918305979085638 0
2348 0.99995835586437531 0.0024011984788258026 104.57759578927966 15.387069022023258 0
2349 0.60246696537156552 0.0024011984788268803 100.4599698072393 12.984930306676121 0
2350 0.87575961546401138 0.0024073826904748605 103.10589765035188 13.226945541638072 0
2351 0.74530882087394168 0.0023994306653559051 104.287342960629 11.288551702194177 0
2352 0.99995663548608793 0.0023059329973957113 107.9427935620361 23.764258718859363 0
2353 0.18291723711510172 0.0023076265365749543 107.56185774745254 19.671681592753636 0
2354 0.70433502633760237 0.0023131745769493102 109.08749980553203 21.801379509764015 0
2355 0.58965909227096625 0.0023072333893630302 111.76637367788427 21.935433668884819 0
2356 0.8587255138986124 0.0023124536726591856 107.20723921811 15.566322416958235 0
2357 0.97034736762913765 0.0023139540578942081 106.87210738828294 11.471393272230532 0
2358 0.80560042275086718 0.002319616656524936 108.31719317011699 13.589875083415182 0
2359 0 0.0023136588543278759 110.8762221970364 13.71205957584554 0
2360 0.030559898350943016 0.0023365414557084095 112.85483496969816 19.93458507722907 0
2361 0.20985419139298517 0.0023361434166910555 108.68691816712546 17.69657795120181 0
2362 0.061118643618541434 0.0023422595742742195 111.30440043045078 17.82491181949398 0
2363 5.7041813047106859e-05 0.0023349266280410794 112.380587180989 15.817286114302684 0
2364 0 0.0023108702718275752 115.49771422136855 20.008221496502959 0
2365 0 0.0023124686004229221 114.96257879221533 15.897756520772212 0
2366 0 0.0023180283340121007 116.52604386779883 17.979726532440417 0
2367 0.10044072446970759 0.002311975708466682 119.12382989123664 18.006778830828477 0
2368 0 0.0023119757084444407 91.276862048357458 -2.1106148266582681 0
2369 0 0.0023108702718063769 91.282601819788624 -6.0802073375905117 0
2370 0 0.0023180283339908382 92.558743144865048 -4.2241787979832308 0
2371 0 0.0023124686004027438 95.117229809336905 -4.4752143451865658 0
2372 0 0.0023072333893449908 91.29327097319667 -10.061567911383808 0
2373 0 0.0023059329973787136 91.311805336259141 -14.03110264549256 0
2374 0 0.0023131745769322584 92.605246954803988 -12.192666082113885 0
2375 0.00013142409338041022 0.002307626536558984 95.214146823508983 -12.466725555032621 0
2376 0 0.002334926628023867 96.422081006212849 -6.5938740360232142 0
2377 0 0.0023365414556922363 92.575596025345448 -8.2084697403614886 0
2378 0 0.0023422595742569555 95.159007825468308 -8.4710575130628492 0
2379 1.0006785776280197e-05 0.002336143416672788 96.483101593752096 -10.598300087711339 0
2380 0 0.0023136588543139643 98.987503362849466 -6.8312891090827641 0
2381 0 0.002312453672646314 99.076219708266962 -10.835114973403357 0
2382 0 0.0023196166565120236 100.31507696038776 -8.9454556369474982 0
2383 0 0.0023139540578823747 102.88342448952658 -9.1565071905305331 0
2384 0 0.002287764332544791 91.328067068325097 -18.059196090598352 0
2385 0 0.0022858920168522521 91.360969384417288 -22.028568526568833 0
2386 0 0.0022933603554096947 92.691135251206816 -20.254305900696874 0
2387 0 0.0022878600462188014 95.394475318157447 -20.643859311383519 0
2388 0 0.002279953086063291 91.400147705156655 -26.009407477177216 0
2389 0 0.0022778967231497798 91.451397595950453 -29.978609233444129 0
2390 0 0.0022854343033678988 92.855551097498378 -28.220637634946257 0
2391 0 0.0022799530860643158 95.732438504071851 -28.628646619463051 0
2392 0 0.0023081035384484604 96.847425575457706 -22.81718123206015 0
2393 0 0.0023100905227022828 92.76414931610303 -24.237625494109309 0
2394 0 0.0023157413937583107 95.551407296095917 -24.636597309480706 0
2395 0 0.0023100905227012429 97.05977229667603 -26.816522874805546 0
2396 0 0.0022878600462219053 99.603845778327354 -23.14125937452744 0
2397 0 0.0022858920168563794 99.907989841278891 -27.13567435187506 0
2398 0 0.0022933603554138328 101.15152680021909 -25.280299503264839 0
2399 0 0.0022877643325499501 103.9558300450949 -25.52390782212127 0
2400 0 0.0023994306653559051 104.287342960629 -11.288551702194178 0
2401 0 0.0024011984788268803 100.45996980723932 -12.984930306676127 0
2402 0 0.0024073826904748618 103.10589765035188 -13.226945541638072 0
2403 0 0.0024011984788258026 104.57759578927966 -15.387069022023258 0
2404 0 0.0024062147542918762 96.57252258038065 -14.637097312167214 0
2405 0 0.002407764441016814 92.641046304316987 -16.223606866640427 0
2406 0 0.0024140775659532063 95.296148026492773 -16.555502037485169 0
2407 0 0.0024078760788568505 96.683716741249498 -18.780809675742216 0
2408 0 0.0024329551254398717 103.37032452202119 -17.342700413201001 0
2409 0 0.0024329551254387814 99.228505857050578 -14.918305979085638 0
2410 0 0.0024393345963875383 100.66383501970851 -17.116169763008582 0
2411 0 0.0024312766547383 99.398750898542332 -19.060295876891047 0
2412 0 0.0024062147542875355 104.87162799162063 -19.498099810038529 0
2413 0 0.0024078760788535892 100.86290249745294 -21.24785369326537 0
2414 0 0.0024140775659488478 103.63284299022602 -21.458943086312829 0
2415 0 0.0024077644410113916 105.17487680086198 -23.596672241185981 0
2416 0.0010552877925494256 0.0023139540578942081 106.87210738828293 -11.471393272230529 0
2417 0 0.0023124536726591856 107.20723921810999 -15.566322416958238 0
2418 0 0.002319616656524936 108.31719317011699 -13.589875083415185 0
2419 0 0.0023136588543278759 110.8762221970364 -13.712059575845544 0
2420 0 0.0023076265365749543 107.56185774745254 -19.671681592753632 0
2421 0 0.0023059329973957113 107.94279356203612 -23.764258718859363 0
2422 0 0.0023131745769493102 109.08749980553203 -21.801379509764015 0
2423 0.010657810499070577 0.0023072333893630298 111.76637367788427 -21.935433668884823 2
2424 0 0.0023349266280410798 112.380587180989 -15.817286114302684 0
2425 0 0.0023361434166910542 108.68691816712547 -17.696577951201817 0
2426 0 0.0023422595742742195 111.30440043045078 -17.82491181949398 0
2427 0.00063934028544301554 0.0023365414557084095 112.85483496969816 -19.934585077229077 2
2428 0 0.0023124686004229217 114.96257879221533 -15.897756520772221 0
2429 0.031919139868149232 0.0023108702718275748 115.49771422136855 -20.008221496502944 2
2430 0 0.0023180283340121003 116.52604386779883 -17.979726532440417 0
2431 0 0.002311975708466682 119.12382989123664 -18.00677883082848 0
2432 0.54875566630339323 0.0027595700109504105 120.32277381664977 15.823485150071948 0
2433 0 0.0027604144968640331 116.19221500342562 13.73615167497015 0
2434 0.044893855436198428 0.0027689713462914715 118.95482328821046 13.633344325698495 0
2435 0.10373078601555279 0.0027604144968628348 120.34860086645803 11.317386629866654 0
2436 0 0.0027624606832064883 112.12688968471559 11.566389064472297 0
2437 0.040159114702413505 0.0027629682584170887 108.14172891771409 9.3416749625717674 0
2438 0 0.0027717025238471553 110.83841382678064 9.3136201169558408 0
2439 0 0.0027631371928060968 112.24683000787675 7.0175156113989807 0
2440 0.064654177010048011 0.0027978366728392064 118.99694615917706 9.1088297390709503 0
2441 9.6270991730230935e-05 0.0027978366728379899 114.86146717398113 11.508835349044904 0
2442 0.020542861905804954 0.0028066817062158181 116.26915425746181 9.1973281228730599 0
2443 0.036750607660134695 0.0027971517524084544 114.94618243699102 6.9590360251438934 0
2444 0.011077962622786562 0.0027624606832016628 120.36472054145766 6.7964087952673413 0
2445 0.86240173625549243 0.0027631371928024677 116.32754595029297 4.6582349512290371 1
2446 0.19636834531223568 0.0027717025238423129 119.0214406856586 4.5841785166128224 1
2447 0.096382654188071432 0.0027629682584110588 120.37290712514891 2.2902355982061096 1
2448 0.031003716645069863 0.0027629682584308811 104.14736749791386 7.0283288413396638 0
2449 0.39490047187279292 0.0027624606832226764 100.26094782677137 4.7128206124244176 1
2450 0.60921082666598869 0.0027717025238621976 102.85429811754831 4.6986332221560643 0
2451 0.29461904002961714 0.0027631371928210913 104.15599510155445 2.3475356391780342 1
2452 0.17370497224429191 0.0027604144968874453 96.391742011718435 2.3616791747066594 1
2453 0 0.0027595700109762102 92.552943438374072 0 0
2454 0 0.0027689713463161605 95.111612768403418 0 0
2455 0 0.0027604144968874453 96.391742011718435 -2.361679174706659 0
2456 0.66034802754416366 0.0027971517524297356 102.86291523213494 0 1
2457 0.65068105576694801 0.0027978366728580663 98.972114397621823 2.3617595701962455 1
2458 0.7009938751773519 0.0028066817062359639 100.26957555515743 0 1
2459 0.076801663427137457 0.002797836672858068 98.972114397621823 -2.3617595701962455 1
2460 0.78383120864549383 0.0027631371928210926 104.15599510155444 -2.3475356391780329 1
2461 0.018174742897891508 0.0027624606832226759 100.26094782677137 -4.7128206124244159 1
2462 0.45378644526734996 0.0027717025238621976 102.85429811754831 -4.6986332221560643 1
2463 0.086231571236736429 0.0027629682584308811 104.14736749791385 -7.028328841339663 1
2464 0.18588930239774998 0.0029090959566906555 119.02964249647579 0 1
2465 0.98138632146894944 0.0029092932875423852 114.98796518841155 2.3643338819142183 1
2466 0.86257889702686075 0.0029190287814231299 116.33571185867359 0 1
2467 0.79451192244988744 0.0029092932875423839 114.98796518841155 -2.3643338819142183 1
2468 0 0.0029092932875385761 110.9142400409384 4.7169741851469507 0
2469 0.0040715413917090833 0.0029090959566843294 106.82239206321961 7.0300814974299408 0
2470 0.01542301685995179 0.0029190287814180441 108.18376838718513 4.701233137801097 1
2471 0.0040224801017660723 0.0029092932875373141 106.81331325919525 2.3486423823274367 1
2472 0.7622897162504656 0.0029487633701736947 112.27116264721921 -2.3644231830111124 1
2473 0.59888808955417661 0.0029487633701736947 112.2711626472192 2.364423183011112 1
2474 0.90733161115364058 0.0029588323206155669 110.90515744851817 0 1
2475 0.13306004876440505 0.002948763370174965 108.17469818204744 0 1
2476 0.006669684533499102 0.0029092932875385761 110.9142400409384 -4.7169741851469507 1
2477 0.22345455322228128 0.0029092932875373124 106.81331325919525 -2.3486423823274367 1
2478 0.016555552347748102 0.0029190287814180441 108.18376838718513 -4.701233137801097 1
2479 0.4708869774400507 0.0029090959566843294 106.82239206321961 -7.0300814974299408 1
2480 0.64058548947539407 0.0027629682584110575 120.37290712514891 -2.2902355982061091 1
2481 0.041108571596882207 0.0027631371928024677 116.32754595029297 -4.6582349512290371 1
2482 0.21009142181911755 0.0027717025238423111 119.0214406856586 -4.5841785166128224 1
2483 0.055982168556998668 0.0027624606832016628 120.36472054145766 -6.7964087952673404 1
2484 0.46497276241076635 0.0027631371928060981 112.24683000787675 -7.0175156113989807 1
2485 0.043044733727508853 0.0027629682584170887 108.1417289177141 -9.341674962571771 1
2486 0.10474052110137524 0.0027717025238471553 110.83841382678064 -9.3136201169558408 1
2487 0 0.0027624606832064883 112.12688968471559 -11.5663890644723 0
2488 0.20281494636805156 0.0027978366728392064 118.99694615917706 -9.1088297390709503 1
2489 0.12222222916296425 0.0027971517524084544 114.94618243699102 -6.9590360251438934 1
2490 0.12664723033899206 0.0028066817062158181 116.26915425746181 -9.1973281228730599 1
2491 0 0.0027978366728379899 114.86146717398113 -11.508835349044904 0
2492 0.031526278227607958 0.0027604144968628348 120.34860086645803 -11.317386629866649 1
2493 0 0.0027604144968640331 116.19221500342562 -13.736151674970149 0
2494 0 0.0027689713462914715 118.95482328821046 -13.633344325698495 0
2495 0 0.0027595700109504101 120.32277381664977 -15.823485150071948 0
2496 0.16449313516457134 0.0023119757085191942 122.88592033698716 15.801215930198715 0
2497 0.31763847513053095 0.0023124686004765095 122.86422226415381 11.296937522115414 0
2498 0.24807482719999319 0.0023180283340658247 124.0318472883045 13.592884082719044 0
2499 0.036939804747359153 0.0023108702718821297 126.34532539024758 13.664397863589521 0
2500 0.21539724063876975 0.0023136588543847037 122.85051002743917 6.7822545456170475 0
2501 0.072221593473510648 0.0023139540579521015 122.84361375330901 2.2779260876535061 1
2502 0.062559704291570331 0.002319616656582976 123.97567739180253 4.5584592103528827 0
2503 0.078819283061551948 0.0023124536727180504 126.23178654502782 4.6098535659515933 1
2504 0.015262195133084348 0.002336541455766881 127.45970844061817 11.430072509178094 0
2505 0.45629881103482689 0.002334926628100521 123.99637331461712 9.0757185230916662 0
2506 0.34471037458893056 0.0023422595743328449 126.28079107744284 9.1372192520973918 0
2507 0.079355624346922227 0.0023361434167484467 127.38873043019697 6.8952175782301248 0
2508 0 0.0023072333894237347 129.749190109539 11.47002234366685 0
2509 0 0.0023076265366367265 129.64907878212247 6.9358105775603498 0
2510 0 0.0023131745770112286 130.82827713097865 9.2179540445131423 0
2511 0 0.0023059329974584324 133.08599622611948 9.237421747784806 0
2512 0.278673759747947 0.0023139540579521015 122.84361375330901 -2.2779260876535061 1
2513 0.071863796014237785 0.0023136588543847037 122.85051002743917 -6.7822545456170467 1
2514 0.10944200137250421 0.0023196166565829747 123.97567739180253 -4.5584592103528827 1
2515 0.052263383318776079 0.0023124536727180504 126.23178654502782 -4.6098535659515925 1
2516 0.020593267531852946 0.002312468600476509 122.86422226415381 -11.296937522115414 1
2517 0.16131746175461292 0.0023119757085191942 122.88592033698716 -15.801215930198719 2
2518 0.038639911742010237 0.0023180283340658242 124.0318472883045 -13.592884082719044 2
2519 0.29537043773006566 0.0023108702718821297 126.34532539024761 -13.664397863589517 2
2520 0.017495362162174601 0.0023361434167484467 127.38873043019697 -6.895217578230123 1
2521 0.23356426888776841 0.0023349266281005193 123.99637331461712 -9.0757185230916644 1
2522 0.16048605781110545 0.0023422595743328449 126.28079107744284 -9.1372192520973918 1
2523 0 0.0023365414557668814 127.45970844061817 -11.430072509178094 0
2524 0.01469286703537049 0.0023076265366367265 129.64907878212247 -6.9358105775603498 1
2525 0.08115462976911382 0.0023072333894237347 129.749190109539 -11.470022343666853 2
2526 0.043993454728165862 0.0023131745770112303 130.82827713097865 -9.2179540445131405 3
2527 0.0099568240064575788 0.0023059329974584328 133.08599622611948 -9.2374217477848077 3
2528 0.0047518203063887021 0.0024077644410895284 134.19078479414679 6.9445704256688829 0
2529 0.00028865951725390293 0.0024062147543666697 130.76484778407874 4.6506312514376882 0
2530 1.4531636340344775e-05 0.0024140775660272244 133.05081101565466 4.6397478978918931 0
2531 0.00014543715934937213 0.0024078760789306521 134.19822477404838 2.3185055543471691 1
2532 0.14195042766015337 0.0024011984789079161 127.35374267863136 2.3293571818016727 1
2533 0.21836129085861977 0.0023994306654389927 123.96877921882805 0 1
2534 0.065712710634481614 0.002407382690557213 126.22490853925839 0 1
2535 0.13678176077634485 0.0024011984789079161 127.35374267863136 -2.3293571818016727 1
2536 0.2747339150052166 0.0024312766548183731 133.05823847884119 0 1
2537 0.033078308147522044 0.0024329551255178618 129.62853401642107 2.3294172995171563 1
2538 0.12880880174778359 0.0024393345964668629 130.77228235230427 0 1
2539 0.14732347406309848 0.0024329551255178631 129.62853401642107 -2.3294172995171563 1
2540 0.52652834192748743 0.0024078760789306508 134.19822477404838 -2.3185055543471691 1
2541 0.030590332318896629 0.0024062147543666697 130.76484778407874 -4.6506312514376882 1
2542 0.12477273115616916 0.0024140775660272244 133.05081101565466 -4.6397478978918931 1
2543 0.075980687321218432 0.0024077644410895266 134.19078479414679 -6.9445704256688821 1
2544 0 0.0022877643326352924 136.43058557508121 6.9433688901984052 0
2545 0 0.0022878600463082854 136.4235136521371 2.3177479007859176 0
2546 0 0.0022933603555004237 137.5137894030523 4.6379667221113454 0
2547 0 0.0022858920169436564 139.68584323471958 4.6477865230127051 0
2548 0.55964020753069965 0.0022878600463082854 136.4235136521371 -2.3177479007859181 1
2549 7.1372885525828927e-05 0.0022877643326352929 136.43058557508124 -6.9433688901984061 1
2550 0.68377602644085744 0.0022933603555004237 137.5137894030523 -4.6379667221113454 1
2551 0.99650517781185766 0.0022858920169436564 139.68584323471958 -4.6477865230127051 1
2552 0 0.0023100905227926489 140.76556611373928 2.3275936612704853 0
2553 0.047898464518767891 0.0023081035385407629 137.50673069297187 0 1
2554 0.016153549058470489 0.0023157413938499453 139.67877842946629 0 1
2555 0.45984973081228175 0.0023100905227926502 140.76556611373928 -2.3275936612704853 1
2556 0 0.0022799530861573724 142.92700746152775 2.3275394612706917 0
2557 0.18419567320070887 0.0022799530861573724 142.92700746152775 -2.3275394612706908 0
2558 0 0.0022854343034622096 143.99962961793406 0 0
2559 0 0.0022778967232447286 146.14335031496674 0 0
2560 0.41426704307518458 0.0022778967231497798 -88.548602404049547 29.978609233444129 0
2561 0 0.002279953086063291 -88.599852294843359 26.009407477177216 0
2562 0.0037324402334813237 0.0022854343033678988 -87.144448902501637 28.220637634946268 0
2563 0.17097733586534072 0.0022799530860643158 -84.267561495928149 28.628646619463058 0
2564 0.25160804546461457 0.0022858920168522521 -88.639030615582726 22.028568526568836 0
2565 0.73837517487772042 0.002287764332544791 -88.671932931674903 18.059196090598352 0
2566 0.46338950447744592 0.0022933603554096947 -87.308864748793184 20.25430590069687 0
2567 0.0059028674125581699 0.0022878600462188014 -84.605524681842553 20.643859311383522 0
2568 0.27430358378820952 0.0023100905227012442 -82.940227703323984 26.81652287480555 0
2569 0 0.0023100905227022828 -87.235850683896984 24.237625494109309 0
2570 0 0.0023157413937583107 -84.448592703904097 24.636597309480706 0
2571 0.20590882762787463 0.00230810353844846 -83.152574424542294 22.817181232060157 0
2572 0.45784851395107162 0.002285892016856379 -80.092010158721109 27.13567435187505 0
2573 0.24832324494062591 0.0022878600462219053 -80.39615422167266 23.14125937452744 0
2574 0.10039947012289886 0.0022933603554138328 -78.848473199780912 25.280299503264832 0
2575 0.022719333134083634 0.0022877643325499501 -76.044169954905101 25.52390782212127 0
2576 0.7802520657548816 0.0023059329973787136 -88.688194663740873 14.031102645492556 0
2577 0 0.0023072333893449908 -88.706729026803345 10.061567911383806 0
2578 0.32130721759162295 0.0023131745769322588 -87.394753045196012 12.192666082113883 0
2579 0.82277020718423255 0.002307626536558984 -84.785853176491003 12.466725555032614 0
2580 0 0.0023108702718063769 -88.71739818021139 6.0802073375905117 0
2581 0 0.0023119757084444407 -88.723137951642542 2.1106148266582681 0
2582 0.00016823035010132532 0.0023180283339908382 -87.441256855134966 4.2241787979832308 0
2583 0 0.0023124686004027438 -84.882770190663095 4.4752143451865676 0
2584 0.53371156248850582 0.0023361434166727884 -83.516898406247918 10.59830008771134 0
2585 0 0.0023365414556922345 -87.424403974654567 8.2084697403614904 0
2586 0.13775813879937959 0.0023422595742569525 -84.840992174531706 8.4710575130628492 0
2587 0.021539328972673726 0.002334926628023867 -83.577918993787151 6.593874036023216 0
2588 0.0089717082426498534 0.0023124536726463144 -80.923780291733053 10.835114973403357 0
2589 0.16541400399129311 0.0023136588543139643 -81.012496637150548 6.8312891090827614 0
2590 0.3263656296864072 0.0023196166565120236 -79.684923039612244 8.9454556369474982 0
2591 0.41411578040991931 0.0023139540578823747 -77.116575510473425 9.1565071905305313 0
2592 0.021518431565194337 0.0024077644410113908 -74.825123199138034 23.596672241185985 0
2593 0.25726100575233207 0.0024078760788535888 -79.137097502547078 21.247853693265363 0
2594 0.29891389716690064 0.0024140775659488491 -76.36715700977399 21.458943086312829 0
2595 0.16295264034774468 0.0024062147542875355 -75.128372008379387 19.498099810038532 0
2596 0 0.0024078760788568509 -83.316283258750502 18.780809675742216 0
2597 0.44156749911677629 0.0024077644410168122 -87.358953695683027 16.223606866640431 0
2598 0.22318641348925319 0.0024140775659532046 -84.703851973507227 16.555502037485169 0
2599 0.42267994432716133 0.0024062147542918762 -83.42747741961935 14.637097312167221 0
2600 0.098494424864205093 0.0024329551254398734 -76.629675477978822 17.342700413201001 0
2601 0.0031424491467071125 0.0024312766547382983 -80.601249101457668 19.060295876891047 0
2602 0.013544455576606104 0.0024393345963875383 -79.336164980291485 17.116169763008578 0
2603 0.00017908439247896562 0.0024329551254387827 -80.771494142949422 14.918305979085638 0
2604 0 0.0024011984788258026 -75.422404210720359 15.387069022023258 0
2605 0.00017951103226222984 0.0024011984788268803 -79.540030192760696 12.984930306676121 0
2606 0 0.0024073826904748605 -76.894102349648136 13.226945541638072 0
2607 0.17540715662171702 0.0023994306653559051 -75.71265703937101 11.288551702194177 0
2608 0.0031358247961409649 0.0023059329973957113 -72.057206437963899 23.764258718859363 0
2609 0.3657287762668861 0.0023076265365749543 -72.438142252547465 19.671681592753636 0
2610 0.0061961618020866362 0.0023131745769493102 -70.912500194467952 21.801379509764015 0
2611 0 0.0023072333893630302 -68.23362632211574 21.935433668884819 0
2612 0 0.0023124536726591856 -72.79276078189001 15.566322416958235 0
2613 0.49839878311423885 0.0023139540578942081 -73.127892611717058 11.471393272230532 0
2614 0.027907471523759209 0.002319616656524936 -71.682806829883006 13.589875083415182 0
2615 0.014296355692184872 0.0023136588543278759 -69.123777802963616 13.71205957584554 0
2616 0.040028617938710674 0.0023365414557084095 -67.145165030301854 19.93458507722907 0
2617 0.29538990763409245 0.0023361434166910555 -71.313081832874545 17.69657795120181 0
2618 0.16252761042037253 0.0023422595742742195 -68.695599569549216 17.82491181949398 0
2619 0 0.0023349266280410794 -67.619412819011004 15.817286114302684 0
2620 0.01770717123539535 0.0023108702718275752 -64.502285778631446 20.008221496502959 0
2621 6.420233099473421e-06 0.0023124686004229221 -65.037421207784703 15.897756520772212 0
2622 0.012669691936940267 0.0023180283340121007 -63.473956132201181 17.979726532440417 0
2623 0.0071178556613678131 0.002311975708466682 -60.876170108763368 18.006778830828477 0
2624 0.0067863009387038979 0.0023119757084444407 -88.723137951642542 -2.1106148266582681 0
2625 0 0.0023108702718063769 -88.71739818021139 -6.0802073375905117 0
2626 0 0.0023180283339908382 -87.441256855134966 -4.2241787979832308 0
2627 0 0.0023124686004027438 -84.882770190663095 -4.4752143451865658 0
2628 0 0.0023072333893449908 -88.706729026803345 -10.061567911383808 0
2629 0 0.0023059329973787136 -88.688194663740873 -14.03110264549256 0
2630 0 0.0023131745769322584 -87.394753045196026 -12.192666082113885 0
2631 0 0.002307626536558984 -84.785853176491003 -12.466725555032621 0
2632 0 0.002334926628023867 -83.577918993787151 -6.5938740360232142 0
2633 0 0.0023365414556922363 -87.424403974654567 -8.2084697403614886 0
2634 0 0.0023422595742569555 -84.840992174531706 -8.4710575130628492 0
2635 0 0.002336143416672788 -83.516898406247918 -10.598300087711339 0
2636 0.21016569112109842 0.0023136588543139643 -81.012496637150548 -6.8312891090827641 0
2637 0 0.002312453672646314 -80.923780291733053 -10.835114973403357 0
2638 0.15967176520308216 0.0023196166565120236 -79.684923039612244 -8.9454556369474982 0
2639 0.94724774866427985 0.0023139540578823747 -77.116575510473439 -9.1565071905305331 0
2640 0 0.002287764332544791 -88.671932931674903 -18.059196090598352 0
2641 0 0.0022858920168522521 -88.639030615582726 -22.028568526568833 0
2642 0 0.0022933603554096947 -87.308864748793184 -20.254305900696874 0
2643 0 0.0022878600462188014 -84.605524681842567 -20.643859311383519 0
2644 0 0.002279953086063291 -88.599852294843359 -26.009407477177216 0
2645 0 0.0022778967231497798 -88.548602404049547 -29.978609233444129 0
2646 0 0.0022854343033678988 -87.144448902501637 -28.220637634946257 0
2647 0 0.0022799530860643158 -84.267561495928163 -28.628646619463051 0
2648 0 0.0023081035384484604 -83.152574424542294 -22.81718123206015 0
2649 0 0.0023100905227022828 -87.235850683896984 -24.237625494109309 0
2650 0 0.0023157413937583107 -84.448592703904097 -24.636597309480706 0
2651 0 0.0023100905227012429 -82.940227703323984 -26.816522874805546 0
2652 0 0.0022878600462219053 -80.39615422167266 -23.14125937452744 0
2653 2.6457005078710626e-05 0.0022858920168563794 -80.092010158721109 -27.13567435187506 32
2654 0 0.0022933603554138328 -78.848473199780912 -25.280299503264839 0
2655 0 0.0022877643325499501 -76.044169954905101 -25.52390782212127 0
2656 0.9610633825610202 0.0023994306653559051 -75.71265703937101 -11.288551702194178 0
2657 0 0.0024011984788268803 -79.540030192760696 -12.984930306676127 0
2658 0.32277516180857824 0.0024073826904748618 -76.894102349648136 -13.226945541638072 0
2659 0.34361767642794827 0.0024011984788258026 -75.422404210720359 -15.387069022023258 0
2660 0 0.0024062147542918762 -83.42747741961935 -14.637097312167214 0
2661 0 0.002407764441016814 -87.358953695683027 -16.223606866640427 0
2662 0 0.0024140775659532063 -84.703851973507227 -16.555502037485169 0
2663 0 0.0024078760788568505 -83.316283258750502 -18.780809675742216 0
2664 0 0.0024329551254398717 -76.629675477978822 -17.342700413201001 0
2665 0 0.0024329551254387814 -80.771494142949422 -14.918305979085638 0
2666 0 0.0024393345963875383 -79.336164980291485 -17.116169763008582 0
2667 0 0.0024312766547383 -80.601249101457668 -19.060295876891047 0
2668 0 0.0024062147542875355 -75.128372008379387 -19.498099810038529 0
2669 0 0.0024078760788535892 -79.137097502547078 -21.24785369326537 0
2670 0 0.0024140775659488478 -76.36715700977399 -21.458943086312829 0
2671 0 0.0024077644410113916 -74.825123199138034 -23.596672241185981 0
2672 0.99995678579778258 0.0023139540578942081 -73.127892611717058 -11.471393272230529 0
2673 0.84815681889236394 0.0023124536726591856 -72.792760781890024 -15.566322416958238 0
2674 0.99995689128682219 0.002319616656524936 -71.682806829883006 -13.589875083415185 0
2675 0.99995678028425172 0.0023136588543278759 -69.123777802963616 -13.712059575845544 0
2676 0.0079899002977339255 0.0023076265365749543 -72.438142252547479 -19.671681592753632 32
2677 0.083163366935253488 0.0023059329973957113 -72.057206437963899 -23.764258718859363 32
2678 0.29457038074731595 0.0023131745769493102 -70.912500194467967 -21.801379509764015 32
2679 0.99995665992587746 0.0023072333893630298 -68.23362632211574 -21.935433668884823 48
2680 0.99995717393592587 0.0023349266280410798 -67.619412819011004 -15.817286114302684 0
2681 0.48356881418302178 0.0023361434166910542 -71.313081832874545 -17.696577951201817 32
2682 0.99995730800627114 0.0023422595742742195 -68.695599569549216 -17.82491181949398 32
2683 0.99995720353255457 0.0023365414557084095 -67.145165030301854 -19.934585077229077 32
2684 0.99995675803953132 0.0023124686004229217 -65.037421207784689 -15.897756520772221 0
2685 0.99995672813223957 0.0023108702718275748 -64.502285778631446 -20.008221496502944 0
2686 0.99995686174983178 0.0023180283340121003 -63.473956132201181 -17.979726532440417 0
2687 0.99995674882115337 0.002311975708466682 -60.876170108763368 -18.00677883082848 0
2688 0.019647508577798182 0.0027595700109504105 -59.677226183350236 15.823485150071948 0
2689 0 0.0027604144968640331 -63.807784996574398 13.73615167497015 0
2690 0.026268479733068305 0.0027689713462914715 -61.045176711789551 13.633344325698495 0
2691 0.0065833928842415892 0.0027604144968628348 -59.651399133541979 11.317386629866654 0
2692 0.28576965067562971 0.0027624606832064883 -67.873110315284407 11.566389064472297 0
2693 0.85938852748987637 0.0027629682584170887 -71.858271082285896 9.3416749625717674 0
2694 0.99212551407217919 0.0027717025238471553 -69.161586173219362 9.3136201169558408 0
2695 0.9999638105623796 0.0027631371928060968 -67.753169992123247 7.0175156113989807 0
2696 0.51327078955160854 0.0027978366728392064 -61.003053840822957 9.1088297390709503 0
2697 0.11848162683222241 0.0027978366728379899 -65.138532826018888 11.508835349044904 0
2698 0.91915655625388926 0.0028066817062158181 -63.7308457425382 9.1973281228730599 0
2699 0.99996425062566718 0.0027971517524084544 -65.053817563008963 6.9590360251438934 0
2700 0.86524457243170916 0.0027624606832016628 -59.635279458542335 6.7964087952673413 0
2701 0.99996381056238903 0.0027631371928024677 -63.672454049707021 4.6582349512290371 0
2702 0.99996392239389098 0.0027717025238423129 -60.97855931434141 4.5841785166128224 0
2703 0.99996380834973408 0.0027629682584110588 -59.627092874851087 2.2902355982061096 0
2704 0.95750518154601127 0.0027629682584308811 -75.852632502086152 7.0283288413396638 0
2705 0.0014850462097285074 0.0027624606832226764 -79.739052173228643 4.7128206124244176 0
2706 0.53316850157006135 0.0027717025238621976 -77.145701882451689 4.6986332221560643 0
2707 0.99882650788895633 0.0027631371928210913 -75.844004898445561 2.3475356391780342 0
2708 0 0.0027604144968874453 -83.608257988281579 2.3616791747066594 0
2709 0 0.0027595700109762102 -87.447056561625928 0 0
2710 0 0.0027689713463161605 -84.888387231596582 0 0
2711 0 0.0027604144968874453 -83.608257988281579 -2.361679174706659 0
2712 0.99996425062564409 0.0027971517524297356 -77.137084767865076 0 0
2713 0.0022846626350655273 0.0027978366728580663 -81.027885602378177 2.3617595701962455 0
2714 0.61574433062592315 0.0028066817062359639 -79.730424444842569 0 0
2715 0.28793791150705039 0.002797836672858068 -81.027885602378177 -2.3617595701962455 0
2716 0.999963810562426 0.0027631371928210926 -75.844004898445561 -2.3475356391780329 0
2717 0.91126231572847594 0.0027624606832226759 -79.739052173228629 -4.7128206124244159 0
2718 0.99996392239409104 0.0027717025238621976 -77.145701882451689 -4.6986332221560643 0
2719 0.99996380834975951 0.0027629682584308811 -75.852632502086152 -7.028328841339663 0
2720 0.9999656262412403 0.0029090959566906555 -60.97035750352422 0 0
2721 0.99996562857267335 0.0029092932875423852 -65.012034811588464 2.3643338819142183 0
2722 0.99996574320371334 0.0029190287814231299 -63.664288141326423 0 0
2723 0.99996562857265581 0.0029092932875423839 -65.012034811588464 -2.3643338819142183 0
2724 0.9999656285728501 0.0029092932875385761 -69.085759959061605 4.7169741851469507 0
2725 0.99996562624122287 0.0029090959566843294 -73.177607936780404 7.0300814974299408 0
2726 0.99996574320371379 0.0029190287814180441 -71.816231612814875 4.701233137801097 0
2727 0.99996562857265525 0.0029092932875373141 -73.18668674080476 2.3486423823274367 0
2728 0.99996608862901659 0.0029487633701736947 -67.728837352780801 -2.3644231830111124 0
2729 0.99996608862734648 0.0029487633701736947 -67.728837352780801 2.364423183011112 0
2730 0.99996620402572445 0.0029588323206155669 -69.094842551481847 0 0
2731 0.99996608862892356 0.002948763370174965 -71.825301817952578 0 0
2732 0.99996562857285365 0.0029092932875385761 -69.085759959061605 -4.7169741851469507 0
2733 0.99996562857196836 0.0029092932875373124 -73.18668674080476 -2.3486423823274367 0
2734 0.99996574320373921 0.0029190287814180441 -71.816231612814889 -4.701233137801097 0
2735 0.99996562624124896 0.0029090959566843294 -73.177607936780404 -7.0300814974299408 0
2736 0.99996380834975973 0.0027629682584110575 -59.627092874851087 -2.2902355982061091 0
2737 0.99996381056238659 0.0027631371928024677 -63.672454049707035 -4.6582349512290371 0
2738 0.99996392239377141 0.0027717025238423111 -60.97855931434141 -4.5841785166128224 0
2739 0.99996380170013699 0.0027624606832016628 -59.63527945854235 -6.7964087952673404 0
2740 0.99996381056238626 0.0027631371928060981 -67.753169992123247 -7.0175156113989807 0
2741 0.99996380835111287 0.0027629682584170887 -71.858271082285896 -9.341674962571771 0
2742 0.99996392239377774 0.0027717025238471553 -69.161586173219362 -9.3136201169558408 0
2743 0.99996380169996468 0.0027624606832064883 -67.873110315284407 -11.5663890644723 0
2744 0.99996425937692968 0.0027978366728392064 -61.003053840822957 -9.1088297390709503 0
2745 0.99996425062566718 0.0027971517524084544 -65.053817563008963 -6.9590360251438934 0
2746 0.99996437200667987 0.0028066817062158181 -63.7308457425382 -9.1973281228730599 0
2747 0.99996425937703859 0.0027978366728379899 -65.138532826018888 -11.508835349044904 0
2748 0.99996377486873789 0.0027604144968628348 -59.651399133541979 -11.317386629866649 0
2749 0.99996377486871579 0.0027604144968640331 -63.807784996574398 -13.736151674970149 0
2750 0.99996388680990034 0.0027689713462914715 -61.045176711789551 -13.633344325698495 0
2751 0.99996376378348339 0.0027595700109504101 -59.677226183350228 -15.823485150071948 0
2752 0 0.0023119757085191942 -57.114079663012845 15.801215930198715 0
2753 0 0.0023124686004765095 -57.135777735846197 11.296937522115414 0
2754 0 0.0023180283340658247 -55.968152711695502 13.592884082719044 0
2755 0 0.0023108702718821297 -53.654674609752405 13.664397863589521 0
2756 0.28289504611766336 0.0023136588543847037 -57.149489972560822 6.7822545456170475 0
2757 0.99995678579776082 0.0023139540579521015 -57.156386246691 2.2779260876535061 0
2758 0.92187959248119744 0.002319616656582976 -56.024322608197473 4.5584592103528827 0
2759 0.83465797328377 0.0023124536727180504 -53.768213454972191 4.6098535659515933 0
2760 0 0.002336541455766881 -52.540291559381835 11.430072509178094 0
2761 0 0.002334926628100521 -56.003626685382883 9.0757185230916662 0
2762 0 0.0023422595743328449 -53.719208922557158 9.1372192520973918 0
2763 0 0.0023361434167484467 -52.611269569803049 6.8952175782301248 0
2764 0 0.0023072333894237347 -50.250809890460999 11.47002234366685 0
2765 0 0.0023076265366367265 -50.350921217877548 6.9358105775603498 0
2766 0 0.0023131745770112286 -49.171722869021359 9.2179540445131423 0
2767 0 0.0023059329974584324 -46.914003773880516 9.237421747784806 0
2768 0.99995678579778446 0.0023139540579521015 -57.156386246691 -2.2779260876535061 0
2769 0.99995678028424972 0.0023136588543847037 -57.149489972560822 -6.7822545456170467 0
2770 0.99995689128682363 0.0023196166565829747 -56.024322608197465 -4.5584592103528827 0
2771 0.99995675776040105 0.0023124536727180504 -53.768213454972191 -4.6098535659515925 0
2772 0.99995675803953288 0.002312468600476509 -57.135777735846197 -11.296937522115414 0
2773 0.99995674882114405 0.0023119757085191942 -57.114079663012838 -15.801215930198719 0
2774 0.99995686174983078 0.0023180283340658242 -55.968152711695495 -13.592884082719044 0
2775 0.99995672813224046 0.0023108702718821297 -53.654674609752405 -13.664397863589517 0
2776 0.99995719624107549 0.0023361434167484467 -52.611269569803049 -6.895217578230123 0
2777 0.99995717393592232 0.0023349266281005193 -56.003626685382891 -9.0757185230916644 0
2778 0.99995730800638138 0.0023422595743328449 -53.719208922557158 -9.1372192520973918 0
2779 0.9999572035325518 0.0023365414557668814 -52.540291559381835 -11.430072509178094 0
2780 0.99995666730940014 0.0023076265366367265 -50.350921217877548 -6.9358105775603498 0
2781 0.99995665992593064 0.0023072333894237347 -50.250809890461007 -11.470022343666853 0
2782 0.99995677123632654 0.0023131745770112303 -49.171722869021359 -9.2179540445131405 0
2783 0.99995663548608782 0.0023059329974584328 -46.914003773880516 -9.2374217477848077 0
2784 0 0.0024077644410895284 -45.809215205853214 6.9445704256688829 0
2785 0 0.0024062147543666697 -49.235152215921268 4.6506312514376882 0
2786 0 0.0024140775660272244 -46.949188984345348 4.6397478978918931 0
2787 0 0.0024078760789306521 -45.801775225951616 2.3185055543471691 0
2788 0.99045683576792742 0.0024011984789079161 -52.646257321368644 2.3293571818016727 0
2789 0.9999583251835702 0.0023994306654389927 -56.03122078117196 0 0
2790 0.99995846283738921 0.002407382690557213 -53.775091460741599 0 0
2791 0.9747933172724379 0.0024011984789079161 -52.646257321368651 -2.3293571818016727 0
2792 0.21749580932853055 0.0024312766548183731 -46.941761521158817 0 0
2793 0.43520388473032412 0.0024329551255178618 -50.371465983578922 2.3294172995171563 0
2794 0.44032829760370307 0.0024393345964668629 -49.227717647695741 0 0
2795 0.90663396882556957 0.0024329551255178631 -50.371465983578922 -2.3294172995171563 0
2796 0.8273337458167429 0.0024078760789306508 -45.801775225951609 -2.3185055543471691 0
2797 0.9999584426767868 0.0024062147543666697 -49.235152215921261 -4.6506312514376882 0
2798 0.99995857802615384 0.0024140775660272244 -46.949188984345348 -4.6397478978918931 0
2799 0.99995846942282485 0.0024077644410895266 -45.809215205853214 -6.9445704256688821 0
2800 0 0.0022877643326352924 -43.569414424918776 6.9433688901984052 0
2801 0 0.0022878600463082854 -43.576486347862897 2.3177479007859176 0
2802 0 0.0022933603555004237 -42.4862105969477 4.6379667221113454 0
2803 0 0.0022858920169436564 -40.31415676528043 4.6477865230127051 0
2804 0.40350419995591269 0.0022878600463082854 -43.576486347862897 -2.3177479007859181 0
2805 0.9999562911145683 0.0022877643326352929 -43.569414424918776 -6.9433688901984061 0
2806 0.976482301707851 0.0022933603555004237 -42.486210596947707 -4.6379667221113454 0
2807 0.97146983575778112 0.0022858920169436564 -40.31415676528043 -4.6477865230127051 0
2808 0 0.0023100905227926489 -39.234433886260724 2.3275936612704853 0
2809 0 0.0023081035385407629 -42.493269307028129 0 0
2810 0 0.0023157413938499453 -40.321221570533702 0 0
2811 0.16950167009787145 0.0023100905227926502 -39.234433886260724 -2.3275936612704853 0
2812 0 0.0022799530861573724 -37.072992538472256 2.3275394612706917 0
2813 0.011721354223438245 0.0022799530861573724 -37.072992538472256 -2.3275394612706908 0
2814 0 0.0022854343034622096 -36.000370382065931 0 0
2815 0 0.0022778967232447286 -33.856649685033261 0 0
2816 0.71542624760520979 0.0022778967231497785 -91.451397595950468 29.978609233444129 0
2817 0.48185017733906738 0.0022799530860643158 -95.732438504071851 28.628646619463058 0
2818 0.045687302276114714 0.0022854343033678988 -92.855551097498378 28.220637634946264 0
2819 0 0.0022799530860632897 -91.400147705156655 26.009407477177216 0
2820 0.99995625531525523 0.0022858920168563794 -99.907989841278891 27.13567435187505 0
2821 0.99995629111456608 0.0022877643325499501 -103.9558300450949 25.52390782212127 0
2822 0.9999563977638577 0.0022933603554138328 -101.15152680021909 25.28029950326485 0
2823 0.99995629294306732 0.0022878600462219053 -99.603845778327354 23.14125937452744 0
2824 0 0.0023100905227022828 -92.76414931610303 24.237625494109306 0
2825 0.47113245033918549 0.0023100905227012442 -97.05977229667603 26.816522874805546 0
2826 0.038836747410355192 0.0023157413937583107 -95.551407296095917 24.636597309480702 0
2827 0.23758380653869951 0.00230810353844846 -96.847425575457706 22.817181232060157 0
2828 0.063368982559863576 0.0022858920168522521 -91.360969384417288 22.028568526568836 0
2829 0.051035738768265247 0.0022878600462188014 -95.394475318157447 20.643859311383522 0
2830 0.019879705411762361 0.0022933603554096947 -92.691135251206816 20.25430590069687 0
2831 0.832508906265362 0.0022877643325447928 -91.328067068325097 18.059196090598352 0
2832 0.26091221792434743 0.0023059329973957113 -107.9427935620361 23.764258718859363 0
2833 0.0014355873784892752 0.0023072333893630298 -111.76637367788427 21.935433668884819 0
2834 0.053874951910383974 0.0023131745769493102 -109.08749980553203 21.801379509764018 0
2835 0.00059161868294773756 0.0023076265365749543 -107.56185774745254 19.671681592753636 0
2836 5.6861490849769775e-05 0.0023108702718275752 -115.49771422136855 20.008221496502959 0
2837 0 0.0023119757084666807 -119.12382989123664 18.006778830828477 0
2838 0.00018006764646698764 0.0023180283340121003 -116.52604386779883 17.979726532440413 0
2839 0 0.0023124686004229208 -114.96257879221533 15.897756520772212 0
2840 0 0.002336143416691056 -108.68691816712546 17.69657795120181 0
2841 0 0.0023365414557084091 -112.85483496969816 19.934585077229073 0
2842 0.0019554281623691931 0.0023422595742742195 -111.30440043045078 17.82491181949398 0
2843 0 0.0023349266280410794 -112.38058718098901 15.817286114302684 0
2844 0 0.0023124536726591856 -107.20723921811 15.566322416958235 0
2845 0 0.0023136588543278759 -110.8762221970364 13.71205957584554 0
2846 0 0.002319616656524936 -108.31719317011699 13.589875083415182 0
2847 0 0.0023139540578942081 -106.87210738828294 11.471393272230532 0
2848 0.84222488967274489 0.0024077644410168122 -92.641046304316987 16.223606866640431 0
2849 0.8417430145610959 0.0024078760788568509 -96.683716741249498 18.780809675742219 0
2850 0.70348042148301348 0.0024140775659532033 -95.296148026492773 16.555502037485162 0
2851 0.099335182603736166 0.0024062147542918762 -96.57252258038065 14.637097312167214 0
2852 0.99995847134825 0.0024078760788535888 -100.86290249745294 21.247853693265366 0
2853 0.89317959608674258 0.0024077644410113903 -105.17487680086198 23.596672241185988 0
2854 0.93799686494052659 0.0024140775659488491 -103.63284299022601 21.458943086312818 0
2855 0.45028715128513691 0.0024062147542875355 -104.87162799162063 19.498099810038532 0
2856 0.040264176789583196 0.0024329551254387814 -99.228505857050578 14.918305979085639 0
2857 0.99995887103719416 0.0024312766547382983 -99.398750898542332 19.06029587689104 0
2858 0.51611560503104026 0.0024393345963875401 -100.66383501970851 17.116169763008578 0
2859 0.15496240948413495 0.0024329551254398734 -103.37032452202119 17.342700413201001 0
2860 0 0.0024011984788268803 -100.45996980723932 12.984930306676125 0
2861 0 0.0024011984788258026 -104.57759578927964 15.387069022023258 0
2862 0 0.0024073826904748605 -103.10589765035188 13.226945541638074 0
2863 0 0.0023994306653559051 -104.287342960629 11.288551702194178 0
2864 0.4142630150951957 0.0023059329973787136 -91.311805336259141 14.031102645492556 0
2865 0 0.0023076265365589827 -95.214146823508983 12.466725555032614 0
2866 0 0.0023131745769322584 -92.605246954803988 12.192666082113883 0
2867 0 0.0023072333893449904 -91.29327097319667 10.061567911383806 0
2868 0 0.0023124536726463144 -99.076219708266962 10.835114973403357 0
2869 0 0.0023139540578823734 -102.88342448952658 9.1565071905305313 0
2870 0 0.0023196166565120236 -100.31507696038776 8.9454556369474947 0
2871 0 0.0023136588543139643 -98.987503362849466 6.8312891090827614 0
2872 0 0.0023365414556922345 -92.575596025345448 8.2084697403614904 0
2873 0 0.0023361434166727884 -96.483101593752096 10.598300087711339 0
2874 0 0.0023422595742569542 -95.159007825468308 8.4710575130628492 0
2875 0 0.002334926628023867 -96.422081006212863 6.5938740360232142 0
2876 0 0.0023108702718063769 -91.282601819788624 6.0802073375905117 0
2877 0 0.0023124686004027438 -95.117229809336905 4.4752143451865676 0
2878 0 0.0023180283339908382 -92.558743144865048 4.2241787979832308 0
2879 0.0014768026022476117 0.0023119757084444407 -91.276862048357458 2.1106148266582681 0
2880 0 0.0023119757085191942 -122.88592033698716 15.801215930198715 0
2881 0 0.0023108702718821284 -126.34532539024758 13.664397863589521 0
2882 0 0.0023180283340658247 -124.0318472883045 13.592884082719044 0
2883 0 0.0023124686004765095 -122.86422226415381 11.296937522115414 0
2884 0 0.0023072333894237343 -129.749190109539 11.47002234366685 0
2885 0 0.0023059329974584324 -133.08599622611948 9.237421747784806 0
2886 0 0.0023131745770112286 -130.82827713097865 9.2179540445131423 0
2887 0 0.0023076265366367252 -129.64907878212247 6.9358105775603498 0
2888 0 0.002334926628100521 -123.99637331461712 9.0757185230916608 0
2889 0 0.0023365414557668814 -127.45970844061817 11.430072509178094 0
2890 0 0.0023422595743328449 -126.28079107744284 9.1372192520973918 0
2891 0 0.0023361434167484471 -127.38873043019697 6.8952175782301266 0
2892 0 0.0023136588543847024 -122.85051002743917 6.7822545456170475 0
2893 0 0.0023124536727180491 -126.23178654502782 4.6098535659515933 0
2894 0 0.0023196166565829755 -123.97567739180253 4.5584592103528827 0
2895 0 0.0023139540579521032 -122.84361375330901 2.2779260876535061 0
2896 0 0.0022877643326352942 -136.43058557508121 6.9433688901984052 0
2897 0 0.0022858920169436582 -139.68584323471958 4.6477865230127051 0
2898 0 0.0022933603555004237 -137.5137894030523 4.6379667221113463 0
2899 0 0.0022878600463082854 -136.4235136521371 2.3177479007859176 0
2900 0 0.0022799530861573724 -142.92700746152775 2.3275394612706917 0
2901 0 0.0022778967232447273 -146.14335031496674 0 0
2902 0 0.0022854343034622096 -143.99962961793406 0 0
2903 0 0.0022799530861573724 -142.92700746152775 -2.3275394612706908 0
2904 0 0.0023081035385407625 -137.50673069297187 0 0
2905 0 0.0023100905227926489 -140.76556611373928 2.3275936612704844 0
2906 0 0.0023157413938499449 -139.67877842946629 0 0
2907 0 0.0023100905227926502 -140.76556611373928 -2.3275936612704844 0
2908 0 0.0022878600463082854 -136.4235136521371 -2.3177479007859181 0
2909 0 0.0022858920169436595 -139.68584323471958 -4.6477865230127051 0
2910 0 0.0022933603555004242 -137.5137894030523 -4.6379667221113463 0
2911 0 0.0022877643326352929 -136.43058557508124 -6.9433688901984061 0
2912 0 0.0023994306654389927 -123.96877921882805 0 0
2913 0 0.0024011984789079161 -127.35374267863136 2.329357181801671 0
2914 0 0.0024073826905572126 -126.22490853925842 0 0
2915 0 0.0024011984789079161 -127.35374267863136 -2.329357181801671 0
2916 0 0.0024062147543666697 -130.76484778407874 4.6506312514376882 0
2917 0 0.0024077644410895284 -134.19078479414679 6.9445704256688821 0
2918 0 0.0024140775660272244 -133.05081101565466 4.6397478978918896 0
2919 0 0.0024078760789306521 -134.19822477404838 2.3185055543471678 0
2920 0 0.0024329551255178631 -129.62853401642107 -2.3294172995171558 0
2921 0 0.0024329551255178631 -129.62853401642107 2.3294172995171563 0
2922 0 0.0024393345964668629 -130.77228235230427 0 0
2923 0 0.0024312766548183731 -133.05823847884119 0 0
2924 0 0.0024062147543666697 -130.76484778407874 -4.6506312514376882 0
2925 0 0.0024078760789306508 -134.19822477404838 -2.3185055543471678 0
2926 0 0.0024140775660272248 -133.05081101565466 -4.6397478978918905 0
2927 0 0.0024077644410895266 -134.19078479414679 -6.9445704256688821 0
2928 0 0.0023139540579521032 -122.84361375330901 -2.2779260876535061 0
2929 0 0.0023124536727180491 -126.23178654502782 -4.6098535659515925 0
2930 0 0.0023196166565829742 -123.97567739180253 -4.5584592103528827 0
2931 0 0.0023136588543847055 -122.85051002743917 -6.7822545456170467 0
2932 0 0.0023076265366367265 -129.64907878212247 -6.9358105775603498 0
2933 0 0.0023059329974584341 -133.08599622611948 -9.2374217477848077 0
2934 0 0.0023131745770112303 -130.82827713097865 -9.2179540445131423 0
2935 0 0.0023072333894237347 -129.749190109539 -11.470022343666853 0
2936 0 0.0023349266281005193 -123.99637331461712 -9.0757185230916608 0
2937 0 0.0023361434167484467 -127.38873043019697 -6.8952175782301266 0
2938 0 0.0023422595743328449 -126.28079107744284 -9.1372192520973936 0
2939 0 0.002336541455766881 -127.45970844061817 -11.430072509178094 0
2940 0 0.002312468600476509 -122.86422226415381 -11.296937522115414 0
2941 0 0.0023108702718821284 -126.34532539024761 -13.664397863589517 0
2942 0 0.0023180283340658242 -124.0318472883045 -13.592884082719044 0
2943 0 0.0023119757085191942 -122.88592033698716 -15.801215930198719 0
2944 0.033719706701279092 0.0027595700109762102 -92.552943438374072 0 0
2945 0 0.0027604144968874453 -96.391742011718435 2.3616791747066581 0
2946 0 0.0027689713463161605 -95.111612768403418 0 0
2947 0 0.0027604144968874453 -96.391742011718435 -2.3616791747066581 0
2948 0 0.0027624606832226759 -100.26094782677137 4.7128206124244167 0
2949 0 0.0027629682584308811 -104.14736749791385 7.0283288413396612 0
2950 0 0.0027717025238621976 -102.85429811754832 4.6986332221560652 0
2951 0 0.0027631371928210913 -104.15599510155445 2.3475356391780338 0
2952 0 0.0027978366728580663 -98.972114397621823 -2.3617595701962455 0
2953 0 0.0027978366728580663 -98.972114397621823 2.3617595701962451 0
2954 0 0.0028066817062359639 -100.26957555515743 0 0
2955 0 0.0027971517524297356 -102.86291523213494 0 0
2956 0 0.0027624606832226759 -100.26094782677137 -4.7128206124244167 0
2957 0 0.0027631371928210926 -104.15599510155445 -2.3475356391780338 0
2958 0 0.0027717025238621976 -102.85429811754832 -4.698633222156066 0
2959 0 0.0027629682584308811 -104.14736749791385 -7.0283288413396612 0
2960 4.4780760515924286e-05 0.0027629682584170887 -108.14172891771409 9.3416749625717657 0
2961 0 0.0027624606832064883 -112.12688968471559 11.566389064472299 0
2962 0 0.0027717025238471553 -110.83841382678064 9.313620116955839 0
2963 0 0.0027631371928060968 -112.24683000787677 7.0175156113989798 0
2964 0 0.0027604144968640331 -116.19221500342562 13.73615167497015 0
2965 0 0.0027595700109504101 -120.32277381664977 15.823485150071948 0
2966 0 0.002768971346291471 -118.95482328821046 13.6333443256985 0
2967 0 0.0027604144968628348 -120.34860086645801 11.317386629866649 0
2968 0 0.0027971517524084544 -114.94618243699105 6.9590360251438952 0
2969 0 0.0027978366728379899 -114.86146717398113 11.508835349044903 0
2970 0 0.0028066817062158168 -116.26915425746181 9.1973281228730599 0
2971 0 0.0027978366728392077 -118.99694615917706 9.1088297390709485 0
2972 0 0.0027631371928024677 -116.32754595029297 4.6582349512290353 0
2973 0 0.0027624606832016623 -120.36472054145766 6.7964087952673413 0
2974 0 0.0027717025238423124 -119.0214406856586 4.5841785166128242 0
2975 0 0.0027629682584110588 -120.37290712514891 2.2902355982061109 0
2976 0 0.0029090959566843298 -106.82239206321961 -7.0300814974299435 0
2977 0 0.0029092932875373141 -106.81331325919525 -2.3486423823274367 0
2978 0 0.0029190287814180441 -108.18376838718513 -4.701233137801097 0
2979 0 0.0029092932875385761 -110.9142400409384 -4.7169741851469507 0
2980 0 0.0029092932875373146 -106.81331325919525 2.3486423823274367 0
2981 0 0.0029090959566843294 -106.82239206321961 7.0300814974299408 0
2982 0 0.0029190287814180446 -108.18376838718513 4.701233137801097 0
2983 0 0.0029092932875385761 -110.9142400409384 4.7169741851469507 0
2984 0 0.002948763370173693 -112.27116264721921 -2.3644231830111124 0
2985 0 0.002948763370174965 -108.17469818204744 0 0
2986 0 0.0029588323206155669 -110.90515744851817 0 0
2987 0 0.0029487633701736947 -112.2711626472192 2.364423183011112 0
2988 0 0.0029092932875423852 -114.98796518841155 -2.3643338819142157 0
2989 0 0.0029092932875423852 -114.98796518841155 2.3643338819142161 0
2990 0 0.0029190287814231299 -116.33571185867359 0 0
2991 0 0.0029090959566906555 -119.02964249647579 0 0
2992 0 0.0027629682584170887 -108.14172891771409 -9.3416749625717657 0
2993 0 0.0027631371928060981 -112.24683000787677 -7.0175156113989798 0
2994 0 0.0027717025238471553 -110.83841382678064 -9.3136201169558372 0
2995 0 0.0027624606832064883 -112.12688968471559 -11.566389064472299 0
2996 0 0.0027631371928024677 -116.32754595029297 -4.6582349512290353 0
2997 0 0.0027629682584110575 -120.37290712514891 -2.2902355982061109 0
2998 0 0.0027717025238423124 -119.0214406856586 -4.5841785166128242 0
2999 0 0.0027624606832016628 -120.36472054145766 -6.7964087952673413 0
3000 0 0.0027978366728379903 -114.86146717398113 -11.508835349044903 0
3001 0 0.0027971517524084544 -114.94618243699105 -6.9590360251438952 0
3002 0 0.0028066817062158199 -116.26915425746181 -9.1973281228730599 0
3003 0 0.0027978366728392077 -118.99694615917706 -9.1088297390709485 0
3004 0 0.0027604144968640331 -116.19221500342562 -13.73615167497015 0
3005 0 0.0027604144968628348 -120.34860086645801 -11.317386629866649 0
3006 0 0.0027689713462914715 -118.95482328821043 -13.633344325698499 0
3007 0 0.0027595700109504101 -120.32277381664977 -15.823485150071948 0
3008 0.033922820816086739 0.0023119757084444407 -91.276862048357458 -2.1106148266582681 0
3009 0 0.0023124686004027438 -95.117229809336905 -4.4752143451865658 0
3010 0 0.0023180283339908382 -92.558743144865048 -4.2241787979832308 0
3011 0 0.0023108702718063756 -91.282601819788624 -6.0802073375905117 0
3012 0 0.0023136588543139643 -98.987503362849466 -6.8312891090827641 0
3013 0 0.0023139540578823721 -102.88342448952658 -9.1565071905305331 0
3014 0 0.0023196166565120236 -100.31507696038776 -8.9454556369474947 0
3015 0 0.0023124536726463157 -99.076219708266962 -10.835114973403357 0
3016 0 0.0023365414556922363 -92.575596025345448 -8.2084697403614904 0
3017 0 0.002334926628023867 -96.422081006212849 -6.5938740360232142 0
3018 0 0.0023422595742569542 -95.159007825468308 -8.4710575130628474 0
3019 0 0.002336143416672788 -96.483101593752096 -10.598300087711339 0
3020 0 0.0023072333893449904 -91.29327097319667 -10.061567911383808 0
3021 0 0.0023076265365589827 -95.214146823508983 -12.466725555032621 0
3022 0 0.0023131745769322588 -92.605246954803988 -12.192666082113883 0
3023 0 0.0023059329973787136 -91.311805336259141 -14.03110264549256 0
3024 0 0.0023139540578942098 -106.87210738828293 -11.471393272230529 0
3025 0 0.0023136588543278772 -110.8762221970364 -13.712059575845544 0
3026 0 0.002319616656524936 -108.31719317011699 -13.589875083415182 0
3027 0 0.0023124536726591856 -107.20723921810999 -15.566322416958238 0
3028 0 0.0023124686004229217 -114.96257879221533 -15.897756520772221 0
3029 0 0.0023119757084666807 -119.12382989123664 -18.00677883082848 0
3030 0 0.0023180283340121003 -116.52604386779883 -17.979726532440413 0
3031 0 0.0023108702718275748 -115.49771422136855 -20.008221496502944 0
3032 0 0.0023361434166910542 -108.68691816712546 -17.69657795120181 0
3033 0 0.0023349266280410798 -112.38058718098901 -15.817286114302684 0
3034 0 0.0023422595742742195 -111.30440043045078 -17.824911819493984 0
3035 0 0.0023365414557084095 -112.85483496969816 -19.934585077229073 0
3036 0 0.002307626536574956 -107.56185774745254 -19.671681592753632 0
3037 0 0.0023072333893630315 -111.76637367788427 -21.935433668884823 0
3038 0 0.0023131745769493102 -109.08749980553203 -21.801379509764018 0
3039 0 0.0023059329973957113 -107.94279356203612 -23.764258718859363 0
3040 0 0.002407764441016814 -92.641046304316987 -16.223606866640431 0
3041 0 0.0024062147542918762 -96.57252258038065 -14.637097312167214 0
3042 0 0.0024140775659532029 -95.296148026492773 -16.555502037485173 0
3043 0 0.0024078760788568505 -96.683716741249498 -18.780809675742219 0
3044 0 0.0024011984788268803 -100.45996980723932 -12.984930306676125 0
3045 0 0.0023994306653559051 -104.287342960629 -11.288551702194178 0
3046 0 0.0024073826904748605 -103.10589765035189 -13.226945541638074 0
3047 0 0.0024011984788258026 -104.57759578927964 -15.387069022023258 0
3048 0 0.0024312766547382983 -99.398750898542332 -19.060295876891043 0
3049 0 0.0024329551254387814 -99.228505857050578 -14.918305979085639 0
3050 0 0.0024393345963875401 -100.66383501970851 -17.116169763008582 0
3051 0 0.0024329551254398734 -103.37032452202119 -17.342700413201001 0
3052 0 0.0024078760788535892 -100.86290249745294 -21.247853693265366 0
3053 0 0.0024062147542875355 -104.87162799162063 -19.498099810038532 0
3054 0 0.0024140775659488491 -103.63284299022601 -21.458943086312825 0
3055 0 0.0024077644410113916 -105.17487680086198 -23.596672241185988 0
3056 0 0.002287764332544791 -91.328067068325097 -18.059196090598352 0
3057 0 0.0022878600462188014 -95.394475318157447 -20.643859311383519 0
3058 0 0.0022933603554096947 -92.691135251206816 -20.25430590069687 0
3059 0 0.0022858920168522521 -91.360969384417288 -22.028568526568833 0
3060 0 0.0022878600462219053 -99.60384577832734 -23.14125937452744 0
3061 0 0.0022877643325499501 -103.9558300450949 -25.523907822121263 0
3062 0 0.0022933603554138328 -101.15152680021909 -25.28029950326485 0
3063 0 0.0022858920168563794 -99.907989841278891 -27.13567435187506 0
3064 0 0.0023100905227022828 -92.76414931610303 -24.237625494109306 0
3065 0 0.00230810353844846 -96.847425575457706 -22.817181232060157 0
3066 0 0.0023157413937583107 -95.551407296095917 -24.636597309480702 0
3067 0 0.0023100905227012429 -97.05977229667603 -26.816522874805546 0
3068 0 0.002279953086063291 -91.400147705156655 -26.009407477177216 0
3069 0 0.0022799530860643158 -95.732438504071851 -28.628646619463051 0
3070 0 0.0022854343033678988 -92.855551097498378 -28.220637634946264 0
3071 0 0.0022778967231497785 -91.451397595950453 -29.978609233444129 0
3072 0.99995610178057892 0.0022778967233352937 87.591444913821348 32.355896236796781 0
3073 0.99995614137205791 0.0022799530862492846 84.634833226849878 35.476892100753098 0
3074 0.99995624655475779 0.0022854343035543408 85.144682589244781 32.949120387496151 0
3075 0.99995614137200139 0.0022799530862492819 83.218499545053689 30.97492429267994 0
3076 0.99995625531530541 0.0022858920170396296 81.424792050548447 38.523344568699834 0
3077 0.99995629111443896 0.0022877643327326009 77.942328944008565 41.463502635237617 0
3078 0.99995639776386058 0.0022933603555979781 78.713061919865638 38.987621104672662 0
3079 0.99995629294309452 0.0022878600464056012 76.782141890086464 36.925967056659374 0
3080 0.99995671352691173 0.0023100905228909253 80.764441690851584 31.485720551497174 0
3081 0.99995671352686755 0.0023100905228909288 82.057766807314735 36.015158167940676 0
3082 0.99995681915007384 0.0023157413939484724 80.118506465994074 33.996311964819917 0
3083 0.99995667626426188 0.0023081035386376776 77.548152071113449 34.444491042061941 0
3084 0.99995625531529853 0.0022858920170396291 78.960637349064285 29.453942734004137 0
3085 0.9999562929430087 0.002287860046405603 75.758802513150414 32.367460093996755 0
3086 0.99995639776386191 0.0022933603555979807 76.519719142814864 29.888860523272832 0
3087 0.99995629111456952 0.0022877643327326048 74.843694141671378 27.810032851995924 0
3088 0.99995663548608527 0.0023059329975707336 74.062156781415396 44.318616666613707 0
3089 0.99995665992593352 0.0023072333895373062 69.863548236653429 46.993241635941622 0
3090 0.99995677123628268 0.0023131745771251418 70.968686472518769 44.625650814467996 0
3091 0.99995666730940336 0.0023076265367503656 68.989991292332377 42.500503362376875 0
3092 0.99995672813224323 0.0023108702719995206 65.216020394918317 49.499845268966297 0
3093 0.99995674882121544 0.0023119757086378324 60.100357209171136 51.790321037609878 0
3094 0.999956861749838 0.0023180283341848193 61.751150470376231 49.551709084700732 0
3095 0.99995675803958439 0.0023124686005952175 59.940452461448643 47.287185531315139 0
3096 0.99995719624107826 0.0023361434168685026 65.950552104200227 42.672236845795602 0
3097 0.99995720353255435 0.0023365414558869941 66.57920614403055 47.185786826252546 0
3098 1 0.0023422595744532577 64.659229124352066 44.987994181901101 0
3099 1 0.0023349266282193019 61.467968595039189 45.038484855459451 0
3100 0.99995675776036175 0.002312453672835676 64.202044832967232 40.472815968318343 0
3101 0.9999567802842424 0.002313658854503593 59.815355795490795 42.773346195808188 0
3102 0.99995689128678145 0.0023196166567022117 61.244483916084334 40.524152274237814 0
3103 0.99995678579796021 0.0023139540580710293 59.715830611838825 38.269646851300664 0
3104 0.99995846942274502 0.0024077644412134813 72.356692845669329 28.156637981285211 0
3105 0.9999584713482419 0.0024078760790546233 73.156455276972537 32.731093448282081 0
3106 0.99995857802615618 0.0024140775661515516 71.435697217188135 30.596804059692779 0
3107 0.99995844267680567 0.0024062147544892717 68.802943156957824 30.861623034126222 0
3108 0.99995847134839788 0.0024078760790546272 74.035908047570032 37.311906434291174 0
3109 0.99995846942282351 0.0024077644412134822 75.017363019470849 41.875839420433032 0
3110 1 0.0024140775661515555 73.049242273284179 39.78263511192808 0
3111 1 0.0024062147544892708 70.106671344817826 40.10243652549385 0
3112 0.99995889941048621 0.0024329551256433036 67.7514538049723 33.286633986261023 0
3113 0.9999588710369457 0.0024312766549424332 72.205762349339309 35.19133607949837 0
3114 0.99995900689440287 0.0024393345965926876 69.426324398017684 35.482932473409726 0
3115 0.99995889941004756 0.002432955125643304 68.322395074656214 37.922316345117729 0
3116 0.99995835586418214 0.0024011984790263748 65.038825568535174 33.475388536784514 0
3117 0.99995835586416582 0.0024011984790263782 65.448219792601989 38.122271089488429 0
3118 0.99995846283736511 0.0024073826906760199 63.847972740034436 35.871356016590823 0
3119 0.99995832518364791 0.0023994306655560609 61.064536006701672 35.967875770457702 0
3120 0.99995663548615288 0.0023059329975707319 70.788070015576054 26.034448338686694 0
3121 0.99995666730939681 0.002307626536750363 67.2669050596852 28.698939840633496 0
3122 0.99995677123631488 0.0023131745771251379 68.32432181155076 26.313222508190414 0
3123 0.37988537737721095 0.0023072333895373066 66.914889252483704 24.17460860820507 0
3124 0.99995675776036608 0.0023124536728356677 63.54886914086245 31.268230380081704 0
3125 0.99995678579786795 0.0023139540580710246 59.635326612402089 33.714259693720194 0
3126 0.99995689128654419 0.0023196166567022013 60.920371894885989 31.410987915740435 0
3127 0.99995678028260537 0.0023136588545035934 59.571576422239126 29.210253879369361 0
3128 0.16897417935834916 0.0023365414558869993 64.463936317942483 24.387928481810071 0
3129 0.99995719624146084 0.0023361434168684991 64.717786676370423 28.917651514327702 0
3130 0.95182030713123744 0.0023422595744532625 63.328852796499575 26.74468996409993 0
3131 0.97125041502912479 0.0023349266282193066 60.805967302197239 26.894785825704187 0
3132 0 0.0023108702719995241 63.140671728554402 22.220307123304885 0
3133 0.30131666031508142 0.0023124686005952183 59.520273475396515 24.695782003166663 0
3134 0.12058307889514205 0.0023180283341848232 60.715351987912996 22.378236782956012 0
3135 0.16888343382585633 0.002311975708637832 59.480442138138187 20.191604560072143 0
3136 0.9999567488211446 0.0023119757086378333 54.088702980853604 53.950987910005729 0
3137 0.99995672813224323 0.0023108702719995241 47.881020818627242 55.676462707466008 0
3138 0.99995686174983289 0.0023180283341848228 49.912033742241029 53.756877803119337 0
3139 0.99995675803958384 0.0023124686005952183 47.804450476699458 51.534859187293335 0
3140 0.99995665992593352 0.0023072333895373053 41.136981477399381 57.060762777684424 0
3141 0.99995663548609015 0.0023059329975707319 33.966234863546475 58.047730692133882 0
3142 0.99995677123632876 0.0023131745771251392 36.755818903942988 56.408189845145642 0
3143 0.99995666730939625 0.0023076265367503626 35.217350328289541 53.999638493710407 0
3144 0.99995717393592376 0.0023349266282193066 43.880363164340423 51.128097153535144 0
3145 0.99995720353255424 0.0023365414558869989 43.556519478837565 55.26551437431403 0
3146 0.99995730800638361 0.0023422595744532625 41.692901336241135 52.9396394367242 0
3147 0.99995719624107959 0.0023361434168684991 37.707106230556704 52.323439897874913 0
3148 0.9999567802842525 0.0023136588545035934 42.171089292967963 48.8172077933677 0
3149 0.99995675776053849 0.0023124536728356677 36.261042417196904 49.930775044954551 0
3150 0.9744919477556514 0.0023196166567022013 38.51603567549666 48.233810248051519 0
3151 0.47195169262259268 0.0023139540580710246 37.14609733666525 45.865906287348551 0
3152 0.849426282789565 0.0022877643327326039 26.366679547817441 58.620044174623054 0
3153 0.27690124883434125 0.00228589201703963 18.73083892460031 58.719848412008041 0
3154 0.37779418221161171 0.002293360355597982 22.076213688777621 57.469803080829635 0
3155 0.71706307887419973 0.002287860046405603 21.212623902636249 54.952422303041068 0
3156 0.58354668890546713 0.0022799530862492815 11.129043630391108 58.363618030992662 0
3157 0.072833994035319066 0.0022778967233352933 3.7950614988062075 57.564295936423214 0
3158 0.29144506365109429 0.0022854343035543403 7.4400244736222509 56.735009079695431 0
3159 0.41858304319374595 0.0022799530862492859 7.4744193537221468 54.172403898373695 0
3160 0.8309471306318873 0.0023081035386376763 17.452089945797283 53.636936664396821 0
3161 0.78732702044489689 0.0023100905228909262 14.684106424236901 57.321746417410225 0
3162 0.40118720977900379 0.0023157413939484729 14.276441146222647 54.763160392720266 0
3163 0.87189434873313776 0.0023100905228909262 10.762130088522662 53.2355383090975 0
3164 0.99995629294271948 0.0022878600464056017 16.92247027225919 51.099180880603271 0
3165 0.99995625531543153 0.0022858920170396313 10.608425376881216 50.679044958375968 0
3166 0.99995639776368683 0.0022933603555979768 13.593428866856424 49.662844566240636 0
3167 0.92723846073772975 0.0022877643327325996 13.301488840234343 47.125413615072524 0
3168 0.40066766300682233 0.0023994306655560605 33.691889976645129 45.097727820860669 0
3169 0.99995835586418191 0.0024011984790263748 32.544958775180568 49.131272494400939 0
3170 0.68482360200726689 0.0024073826906760203 31.363129563496624 46.667103719840618 0
3171 0.90789531480348129 0.0024011984790263774 27.901330471991873 45.689683316841226 0
3172 0.99995844267658418 0.0024062147544892717 31.176872563390511 53.161702398070126 0
3173 0.99995846942288802 0.0024077644412134813 29.522428373040601 57.160097207861106 0
3174 0.99995857802666943 0.0024140775661515516 28.298053661640331 54.684566762494072 0
3175 0.99995847134827232 0.0024078760790546216 24.266238982739811 53.622703463361148 0
3176 0.99995889941055205 0.0024329551256433027 25.366237879152973 47.14314713089162 0
3177 0.99995889941049343 0.0024329551256433036 29.97182566721154 50.687328862096045 0
3178 0.9999590068942189 0.0024393345965926876 26.241977383296732 49.672166104939727 0
3179 0.99995887103710424 0.0024312766549424319 23.429693415357352 51.09020468476826 0
3180 0.99995844267622069 0.0024062147544892691 22.001112689932938 45.9926815230492 0
3181 0.99995847134861615 0.0024078760790546263 19.843462426022391 49.878030638447981 0
3182 0.99995857802577748 0.0024140775661515546 19.297424732526984 47.314948825018483 0
3183 0.93922978371194943 0.0024077644412134822 16.086335849898717 45.99507330451025 0
3184 0.15332644435585421 0.0023139540580710276 32.58820423302754 42.684842984960909 0
3185 0.81522019733073681 0.0023124536728356742 27.023506580492242 43.227501004756782 0
3186 0.32767899857494137 0.002319616656702207 29.37010252427266 41.789279621724823 0
3187 0.9368868273533254 0.0023136588545035939 28.522703849126472 39.384116802885046 0
3188 0.99995666730946942 0.0023076265367503656 21.368471171864908 43.49221300751443 0
3189 0.42261542859446516 0.0023059329975707336 15.706219939980762 43.469107446983571 0
3190 0.53381883767863281 0.0023131745771251414 18.28221055564866 42.284300835967002 0
3191 0.36873849689067867 0.0023072333895373062 17.801868403374993 39.821092699231542 0
3192 0.23415445266043217 0.0023349266282193014 25.501550872592155 38.375411813813074 0
3193 0.9935389577731728 0.0023361434168685026 23.848309889749601 42.176730436118767 0
3194 0.57082093020101177 0.0023422595744532577 23.179664569458939 39.732310865448419 0
3195 0.38162594110621578 0.0023365414558869954 20.216460619850441 38.581661619079718 0
3196 0.12235816043502766 0.0023124686005952175 24.816977117302482 35.950990650083796 0
3197 0.031812015535298548 0.0023108702719995206 19.698945884790522 36.130920990511186 0
3198 0.024320900000848841 0.0023180283341848193 21.974071228084537 34.854485467085176 0
3199 0.53964722890147043 0.0023119757086378324 21.425205744786656 32.426226919639063 0
3200 0.83413922242403937 0.0027595700111867254 56.8530352131081 20.166288539100844 0
3201 0.60560948992903219 0.0027604144970993644 56.805402804953765 24.672241987443304 0
3202 0.99119754121920955 0.0027689713465290193 55.380038094765972 22.325528874874266 0
3203 0.98871593572824634 0.0027604144970993596 52.48880117847726 22.099703873476663 0
3204 0.99996380170014021 0.0027624606834387075 56.743795090878578 29.192914480324504 0
3205 0.99996380834976217 0.0027629682586482306 56.667621184823695 33.698626945073244 0
3206 0.99996392239377407 0.0027717025240805537 55.134527032761518 31.372291532685413 0
3207 0.99996381056238914 0.0027631371930384855 52.000805941254349 31.168154351542135 0
3208 0.76887973980313284 0.0027978366730793784 50.912496250284818 24.232122484624082 0
3209 0.56860309353209171 0.0027978366730793823 55.27148326599562 26.849155827974425 0
3210 0.28109016843402773 0.0028066817064582943 52.263779215575411 26.634527069450122 0
3211 0.46371715282831216 0.0027971517526496747 50.609159278365247 28.774593111954708 0
3212 0.99996380170013965 0.0027624606834387041 47.996007706791431 23.928116698977018 0
3213 0.83597366744913171 0.0027631371930384886 47.576859069236626 28.462973866244532 0
3214 0.99996392239377485 0.0027717025240805498 46.320964177423704 26.01982134523298 0
3215 0.99996380834976228 0.0027629682586482319 43.397413559136602 25.624060103184743 0
3216 0.98171672359337292 0.0027629682586482319 56.570992717331322 38.278431725821051 0
3217 0.99996380169534393 0.0027624606834387071 56.452154270303303 42.783708468356721 0
3218 0.77641257306851308 0.0027717025240805476 54.745547803466884 40.535269765375652 0
3219 0.17706208514332045 0.0027631371930384829 51.214113412764213 40.46288108887147 0
3220 0.99996377486894206 0.0027604144970993583 56.302926994812566 47.303487171928566 0
3221 0.99996376378377738 0.0027595700111867237 56.111992940364011 51.807957500391808 0
3222 0.99996388680985715 0.0027689713465290193 54.140214375430666 49.574649221945336 0
3223 0.99996377486864041 0.0027604144970993639 50.001971816671997 49.501542201596884 0
3224 0.25896935126813231 0.0027971517526496712 49.12768328961014 42.641233289959885 0
3225 0.93181377658402897 0.0027978366730793823 54.478568571687909 45.055751186643555 0
3226 0.31305013347674954 0.0028066817064582913 50.667597295298251 44.984587612433302 0
3227 0.88757844308451328 0.0027978366730793854 48.376364179713129 47.160639470891581 0
3228 0.99497023668159734 0.0027631371930384851 45.506432130087106 42.397520451491729 0
3229 0.99996380170014076 0.0027624606834387062 44.465147394877043 46.887337768882496 0
3230 0.99996392239373677 0.0027717025240805528 43.15345065013836 44.470513025970284 0
3231 0.55875882885343742 0.0027629682586482328 39.487698752781583 44.035684862020254 0
3232 0.99996562624124341 0.00290909595693961 41.536849365253055 27.693925255345981 0
3233 0.9999656285726729 0.0029092932877926502 45.749590053580192 30.589503678146261 0
3234 0.9999657432034833 0.0029190287816746562 42.624489228801266 30.214208566475619 0
3235 0.99996562857257032 0.0029092932877926498 40.582193150473657 32.30186836316895 0
3236 0.99996562857265869 0.0029092932877926507 50.224504004566832 33.357668691754242 0
3237 0.92635484923781108 0.0029090959569396109 54.961467651213106 35.954216711736436 0
3238 0.8100666560159393 0.0029190287816746557 51.640581322551441 35.816711807016816 0
3239 0.47835301170519623 0.0029092932877926511 49.729747671223961 38.069266699143441 0
3240 0.99996608862894831 0.0029487633704342441 41.702685421930894 34.850848859243648 0
3241 0.99996608862897773 0.0029487633704342433 46.995370106852675 33.089261532381009 0
3242 0.99996620402587122 0.0029588323208774685 45 35.264389682754654 0
3243 0.99996608862884639 0.0029487633704342437 46.307179736173445 37.784795815915672 0
3244 0.99996562857261739 0.0029092932877926529 39.532440367846171 36.919119723199323 0
3245 1 0.0029092932877926511 44.181825664790388 39.936688950728723 0
3246 0.97810855006650388 0.0029190287816746544 40.693686722234943 39.482926614977025 0
3247 0.31558072968129453 0.0029090959569396109 38.363292468529551 41.512241630393852 0
3248 0.99132461056790289 0.0027629682586482324 38.596398064569065 27.204126710403465 0
3249 0.99996381056216344 0.0027631371930384842 37.50885642077273 31.788319389173964 0
3250 0.98618893154299669 0.0027717025240805528 36.617302581308714 29.214306142548722 0
3251 0.7220174091319389 0.0027624606834387075 33.748577130555503 28.602450011111557 0
3252 0.74093995237169585 0.0027631371930384859 36.293444579852782 36.374345314254427 0
3253 0.79876829873686372 0.0027629682586482306 34.91907581210755 40.930626231065595 0
3254 0.99120805603098683 0.0027717025240805511 34.018668568540903 38.361309373676583 0
3255 0.90318101535480677 0.0027624606834387075 30.84269236106832 37.71031872710121 0
3256 0.73633582011203502 0.0027978366730793836 31.63041736179051 30.549026361015684 0
3257 0.52410899327186011 0.0027971517526496721 35.397638977724526 33.796568516934506 0
3258 0.058044686578217701 0.0028066817064582947 32.381214842192286 33.167013735730499 0
3259 0.051439449229672439 0.0027978366730793828 30.10849564912024 35.096319905197532 0
3260 0.85804315005773935 0.0027604144970993644 28.764146440026611 29.835052789941788 0
3261 0.02479610606878584 0.00276041449709936 27.10763275563512 34.345350334109519 0
3262 0.37070836603440438 0.0027689713465290193 26.519429895942512 31.70485516193396 0
3263 0.87319955234133562 0.0027595700111867258 23.684179270723781 30.881765306013882 0
3264 0.51573866830945292 0.0023119757086378324 55.689587481925926 17.958727689735323 0
3265 0.99995675803930439 0.002312468600595217 51.374314009526529 19.863005593647419 0
3266 0.88230891447600257 0.0023180283341848189 53.093963047222324 17.882148229831014 0
3267 0.40480359632865859 0.0023108702719995206 52.209299159412687 15.798100207654359 0
3268 0.99995678028425194 0.0023136588545035939 46.943850491719076 21.658252608153568 0
3269 0.99995678579778535 0.0023139540580710298 42.413632416757174 23.323342757230858 0
3270 0.99995689128682497 0.0023196166567022078 44.276335056761759 21.449386340878227 0
3271 0.99995675776040382 0.0023124536728356742 43.462310645460164 19.333244341705285 0
3272 0.82429191592752837 0.002336541455886995 49.630823781212186 15.672437465406158 0
3273 0.99995717393611583 0.0023349266282193032 48.737231423343104 19.726009750516493 0
3274 0.99995730800642735 0.0023422595744532586 47.881467058160119 17.620197311379982 0
3275 0.99995719624103818 0.0023361434168685017 45.271091312585327 17.435374406907243 0
3276 0.24667081658266327 0.0023072333895373083 48.790635363672926 13.580568218518632 0
3277 0.99995666730939681 0.0023076265367503656 44.468195032470383 15.327422679031699 0
3278 0.56790400832703491 0.0023131745771251418 46.235557544928973 13.419465748110809 0
3279 0.26582424927732701 0.0023059329975707336 45.441479346274811 11.330193475611786 0
3280 0.56954822309842079 0.0023139540580710246 37.717015346039787 24.865182845661039 0
3281 0.85203923232027157 0.0023136588545035947 32.960543521351198 26.235216919259503 0
3282 0.51396199834518386 0.0023196166567022026 34.943781295160584 24.506607465979041 0
3283 0.95878383224223596 0.0023124536728356673 34.147222310340261 22.379128329075208 0
3284 0.99995675803953465 0.0023124686005952188 28.084293101535287 27.441411147492168 0
3285 0.99995674841314564 0.0023119757086378337 23.118001534166833 28.465069571336858 0
3286 0.99995685971541415 0.0023180283341848228 25.269856062360745 26.892073096697086 0
3287 0.99995673757898906 0.0023108702719995241 24.603303924788314 24.724103525060325 0
3288 0.99995719624140644 0.0023361434168684991 31.422909917803466 21.951852554108459 0
3289 0.99995717393592376 0.0023349266282193066 30.157436098000513 25.785996432848819 0
3290 0.99995730800642968 0.0023422595744532625 29.419897747779132 23.631285706132438 0
3291 0.99995720183023129 0.0023365414558869989 26.677158029684701 23.117262347616546 0
3292 0.9999566673094028 0.0023076265367503604 30.692162381612537 19.813937769115118 0
3293 0.99995665992611948 0.0023072333895373057 26.010495732725055 20.959732114428451 0
3294 0.9999567712363292 0.0023131745771251388 28.019511461432788 19.334434912076496 0
3295 0.99995663548609015 0.0023059329975707332 27.351884333266685 17.197917552069789 0
3296 0.80607387697510613 0.002407764441213483 42.862461520399606 11.098537009818415 0
3297 0.27724941105531992 0.0024062147544892695 41.847399561365002 15.086115215682621 0
3298 0.93031625626869885 0.0024140775661515555 41.038669284511386 12.946985152134349 0
3299 0.999958471348254 0.0024078760790546289 38.403693286193509 12.635525432716809 0
3300 0.44667167638299793 0.0024011984790263778 40.785354246286232 19.079753634179173 0
3301 0.78141103112934762 0.0023994306655560614 39.665493028329351 23.052932220780203 0
3302 0.28758110673338133 0.0024073826906760207 38.85448371151535 20.925798740304831 0
3303 0.82130814440486155 0.0024011984790263748 36.106944008905899 20.609888046726439 0
3304 0.99995887103723125 0.0024312766549424328 36.524665114204339 14.462467168562634 0
3305 0.20236206729299125 0.0024329551256433049 39.976419001639591 16.940969320010527 0
3306 0.99114675707999034 0.0024393345965926872 37.285838323622045 16.627623658941559 0
3307 0.98625757660702318 0.0024329551256433023 35.350163440933251 18.451763122639051 0
3308 0.99995847134825899 0.0024078760790546224 33.883953828283197 14.108008136731318 0
3309 0.99995844267678891 0.0024062147544892704 32.65755569692773 18.082166353874694 0
3310 0.99995857802615606 0.0024140775661515529 31.955100393037029 15.904956028517379 0
3311 0.99995846942282618 0.0024077644412134813 29.320299715311521 15.499075324053985 0
3312 0.99995629111108508 0.0022877643327325991 42.098569873313849 9.0062439386820401 0
3313 0.99995629294307087 0.0022878600464056017 37.667485958144916 10.532259430179529 0
3314 0.99995639776386114 0.0022933603555979768 39.535924037777384 8.7504775849108309 0
3315 0.99995625531530608 0.0022858920170396296 38.837597142068894 6.6990869606071213 0
3316 0.99995629294306732 0.0022878600464056064 33.181422878396482 11.992473651545055 0
3317 0.99995629111456952 0.0022877643327326048 28.655386750866278 13.370978836788089 0
3318 0.99995639776386414 0.0022933603555979859 30.585216284499936 11.660109566124259 0
3319 0.99995625531530974 0.0022858920170396304 29.914340999410946 9.5980014635153488 0
3320 0.99995671352685489 0.0023100905228909288 36.278196526414646 6.4170197192325746 0
3321 0.99995667626410478 0.002308103538637678 35.083325741069764 10.242546904076269 0
3322 0.99995681915035017 0.0023157413939484733 34.39439475497354 8.179689424649716 0
3323 0.99995671352688564 0.0023100905228909266 31.819671182460752 7.8664395220647414 0
3324 0.99995614137235711 0.0022799530862492859 35.595873407311039 4.3669663120794153 0
3325 0.99995614137205657 0.0022799530862492815 31.152724598549003 5.8107984071004122 0
3326 0.99995624655484405 0.0022854343035543403 33.043195999906267 4.0729131671831134 0
3327 0.9999561017807409 0.002277896723335292 32.3787938787775 2.0344314280704561 0
3328 0 0.0022778967233352937 87.591444913821348 -32.355896236796781 0
3329 0 0.0022799530862492819 83.218499545053689 -30.97492429267994 0
3330 0 0.0022854343035543403 85.144682589244781 -32.949120387496151 0
3331 0 0.0022799530862492863 84.634833226849878 -35.476892100753098 0
3332 0 0.0022858920170396304 78.960637349064285 -29.453942734004137 0
3333 0 0.0022877643327326048 74.843694141671378 -27.810032851995924 0
3334 0 0.0022933603555979807 76.519719142814864 -29.888860523272847 0
3335 0 0.002287860046405603 75.758802513150414 -32.367460093996755 0
3336 0 0.0023100905228909288 82.057766807314735 -36.015158167940676 0
3337 0 0.0023100905228909258 80.764441690851584 -31.485720551497181 0
3338 0 0.0023157413939484729 80.118506465994088 -33.996311964819917 0
3339 0 0.0023081035386376776 77.548152071113449 -34.444491042061941 0
3340 0 0.0022858920170396313 81.424792050548447 -38.523344568699834 0
3341 0.00057243473060608456 0.0022878600464056012 76.782141890086464 -36.925967056659374 0
3342 0.00010449149378617902 0.0022933603555979781 78.713061919865638 -38.987621104672662 0
3343 0 0.0022877643327325996 77.942328944008565 -41.463502635237617 0
3344 0 0.0023059329975707319 70.788070015576054 -26.034448338686694 0
3345 0 0.0023072333895373053 66.914889252483704 -24.17460860820507 0
3346 0 0.0023131745771251379 68.32432181155076 -26.313222508190414 0
3347 0 0.002307626536750363 67.2669050596852 -28.698939840633496 0
3348 0 0.0023108702719995241 63.140671728554402 -22.220307123304885 0
3349 0 0.0023119757086378333 59.480442138138187 -20.191604560072143 0
3350 0 0.0023180283341848228 60.715351987912982 -22.378236782956019 0
3351 0 0.0023124686005952188 59.520273475396515 -24.695782003166663 0
3352 0 0.0023361434168684991 64.717786676370423 -28.917651514327702 0
3353 0 0.0023365414558869989 64.463936317942483 -24.387928481810071 0
3354 0 0.0023422595744532625 63.328852796499575 -26.74468996409993 0
3355 0 0.0023349266282193066 60.805967302197224 -26.894785825704183 0
3356 0 0.0023124536728356677 63.54886914086245 -31.268230380081704 0
3357 0 0.0023136588545035934 59.571576422239126 -29.210253879369361 0
3358 0 0.0023196166567022013 60.920371894885974 -31.410987915740435 0
3359 0 0.0023139540580710246 59.635326612402089 -33.714259693720194 0
3360 0 0.0024077644412134822 75.017363019470849 -41.875839420433032 0
3361 0 0.0024078760790546272 74.035908047570032 -37.311906434291174 0
3362 0 0.0024140775661515555 73.049242273284179 -39.782635111928087 0
3363 0 0.0024062147544892712 70.106671344817826 -40.10243652549385 0
3364 0 0.0024078760790546233 73.156455276972537 -32.731093448282088 0
3365 0 0.0024077644412134813 72.356692845669343 -28.156637981285201 0
3366 0 0.0024140775661515516 71.435697217188135 -30.596804059692786 0
3367 0 0.0024062147544892712 68.802943156957824 -30.861623034126215 0
3368 0 0.0024329551256433058 68.3223950746562 -37.922316345117736 0
3369 0 0.0024312766549424336 72.205762349339295 -35.19133607949837 0
3370 0 0.0024393345965926876 69.426324398017684 -35.482932473409726 0
3371 0 0.0024329551256433023 67.7514538049723 -33.286633986261016 0
3372 0 0.0024011984790263782 65.448219792601989 -38.122271089488429 0
3373 0 0.0024011984790263748 65.03882556853516 -33.475388536784514 0
3374 0 0.0024073826906760186 63.847972740034436 -35.871356016590823 0
3375 0 0.0023994306655560609 61.064536006701672 -35.967875770457702 0
3376 0 0.0023059329975707336 74.062156781415396 -44.318616666613707 0
3377 0 0.0023076265367503656 68.989991292332377 -42.500503362376875 0
3378 0 0.0023131745771251418 70.968686472518769 -44.625650814467996 0
3379 0.013045921001997756 0.0023072333895373062 69.863548236653429 -46.993241635941622 0
3380 0 0.0023124536728356773 64.202044832967232 -40.472815968318343 0
3381 0 0.0023139540580710293 59.715830611838825 -38.269646851300664 0
3382 0 0.0023196166567022117 61.244483916084334 -40.524152274237821 0
3383 0 0.0023136588545035934 59.815355795490795 -42.773346195808188 0
3384 8.6177997469808849e-06 0.0023365414558869941 66.57920614403055 -47.185786826252546 0
3385 0 0.0023361434168685026 65.950552104200227 -42.672236845795602 0
3386 0 0.0023422595744532577 64.659229124352066 -44.987994181901101 0
3387 0 0.0023349266282193019 61.467968595039174 -45.038484855459458 0
3388 4.2073039319837105e-06 0.0023108702719995206 65.216020394918317 -49.499845268966297 0
3389 0 0.0023124686005952175 59.940452461448643 -47.287185531315139 0
3390 0 0.0023180283341848189 61.751150470376217 -49.551709084700732 0
3391 0 0.0023119757086378324 60.100357209171136 -51.790321037609878 0
3392 0 0.0023119757086378328 55.689587481925926 -17.958727689735323 0
3393 3.7282978460100886e-06 0.0023108702719995206 52.209299159412687 -15.798100207654359 0
3394 0 0.0023180283341848193 53.093963047222331 -17.882148229831014 0
3395 0 0.002312468600595217 51.374314009526529 -19.863005593647419 0
3396 0.52624723104949978 0.0023072333895373083 48.790635363672926 -13.580568218518632 0
3397 0.0049060744331630973 0.0023059329975707336 45.441479346274811 -11.330193475611786 0
3398 0.010314712468707731 0.0023131745771251418 46.235557544928966 -13.419465748110811 0
3399 0.064642207749611644 0.0023076265367503656 44.468195032470383 -15.327422679031699 0
3400 0.49132572248830253 0.0023349266282193032 48.737231423343097 -19.726009750516482 0
3401 0.59283441988665264 0.002336541455886995 49.630823781212193 -15.672437465406155 0
3402 0.92919438602203308 0.0023422595744532586 47.881467058160119 -17.620197311379986 0
3403 0.85892049946245419 0.0023361434168685017 45.271091312585327 -17.435374406907236 0
3404 0.87487685648801228 0.0023136588545035939 46.943850491719076 -21.658252608153568 0
3405 0.20891584055566234 0.0023124536728356742 43.462310645460164 -19.333244341705285 0
3406 0.74108490506187774 0.0023196166567022078 44.276335056761759 -21.449386340878227 0
3407 0.15237176374732778 0.0023139540580710298 42.413632416757174 -23.323342757230858 0
3408 0.010170353619112915 0.0022877643327326004 42.098569873313849 -9.0062439386820401 0
3409 0.65772521321107114 0.00228589201703963 38.837597142068894 -6.6990869606071213 0
3410 0.49867757557258929 0.0022933603555979768 39.535924037777384 -8.7504775849108327 0
3411 0.99995629294306665 0.0022878600464056017 37.667485958144916 -10.532259430179529 0
3412 0.99995614137205713 0.0022799530862492859 35.595873407311039 -4.3669663120794153 0
3413 0.99995610178398797 0.0022778967233352933 32.3787938787775 -2.0344314280704561 0
3414 0.99995624655475779 0.0022854343035543403 33.043195999906267 -4.0729131671831142 0
3415 0.99995614137205846 0.0022799530862492815 31.152724598549003 -5.8107984071004122 0
3416 0.99995667626434515 0.002308103538637678 35.083325741069757 -10.242546904076269 0
3417 0.99995671352686699 0.0023100905228909288 36.278196526414632 -6.4170197192325711 0
3418 0.99995681914993517 0.0023157413939484716 34.394394754973526 -8.179689424649716 0
3419 0.99995671352696147 0.0023100905228909266 31.819671182460752 -7.8664395220647396 0
3420 1 0.0022878600464056051 33.181422878396482 -11.992473651545055 0
3421 0.9999562553152832 0.0022858920170396322 29.914340999410946 -9.5980014635153488 0
3422 0.99995639776374312 0.0022933603555979859 30.585216284499932 -11.660109566124255 0
3423 0.99995629111490036 0.0022877643327326048 28.655386750866278 -13.370978836788089 0
3424 0.00019108457422556269 0.0023994306655560614 39.665493028329351 -23.052932220780203 0
3425 0 0.0024011984790263774 40.785354246286218 -19.07975363417917 0
3426 4.3092968386465713e-07 0.002407382690676019 38.854483711515343 -20.925798740304831 0
3427 0.14327425846005992 0.0024011984790263748 36.106944008905892 -20.609888046726443 0
3428 0.14072910198780789 0.0024062147544892695 41.847399561365002 -15.086115215682618 0
3429 0.018511029972633618 0.002407764441213483 42.862461520399599 -11.098537009818415 0
3430 0.35850101873472406 0.0024140775661515555 41.038669284511379 -12.946985152134348 0
3431 0.99995847134826799 0.0024078760790546285 38.403693286193516 -12.635525432716809 0
3432 0.80804502499400599 0.0024329551256433036 35.350163440933251 -18.451763122639051 0
3433 0.24839132131510896 0.0024329551256433053 39.976419001639584 -16.940969320010524 0
3434 0.85170114615994852 0.0024393345965926889 37.285838323622045 -16.627623658941559 0
3435 0.99995887103704628 0.0024312766549424328 36.524665114204332 -14.462467168562631 0
3436 0.99995844267676492 0.0024062147544892704 32.657555696927744 -18.08216635387469 0
3437 0.99995847134791316 0.0024078760790546224 33.88395382828319 -14.108008136731316 0
3438 0.99995857802594856 0.0024140775661515529 31.955100393037025 -15.904956028517372 0
3439 0.99995846942280697 0.0024077644412134813 29.320299715311521 -15.499075324053985 0
3440 0 0.0023139540580710246 37.717015346039787 -24.865182845661039 0
3441 0.8743851256955798 0.0023124536728356673 34.147222310340261 -22.379128329075208 0
3442 0.42036038174459944 0.0023196166567022026 34.943781295160591 -24.506607465979034 0
3443 0.54368067353389415 0.0023136588545035934 32.960543521351198 -26.235216919259503 0
3444 0.99995666730932875 0.0023076265367503604 30.692162381612537 -19.813937769115118 0
3445 0.99995663548608693 0.0023059329975707332 27.351884333266685 -17.197917552069789 0
3446 0.99995677123563009 0.0023131745771251388 28.019511461432788 -19.334434912076496 0
3447 0.99995665992596139 0.0023072333895373057 26.010495732725055 -20.959732114428451 0
3448 0.99995717393602812 0.0023349266282193066 30.157436098000506 -25.785996432848819 0
3449 0.99995719624101387 0.0023361434168684991 31.422909917803466 -21.951852554108466 0
3450 0.99995730800639471 0.0023422595744532625 29.419897747779132 -23.631285706132442 0
3451 0.99995720353265649 0.0023365414558869989 26.677158029684698 -23.117262347616546 0
3452 0.99995675803953488 0.0023124686005952188 28.084293101535287 -27.441411147492168 0
3453 0.99995672813214109 0.0023108702719995241 24.603303924788314 -24.724103525060325 0
3454 0.99995686174983478 0.0023180283341848232 25.269856062360745 -26.892073096697086 0
3455 0.99995674882114594 0.002311975708637832 23.118001534166833 -28.465069571336858 0
3456 0 0.0027595700111867232 56.111992940364004 -51.807957500391808 0
3457 0 0.0027604144970993583 56.302926994812559 -47.303487171928566 0
3458 0 0.0027689713465290193 54.140214375430673 -49.574649221945336 0
3459 0 0.0027604144970993644 50.00197181667199 -49.501542201596877 0
3460 0 0.0027624606834387071 56.452154270303311 -42.783708468356714 0
3461 0 0.0027629682586482315 56.570992717331315 -38.278431725821058 0
3462 0 0.0027717025240805476 54.745547803466891 -40.535269765375645 0
3463 0 0.0027631371930384829 51.214113412764213 -40.462881088871463 0
3464 0 0.0027978366730793819 48.376364179713121 -47.160639470891581 0
3465 0 0.0027978366730793823 54.478568571687909 -45.055751186643548 0
3466 0.0017972698236909587 0.0028066817064582952 50.667597295298251 -44.984587612433302 0
3467 0 0.0027971517526496712 49.12768328961014 -42.641233289959885 0
3468 0 0.0027624606834387058 44.465147394877036 -46.887337768882503 0
3469 0 0.0027631371930384851 45.506432130087113 -42.397520451491729 0
3470 0 0.0027717025240805511 43.15345065013836 -44.470513025970284 0
3471 0 0.0027629682586482328 39.487698752781576 -44.035684862020254 0
3472 0 0.0027629682586482302 56.667621184823695 -33.698626945073237 0
3473 0 0.0027624606834387075 56.743795090878571 -29.192914480324511 0
3474 0 0.0027717025240805537 55.134527032761518 -31.372291532685427 0
3475 0 0.0027631371930384855 52.000805941254356 -31.168154351542135 0
3476 0 0.0027604144970993644 56.805402804953751 -24.672241987443304 0
3477 0.017979729042458006 0.0027595700111867254 56.8530352131081 -20.16628853910084 0
3478 0.022083989126453839 0.0027689713465290193 55.380038094765972 -22.325528874874266 0
3479 0 0.0027604144970993596 52.488801178477253 -22.099703873476663 0
3480 0 0.0027971517526496747 50.60915927836524 -28.774593111954708 0
3481 0 0.0027978366730793836 55.271483265995634 -26.849155827974418 0
3482 0 0.0028066817064582943 52.263779215575411 -26.634527069450122 0
3483 0 0.0027978366730793784 50.912496250284825 -24.232122484624078 0
3484 0 0.002763137193038489 47.576859069236633 -28.462973866244532 0
3485 0.31226851630944741 0.0027624606834387041 47.996007706791424 -23.928116698977018 0
3486 0.22989354035975373 0.0027717025240805515 46.320964177423711 -26.01982134523298 0
3487 0.16409562657603557 0.0027629682586482319 43.397413559136595 -25.624060103184732 0
3488 0 0.0029090959569396104 38.363292468529558 -41.512241630393838 0
3489 0 0.0029092932877926476 44.181825664790388 -39.936688950728723 0
3490 0 0.0029190287816746562 40.693686722234943 -39.482926614977025 0
3491 0 0.0029092932877926494 39.532440367846171 -36.919119723199323 0
3492 0 0.0029092932877926494 49.729747671223954 -38.069266699143448 0
3493 0 0.0029090959569396096 54.961467651213113 -35.954216711736436 0
3494 0 0.0029190287816746575 51.640581322551441 -35.816711807016816 0
3495 0 0.002909293287792652 50.224504004566832 -33.357668691754242 0
3496 0 0.0029487633704342441 41.702685421930894 -34.850848859243648 0
3497 0 0.0029487633704342437 46.307179736173445 -37.784795815915672 0
3498 0 0.0029588323208774685 45 -35.264389682754654 0
3499 0 0.0029487633704342437 46.995370106852675 -33.089261532381009 0
3500 0 0.0029092932877926511 40.582193150473657 -32.301868363168957 0
3501 0 0.0029092932877926502 45.749590053580199 -30.589503678146261 0
3502 0 0.0029190287816746562 42.624489228801266 -30.214208566475619 0
3503 0 0.0029090959569396104 41.536849365253047 -27.693925255345981 0
3504 0 0.0027629682586482306 34.919075812107558 -40.930626231065595 0
3505 0 0.0027631371930384855 36.293444579852789 -36.37434531425442 0
3506 0 0.0027717025240805511 34.01866856854091 -38.361309373676583 0
3507 0 0.0027624606834387075 30.84269236106832 -37.710318727101203 0
3508 0 0.0027631371930384846 37.50885642077273 -31.788319389173964 0
3509 0 0.0027629682586482324 38.596398064569058 -27.204126710403472 0
3510 0 0.0027717025240805528 36.617302581308707 -29.214306142548725 0
3511 0.12444348427944572 0.0027624606834387075 33.748577130555503 -28.602450011111561 0
3512 0 0.0027978366730793815 30.10849564912024 -35.096319905197532 0
3513 0 0.0027971517526496734 35.397638977724526 -33.796568516934506 0
3514 0 0.0028066817064582934 32.381214842192286 -33.167013735730499 0
3515 0.21486032316030768 0.0027978366730793854 31.630417361790517 -30.549026361015695 0
3516 0.18481023306840627 0.00276041449709936 27.107632755635112 -34.345350334109519 0
3517 1 0.0027604144970993639 28.764146440026597 -29.835052789941773 0
3518 0.9793307142406813 0.0027689713465290193 26.519429895942512 -31.70485516193396 0
3519 0.99996376378349783 0.0027595700111867254 23.684179270723785 -30.881765306013889 0
3520 0 0.0023119757086378346 54.088702980853604 -53.950987910005729 0
3521 0 0.0023124686005952188 47.804450476699458 -51.534859187293335 0
3522 0 0.0023180283341848228 49.912033742241029 -53.756877803119352 0
3523 0 0.0023108702719995241 47.881020818627242 -55.676462707466008 0
3524 0 0.0023136588545035947 42.171089292967963 -48.8172077933677 0
3525 0.0033966094267348359 0.0023139540580710246 37.14609733666525 -45.865906287348551 0
3526 0 0.0023196166567022013 38.51603567549666 -48.233810248051526 0
3527 0 0.0023124536728356677 36.261042417196904 -49.930775044954551 0
3528 0 0.0023365414558869993 43.556519478837565 -55.265514374314023 0
3529 0 0.0023349266282193066 43.880363164340395 -51.128097153535137 0
3530 0 0.0023422595744532625 41.692901336241135 -52.9396394367242 0
3531 0 0.0023361434168684991 37.707106230556697 -52.323439897874913 0
3532 0 0.0023072333895373053 41.136981477399381 -57.060762777684424 0
3533 0 0.0023076265367503626 35.217350328289541 -53.999638493710407 0
3534 0 0.0023131745771251392 36.755818903942973 -56.408189845145642 0
3535 0 0.0023059329975707319 33.966234863546475 -58.047730692133882 0
3536 0 0.0023139540580710276 32.58820423302754 -42.684842984960909 0
3537 0 0.0023136588545035939 28.522703849126472 -39.384116802885046 0
3538 0 0.002319616656702207 29.370102524272653 -41.78927962172483 0
3539 0 0.0023124536728356742 27.023506580492242 -43.227501004756782 0
3540 0.025646365456892792 0.0023124686005952162 24.816977117302482 -35.950990650083796 0
3541 0.99995674882114538 0.0023119757086378324 21.425205744786656 -32.426226919639063 0
3542 0.314838517220285 0.0023180283341848193 21.974071228084533 -34.854485467085176 0
3543 0.05948062122696663 0.0023108702719995206 19.698945884790522 -36.130920990511186 0
3544 0 0.0023361434168685026 23.848309889749601 -42.176730436118767 0
3545 0 0.002334926628219301 25.501550872592166 -38.375411813813074 0
3546 0 0.0023422595744532577 23.179664569458936 -39.732310865448419 0
3547 0 0.0023365414558869954 20.216460619850444 -38.581661619079725 0
3548 0 0.0023076265367503656 21.368471171864908 -43.49221300751443 0
3549 0 0.0023072333895373075 17.801868403374993 -39.821092699231542 0
3550 0 0.0023131745771251418 18.282210555648653 -42.284300835966995 0
3551 0 0.0023059329975707336 15.706219939980762 -43.469107446983571 0
3552 0 0.0024077644412134813 29.522428373040601 -57.160097207861106 0
3553 0 0.0024062147544892717 31.176872563390518 -53.161702398070133 0
3554 0 0.0024140775661515516 28.298053661640331 -54.684566762494065 0
3555 0 0.0024078760790546216 24.266238982739818 -53.622703463361148 0
3556 0 0.0024011984790263743 32.544958775180561 -49.131272494400939 0
3557 0 0.0023994306655560605 33.691889976645129 -45.097727820860676 0
3558 0 0.0024073826906760203 31.363129563496624 -46.667103719840618 0
3559 0 0.0024011984790263774 27.901330471991862 -45.689683316841219 0
3560 0 0.0024312766549424336 23.429693415357352 -51.09020468476826 0
3561 0 0.0024329551256433036 29.971825667211533 -50.687328862096045 0
3562 0 0.0024393345965926876 26.241977383296732 -49.672166104939727 0
3563 0 0.0024329551256433027 25.366237879152969 -47.14314713089162 0
3564 0 0.0024078760790546259 19.843462426022391 -49.878030638447981 0
3565 0 0.0024062147544892691 22.001112689932942 -45.9926815230492 0
3566 0 0.0024140775661515563 19.297424732526988 -47.314948825018483 0
3567 0 0.0024077644412134817 16.08633584989871 -45.99507330451025 0
3568 0 0.0022877643327326052 26.366679547817441 -58.620044174623054 0
3569 0 0.002287860046405603 21.212623902636249 -54.952422303041068 0
3570 0 0.002293360355597982 22.076213688777621 -57.469803080829635 0
3571 0 0.00228589201703963 18.73083892460031 -58.719848412008041 0
3572 0 0.0022878600464056017 16.92247027225919 -51.099180880603271 0
3573 0 0.0022877643327325996 13.301488840234343 -47.125413615072524 0
3574 0 0.0022933603555979768 13.593428866856424 -49.662844566240643 0
3575 0 0.0022858920170396296 10.608425376881216 -50.679044958375968 0
3576 0 0.0023100905228909262 14.684106424236903 -57.321746417410225 0
3577 0 0.0023081035386376763 17.452089945797287 -53.636936664396821 0
3578 0 0.0023157413939484729 14.276441146222647 -54.763160392720266 0
3579 0 0.0023100905228909262 10.762130088522664 -53.235538309097485 0
3580 0 0.0022799530862492815 11.129043630391108 -58.363618030992662 0
3581 0 0.0022799530862492859 7.4744193537221468 -54.172403898373695 0
3582 0 0.0022854343035543408 7.4400244736222474 -56.735009079695438 0
3583 0 0.002277896723335292 3.7950614988062075 -57.564295936423214 0
3584 0.54672903916939763 0.0022778967233352937 -3.7950614988062097 57.564295936423214 0
3585 0 0.0022799530862492815 -11.129043630391108 58.363618030992662 0
3586 0.1565574156249348 0.0022854343035543403 -7.4400244736222474 56.735009079695431 0
3587 0.62926573216924142 0.0022799530862492859 -7.4744193537221477 54.172403898373709 0
3588 0 0.00228589201703963 -18.730838924600317 58.719848412008055 0
3589 0 0.0022877643327326039 -26.366679547817441 58.620044174623054 0
3590 0 0.002293360355597982 -22.076213688777617 57.469803080829621 0
3591 0 0.002287860046405603 -21.212623902636246 54.952422303041075 0
3592 0.23429786852971035 0.0023100905228909262 -10.762130088522664 53.235538309097485 0
3593 3.300843135040713e-07 0.0023100905228909266 -14.684106424236903 57.321746417410225 0
3594 0 0.0023157413939484729 -14.276441146222647 54.763160392720266 0
3595 0 0.002308103538637678 -17.452089945797283 53.636936664396821 0
3596 0.03166613039351561 0.0022858920170396313 -10.608425376881216 50.679044958375968 0
3597 0 0.0022878600464056017 -16.92247027225919 51.099180880603271 0
3598 0 0.0022933603555979781 -13.593428866856424 49.662844566240643 0
3599 0 0.0022877643327325996 -13.301488840234354 47.125413615072532 0
3600 0 0.0023059329975707319 -33.966234863546468 58.047730692133882 0
3601 0 0.0023072333895373053 -41.136981477399388 57.060762777684424 0
3602 0 0.0023131745771251379 -36.755818903942981 56.408189845145642 0
3603 0 0.002307626536750363 -35.217350328289527 53.999638493710407 0
3604 0 0.0023108702719995241 -47.881020818627256 55.676462707466008 0
3605 0.042789133671340455 0.0023119757086378333 -54.088702980853611 53.950987910005736 0
3606 0 0.0023180283341848228 -49.912033742241029 53.756877803119345 0
3607 0 0.0023124686005952188 -47.804450476699451 51.534859187293335 0
3608 0 0.0023361434168684991 -37.707106230556704 52.323439897874913 0
3609 0 0.0023365414558869989 -43.556519478837565 55.265514374314023 0
3610 0 0.0023422595744532625 -41.692901336241135 52.9396394367242 0
3611 0 0.0023349266282193066 -43.880363164340416 51.128097153535137 0
3612 0 0.0023124536728356677 -36.261042417196904 49.930775044954551 0
3613 0 0.0023136588545035934 -42.17108929296797 48.817207793367707 0
3614 0 0.0023196166567022013 -38.516035675496667 48.233810248051519 0
3615 0 0.0023139540580710246 -37.146097336665257 45.865906287348551 0
3616 0 0.0024077644412134822 -16.086335849898713 45.995073304510242 0
3617 0 0.0024078760790546263 -19.843462426022391 49.878030638447981 0
3618 0 0.0024140775661515546 -19.297424732526984 47.314948825018483 0
3619 0 0.0024062147544892691 -22.001112689932942 45.9926815230492 0
3620 0 0.0024078760790546233 -24.266238982739814 53.622703463361148 0
3621 0 0.0024077644412134813 -29.522428373040597 57.160097207861128 0
3622 0 0.0024140775661515516 -28.298053661640331 54.684566762494072 0
3623 0 0.0024062147544892712 -31.176872563390521 53.161702398070133 0
3624 0 0.0024329551256433045 -25.366237879152973 47.14314713089162 0
3625 0 0.0024312766549424336 -23.429693415357352 51.09020468476826 0
3626 0 0.0024393345965926876 -26.241977383296728 49.672166104939727 0
3627 0 0.0024329551256433023 -29.97182566721154 50.687328862096045 0
3628 0 0.0024011984790263791 -27.901330471991866 45.689683316841212 0
3629 0 0.0024011984790263748 -32.544958775180561 49.131272494400939 0
3630 0 0.0024073826906760203 -31.363129563496624 46.667103719840618 0
3631 0 0.0023994306655560618 -33.691889976645129 45.097727820860676 0
3632 0 0.0023059329975707336 -15.706219939980762 43.469107446983571 0
3633 0 0.0023076265367503656 -21.368471171864911 43.492213007514422 0
3634 0 0.0023131745771251418 -18.282210555648657 42.284300835966995 0
3635 0 0.0023072333895373062 -17.801868403374993 39.821092699231549 0
3636 0 0.0023124536728356742 -27.023506580492246 43.227501004756782 0
3637 0 0.0023139540580710276 -32.58820423302754 42.684842984960909 0
3638 0 0.002319616656702207 -29.370102524272653 41.789279621724823 0
3639 0.014833796098601606 0.0023136588545035939 -28.522703849126472 39.384116802885046 0
3640 0 0.0023365414558869941 -20.216460619850444 38.581661619079725 0
3641 0 0.0023361434168685026 -23.848309889749608 42.17673043611876 0
3642 0 0.0023422595744532577 -23.179664569458939 39.732310865448419 0
3643 0.0091705989238466817 0.0023349266282193014 -25.501550872592162 38.375411813813066 0
3644 0 0.0023108702719995206 -19.698945884790518 36.130920990511179 0
3645 0.0012811190340224713 0.0023124686005952175 -24.816977117302478 35.950990650083789 0
3646 0 0.0023180283341848189 -21.974071228084537 34.854485467085176 0
3647 0 0.0023119757086378324 -21.425205744786652 32.426226919639063 0
3648 0.8678932702786839 0.0023119757086378328 -60.100357209171136 51.790321037609871 0
3649 0.4963006945469664 0.0023108702719995206 -65.216020394918317 49.499845268966297 0
3650 0.30463591286224839 0.0023180283341848193 -61.751150470376217 49.551709084700725 0
3651 0.13754260996281997 0.0023124686005952175 -59.940452461448629 47.287185531315131 0
3652 0.91716434753121368 0.0023072333895373062 -69.863548236653429 46.993241635941622 0
3653 0.98791508435058928 0.0023059329975707336 -74.062156781415396 44.318616666613707 0
3654 0.97108209715054938 0.0023131745771251418 -70.968686472518769 44.625650814467988 0
3655 0.10747075715581761 0.0023076265367503656 -68.989991292332377 42.500503362376875 0
3656 0.21258433663457843 0.0023349266282193019 -61.467968595039189 45.038484855459458 0
3657 0.8302627318308845 0.0023365414558869954 -66.57920614403055 47.185786826252553 0
3658 0.52433938877666553 0.0023422595744532577 -64.659229124352066 44.987994181901101 0
3659 0.038256266619354898 0.0023361434168685026 -65.950552104200241 42.672236845795602 0
3660 0.00077953094435479365 0.002313658854503593 -59.815355795490781 42.773346195808188 0
3661 0 0.002312453672835676 -64.202044832967232 40.472815968318343 0
3662 0 0.0023196166567022104 -61.244483916084334 40.524152274237821 0
3663 0 0.0023139540580710298 -59.715830611838825 38.269646851300664 0
3664 0.99860484279755202 0.0022877643327326009 -77.942328944008565 41.463502635237631 0
3665 0.99995625531530596 0.00228589201703963 -81.424792050548447 38.523344568699834 0
3666 0.98887112186199344 0.0022933603555979768 -78.713061919865638 38.98762110467267 0
3667 0.70356426988350496 0.0022878600464056012 -76.782141890086464 36.925967056659381 0
3668 0.99995614137205791 0.0022799530862492846 -84.634833226849878 35.476892100753112 0
3669 0.99995610178057981 0.0022778967233352933 -87.591444913821348 32.355896236796781 0
3670 0.99995624655475757 0.0022854343035543408 -85.144682589244781 32.949120387496151 0
3671 0.98659251029254857 0.0022799530862492819 -83.218499545053689 30.974924292679948 0
3672 0.45512564433431441 0.0023081035386376776 -77.548152071113449 34.444491042061941 0
3673 0.99995671352686755 0.0023100905228909288 -82.057766807314735 36.015158167940669 0
3674 0.84052212779760616 0.0023157413939484729 -80.118506465994074 33.996311964819917 0
3675 0.40477995876830175 0.0023100905228909258 -80.764441690851584 31.485720551497181 0
3676 0 0.002287860046405603 -75.758802513150414 32.367460093996755 0
3677 0.017333257556410932 0.0022858920170396291 -78.960637349064285 29.453942734004137 0
3678 0 0.0022933603555979824 -76.519719142814864 29.888860523272832 0
3679 0 0.0022877643327326048 -74.843694141671378 27.810032851995924 0
3680 0 0.0023994306655560596 -61.064536006701672 35.967875770457702 0
3681 0 0.00240119847902638 -65.448219792601989 38.122271089488422 0
3682 0 0.0024073826906760199 -63.847972740034436 35.871356016590823 0
3683 0.00063962233308377352 0.0024011984790263748 -65.03882556853516 33.475388536784507 0
3684 0.064241105771800616 0.0024062147544892695 -70.106671344817826 40.102436525493843 0
3685 0.99760958924264653 0.0024077644412134822 -75.017363019470849 41.875839420433024 0
3686 0.26202128948326608 0.0024140775661515555 -73.049242273284179 39.78263511192808 0
3687 0.077280407011260516 0.0024078760790546285 -74.035908047570018 37.311906434291181 0
3688 0 0.0024329551256433036 -67.7514538049723 33.286633986261023 0
3689 0 0.0024329551256433053 -68.322395074656214 37.922316345117729 0
3690 0 0.0024393345965926876 -69.426324398017698 35.482932473409726 0
3691 0 0.0024312766549424319 -72.205762349339309 35.19133607949837 0
3692 0 0.0024062147544892717 -68.802943156957824 30.861623034126222 0
3693 0 0.0024078760790546216 -73.156455276972537 32.731093448282081 0
3694 0 0.0024140775661515516 -71.435697217188135 30.596804059692779 0
3695 0 0.0024077644412134796 -72.356692845669329 28.156637981285211 0
3696 0 0.0023139540580710246 -59.635326612402089 33.714259693720194 0
3697 0 0.0023124536728356677 -63.54886914086245 31.268230380081704 0
3698 0 0.0023196166567022018 -60.920371894885989 31.410987915740446 0
3699 0 0.0023136588545035934 -59.571576422239126 29.210253879369368 0
3700 0 0.0023076265367503626 -67.2669050596852 28.698939840633489 0
3701 0 0.0023059329975707319 -70.788070015576054 26.034448338686694 0
3702 0 0.0023131745771251392 -68.324321811550746 26.313222508190417 0
3703 0 0.0023072333895373066 -66.914889252483704 24.174608608205073 0
3704 0 0.0023349266282193066 -60.805967302197239 26.894785825704176 0
3705 0 0.0023361434168684991 -64.717786676370409 28.917651514327702 0
3706 0 0.0023422595744532625 -63.328852796499575 26.74468996409993 0
3707 0 0.0023365414558869989 -64.463936317942483 24.387928481810068 0
3708 0 0.0023124686005952188 -59.520273475396515 24.695782003166652 0
3709 0 0.0023108702719995241 -63.140671728554416 22.220307123304885 0
3710 0 0.0023180283341848232 -60.715351987912982 22.378236782956019 0
3711 0 0.002311975708637832 -59.480442138138201 20.191604560072143 0
3712 0 0.0027595700111867241 -23.684179270723785 30.881765306013882 0
3713 0 0.0027604144970993583 -27.107632755635112 34.345350334109511 0
3714 0 0.0027689713465290193 -26.519429895942512 31.70485516193396 0
3715 0 0.0027604144970993644 -28.764146440026604 29.835052789941773 0
3716 0.0019942008618544977 0.002762460683438708 -30.84269236106832 37.71031872710121 0
3717 0 0.0027629682586482319 -34.919075812107558 40.930626231065595 0
3718 0 0.0027717025240805511 -34.018668568540903 38.361309373676583 0
3719 0 0.0027631371930384859 -36.293444579852782 36.374345314254427 0
3720 0 0.0027978366730793819 -31.63041736179051 30.549026361015684 0
3721 0 0.0027978366730793815 -30.10849564912024 35.096319905197532 0
3722 0 0.0028066817064582952 -32.381214842192279 33.167013735730485 0
3723 0 0.0027971517526496734 -35.397638977724526 33.796568516934506 0
3724 0 0.0027624606834387058 -33.748577130555503 28.602450011111554 0
3725 0 0.0027631371930384864 -37.50885642077273 31.788319389173971 0
3726 0 0.0027717025240805511 -36.617302581308714 29.214306142548722 0
3727 0 0.0027629682586482341 -38.596398064569065 27.204126710403472 0
3728 0 0.0027629682586482328 -39.487698752781569 44.035684862020247 0
3729 0 0.0027624606834387075 -44.465147394877036 46.887337768882496 0
3730 0 0.0027717025240805528 -43.15345065013836 44.470513025970284 0
3731 0 0.0027631371930384851 -45.506432130087106 42.397520451491729 0
3732 0 0.0027604144970993644 -50.001971816671997 49.50154220159687 0
3733 0.45921961196151784 0.0027595700111867267 -56.111992940364011 51.807957500391815 0
3734 0.33691783741737441 0.0027689713465290193 -54.140214375430666 49.574649221945336 0
3735 0.44398872689397012 0.0027604144970993596 -56.302926994812559 47.303487171928566 0
3736 0 0.0027971517526496712 -49.12768328961014 42.641233289959885 0
3737 0 0.0027978366730793836 -48.376364179713129 47.160639470891581 0
3738 0 0.0028066817064582917 -50.667597295298258 44.984587612433295 0
3739 0.015941218588920499 0.0027978366730793823 -54.478568571687909 45.055751186643555 0
3740 0 0.0027631371930384829 -51.214113412764213 40.46288108887147 0
3741 0 0.0027624606834387071 -56.452154270303311 42.783708468356707 0
3742 0 0.0027717025240805476 -54.745547803466884 40.535269765375652 0
3743 0 0.0027629682586482315 -56.570992717331322 38.278431725821065 0
3744 0 0.0029090959569396117 -41.536849365253055 27.693925255345981 0
3745 0 0.0029092932877926476 -40.582193150473657 32.30186836316895 0
3746 0 0.0029190287816746562 -42.624489228801266 30.214208566475627 0
3747 0 0.0029092932877926502 -45.749590053580192 30.589503678146261 0
3748 0 0.0029092932877926511 -39.532440367846171 36.919119723199323 0
3749 0 0.0029090959569396104 -38.363292468529551 41.512241630393852 0
3750 0 0.0029190287816746544 -40.693686722234943 39.482926614977032 0
3751 0 0.0029092932877926498 -44.181825664790388 39.936688950728723 0
3752 0 0.0029487633704342437 -46.995370106852675 33.089261532381023 0
3753 0 0.0029487633704342437 -41.702685421930894 34.850848859243662 0
3754 0 0.0029588323208774685 -45 35.264389682754654 0
3755 0 0.0029487633704342437 -46.307179736173445 37.784795815915679 0
3756 0 0.0029092932877926524 -50.224504004566832 33.357668691754242 0
3757 0 0.0029092932877926529 -49.729747671223961 38.069266699143441 0
3758 0 0.0029190287816746557 -51.640581322551434 35.816711807016823 0
3759 0 0.0029090959569396113 -54.961467651213106 35.954216711736436 0
3760 0 0.0027629682586482319 -43.397413559136595 25.624060103184735 0
3761 0 0.0027631371930384872 -47.57685906923664 28.462973866244539 0
3762 0 0.002771702524080552 -46.320964177423704 26.01982134523298 0
3763 0 0.0027624606834387023 -47.996007706791431 23.928116698977011 0
3764 0 0.0027631371930384842 -52.000805941254356 31.168154351542135 0
3765 0 0.0027629682586482306 -56.667621184823695 33.698626945073237 0
3766 0 0.0027717025240805537 -55.134527032761518 31.372291532685413 0
3767 0 0.0027624606834387075 -56.743795090878571 29.192914480324511 0
3768 0 0.0027978366730793802 -50.912496250284818 24.232122484624082 0
3769 0 0.0027971517526496734 -50.609159278365247 28.774593111954708 0
3770 0 0.0028066817064582943 -52.263779215575404 26.634527069450122 0
3771 0 0.0027978366730793854 -55.27148326599562 26.849155827974425 0
3772 0 0.0027604144970993596 -52.488801178477253 22.09970387347666 0
3773 0 0.0027604144970993639 -56.805402804953765 24.6722419874433 0
3774 0 0.0027689713465290193 -55.380038094765972 22.325528874874266 0
3775 0 0.0027595700111867254 -56.853035213108093 20.16628853910084 0
3776 0 0.0023119757086378337 -23.11800153416684 28.465069571336862 0
3777 0 0.0023124686005952188 -28.084293101535291 27.441411147492165 0
3778 0 0.0023180283341848228 -25.269856062360734 26.892073096697079 0
3779 0 0.0023108702719995241 -24.603303924788325 24.724103525060332 0
3780 0 0.0023136588545035947 -32.960543521351205 26.235216919259514 0
3781 0 0.0023139540580710246 -37.717015346039794 24.865182845661039 0
3782 0 0.0023196166567022013 -34.943781295160584 24.506607465979034 0
3783 0 0.0023124536728356669 -34.147222310340254 22.379128329075204 0
3784 0 0.0023365414558869993 -26.677158029684701 23.117262347616549 0
3785 0 0.0023349266282193066 -30.15743609800052 25.785996432848808 0
3786 0 0.0023422595744532625 -29.419897747779132 23.631285706132438 0
3787 0 0.0023361434168684991 -31.422909917803466 21.951852554108456 0
3788 0 0.0023072333895373057 -26.010495732725058 20.959732114428451 0
3789 0 0.0023076265367503604 -30.69216238161254 19.813937769115118 0
3790 0 0.0023131745771251384 -28.019511461432785 19.334434912076496 0
3791 0 0.0023059329975707332 -27.351884333266693 17.197917552069782 0
3792 0 0.0023139540580710298 -42.413632416757167 23.323342757230858 0
3793 0 0.0023136588545035939 -46.943850491719076 21.65825260815356 0
3794 0 0.0023196166567022065 -44.276335056761752 21.44938634087822 0
3795 0 0.0023124536728356742 -43.462310645460171 19.333244341705278 0
3796 0 0.0023124686005952175 -51.374314009526529 19.863005593647415 0
3797 0 0.0023119757086378324 -55.689587481925926 17.958727689735323 0
3798 0 0.0023180283341848193 -53.093963047222324 17.88214822983101 0
3799 0 0.0023108702719995206 -52.20929915941268 15.798100207654363 0
3800 0 0.0023361434168684999 -45.271091312585327 17.43537440690724 0
3801 0 0.0023349266282193014 -48.737231423343097 19.726009750516493 0
3802 0 0.0023422595744532586 -47.881467058160119 17.620197311379982 0
3803 0 0.002336541455886995 -49.630823781212186 15.672437465406158 0
3804 0 0.0023076265367503656 -44.468195032470383 15.327422679031695 0
3805 0 0.0023072333895373083 -48.790635363672926 13.580568218518627 0
3806 0 0.0023131745771251418 -46.235557544928973 13.419465748110806 0
3807 0 0.0023059329975707336 -45.441479346274811 11.330193475611789 0
3808 0 0.0024077644412134813 -29.320299715311521 15.499075324053988 0
3809 0 0.0024062147544892704 -32.657555696927737 18.08216635387469 0
3810 0 0.0024140775661515529 -31.955100393037029 15.904956028517379 0
3811 0 0.0024078760790546246 -33.883953828283197 14.108008136731321 0
3812 0 0.0024011984790263735 -36.106944008905899 20.609888046726436 0
3813 0 0.0023994306655560631 -39.665493028329351 23.0529322207802 0
3814 0 0.002407382690676019 -38.85448371151535 20.925798740304831 0
3815 0 0.0024011984790263774 -40.785354246286218 19.079753634179166 0
3816 0 0.0024312766549424332 -36.524665114204339 14.462467168562634 0
3817 0 0.0024329551256433036 -35.350163440933251 18.451763122639051 0
3818 0 0.0024393345965926872 -37.285838323622052 16.627623658941562 0
3819 0 0.0024329551256433053 -39.976419001639591 16.940969320010527 0
3820 0 0.0024078760790546272 -38.403693286193509 12.635525432716809 0
3821 0 0.0024062147544892708 -41.847399561365002 15.086115215682621 0
3822 0 0.0024140775661515555 -41.038669284511386 12.946985152134349 0
3823 0 0.0024077644412134813 -42.862461520399606 11.098537009818411 0
3824 0 0.0022877643327326048 -28.655386750866281 13.370978836788092 0
3825 0 0.0022878600464056064 -33.181422878396482 11.992473651545055 0
3826 0 0.0022933603555979828 -30.585216284499932 11.660109566124257 0
3827 0 0.0022858920170396304 -29.914340999410953 9.5980014635153488 0
3828 0 0.0022878600464056017 -37.667485958144916 10.532259430179529 0
3829 0 0.0022877643327325991 -42.098569873313849 9.0062439386820365 0
3830 0 0.0022933603555979768 -39.535924037777384 8.7504775849108309 0
3831 0 0.0022858920170396296 -38.837597142068894 6.6990869606071195 0
3832 0 0.0023100905228909253 -31.819671182460752 7.8664395220647423 0
3833 0 0.002308103538637678 -35.083325741069757 10.242546904076269 0
3834 0 0.0023157413939484716 -34.39439475497354 8.179689424649716 0
3835 0 0.0023100905228909288 -36.278196526414639 6.4170197192325737 0
3836 0 0.0022799530862492815 -31.152724598549003 5.8107984071004157 0
3837 0 0.0022799530862492859 -35.595873407311039 4.3669663120794153 0
3838 0 0.0022854343035543403 -33.04319599990626 4.0729131671831116 0
3839 0 0.002277896723335292 -32.378793878777508 2.0344314280704574 0
3840 0 0.0022778967233352937 -3.7950614988062106 -57.564295936423228 0
3841 0 0.0022799530862492859 -7.4744193537221477 -54.172403898373709 0
3842 0 0.0022854343035543408 -7.4400244736222474 -56.735009079695438 0
3843 0 0.0022799530862492815 -11.129043630391108 -58.363618030992662 0
3844 0 0.0022858920170396296 -10.608425376881218 -50.679044958375975 0
3845 0 0.0022877643327326009 -13.301488840234354 -47.125413615072532 0
3846 0 0.0022933603555979781 -13.593428866856424 -49.662844566240643 0
3847 0 0.0022878600464056017 -16.92247027225919 -51.099180880603271 0
3848 0 0.0023100905228909262 -14.684106424236903 -57.321746417410225 0
3849 0 0.0023100905228909262 -10.762130088522664 -53.235538309097485 0
3850 0 0.0023157413939484729 -14.276441146222652 -54.763160392720266 0
3851 0 0.0023081035386376776 -17.452089945797287 -53.636936664396821 0
3852 0 0.00228589201703963 -18.730838924600317 -58.719848412008055 0
3853 0 0.002287860046405603 -21.212623902636246 -54.952422303041075 0
3854 0 0.002293360355597982 -22.076213688777621 -57.469803080829635 0
3855 0.0024524336984535311 0.0022877643327326052 -26.366679547817441 -58.620044174623054 0
3856 0 0.0023059329975707336 -15.706219939980762 -43.469107446983571 0
3857 0 0.0023072333895373062 -17.801868403374993 -39.821092699231549 0
3858 0 0.0023131745771251418 -18.282210555648653 -42.284300835966995 0
3859 0 0.0023076265367503656 -21.368471171864911 -43.492213007514422 0
3860 0 0.0023108702719995206 -19.698945884790518 -36.130920990511179 0
3861 0 0.002311975708637832 -21.425205744786652 -32.426226919639063 0
3862 0 0.0023180283341848193 -21.974071228084533 -34.854485467085176 0
3863 0 0.0023124686005952175 -24.816977117302478 -35.950990650083789 0
3864 0 0.0023361434168685026 -23.848309889749601 -42.176730436118767 0
3865 0 0.0023365414558869941 -20.216460619850444 -38.581661619079725 0
3866 0 0.0023422595744532577 -23.179664569458939 -39.732310865448419 0
3867 0 0.0023349266282193014 -25.501550872592166 -38.375411813813074 0
3868 0 0.0023124536728356742 -27.023506580492246 -43.227501004756782 0
3869 0 0.0023136588545035926 -28.522703849126472 -39.384116802885046 0
3870 0 0.0023196166567022065 -29.370102524272653 -41.78927962172483 0
3871 0 0.0023139540580710276 -32.58820423302754 -42.684842984960909 0
3872 0.00060223479005046862 0.0024077644412134813 -29.522428373040601 -57.160097207861106 0
3873 0 0.0024078760790546233 -24.266238982739818 -53.622703463361148 0
3874 0 0.0024140775661515516 -28.298053661640331 -54.684566762494079 0
3875 0 0.0024062147544892717 -31.176872563390518 -53.161702398070133 0
3876 0 0.0024078760790546259 -19.843462426022391 -49.878030638447981 0
3877 0 0.0024077644412134822 -16.08633584989871 -45.99507330451025 0
3878 0 0.0024140775661515563 -19.297424732526988 -47.314948825018483 0
3879 0 0.0024062147544892686 -22.001112689932942 -45.9926815230492 0
3880 0 0.0024329551256433036 -29.97182566721154 -50.687328862096045 0
3881 0 0.0024312766549424332 -23.429693415357352 -51.090204684768267 0
3882 0 0.0024393345965926876 -26.241977383296728 -49.672166104939727 0
3883 0 0.0024329551256433027 -25.366237879152969 -47.143147130891627 0
3884 0 0.0024011984790263743 -32.544958775180561 -49.131272494400939 0
3885 0 0.0024011984790263795 -27.901330471991862 -45.689683316841219 0
3886 0 0.0024073826906760203 -31.363129563496628 -46.667103719840618 0
3887 0 0.0023994306655560618 -33.691889976645129 -45.097727820860676 0
3888 0 0.0023059329975707319 -33.966234863546468 -58.047730692133882 0
3889 0.038540523520665088 0.002307626536750363 -35.217350328289527 -53.999638493710407 0
3890 0 0.0023131745771251379 -36.755818903942973 -56.408189845145642 0
3891 0 0.0023072333895373066 -41.136981477399388 -57.060762777684424 0
3892 0 0.0023124536728356677 -36.261042417196904 -49.930775044954551 0
3893 0 0.0023139540580710246 -37.146097336665257 -45.865906287348551 0
3894 0 0.0023196166567022013 -38.51603567549666 -48.233810248051526 0
3895 0 0.0023136588545035934 -42.17108929296797 -48.817207793367707 0
3896 0 0.0023365414558869993 -43.556519478837565 -55.265514374314023 0
3897 7.8032279140397823e-05 0.0023361434168684991 -37.707106230556697 -52.323439897874913 0
3898 0 0.0023422595744532625 -41.692901336241135 -52.9396394367242 0
3899 0 0.0023349266282193066 -43.880363164340395 -51.128097153535137 0
3900 0 0.0023108702719995241 -47.881020818627256 -55.676462707466008 0
3901 0 0.0023124686005952183 -47.804450476699451 -51.534859187293335 0
3902 0 0.0023180283341848232 -49.912033742241029 -53.756877803119352 0
3903 0 0.0023119757086378315 -54.088702980853611 -53.950987910005736 0
3904 0 0.0023119757086378337 -23.11800153416684 -28.465069571336862 0
3905 0 0.0023108702719995241 -24.603303924788325 -24.724103525060332 0
3906 0 0.0023180283341848228 -25.269856062360745 -26.892073096697086 0
3907 0 0.0023124686005952183 -28.084293101535291 -27.441411147492165 0
3908 0 0.0023072333895373057 -26.010495732725058 -20.959732114428451 0
3909 0 0.0023059329975707332 -27.351884333266693 -17.197917552069782 0
3910 2.5106227311365177e-06 0.0023131745771251384 -28.019511461432788 -19.334434912076496 0
3911 6.7925143414581559e-05 0.0023076265367503604 -30.69216238161254 -19.813937769115118 0
3912 0 0.0023349266282193066 -30.157436098000499 -25.785996432848819 0
3913 0 0.0023365414558869989 -26.677158029684698 -23.117262347616546 0
3914 0 0.0023422595744532625 -29.419897747779132 -23.631285706132438 0
3915 0 0.0023361434168684991 -31.422909917803466 -21.951852554108466 0
3916 0 0.0023136588545035934 -32.960543521351205 -26.235216919259514 0
3917 0 0.0023124536728356669 -34.147222310340254 -22.379128329075204 0
3918 0 0.0023196166567022013 -34.943781295160591 -24.506607465979034 0
3919 0 0.0023139540580710246 -37.717015346039794 -24.865182845661039 0
3920 0 0.0022877643327326048 -28.655386750866281 -13.370978836788092 0
3921 0 0.0022858920170396304 -29.914340999410953 -9.5980014635153488 0
3922 0 0.0022933603555979828 -30.585216284499932 -11.660109566124255 0
3923 0 0.0022878600464056064 -33.181422878396482 -11.992473651545055 0
3924 0 0.0022799530862492815 -31.152724598549003 -5.8107984071004157 0
3925 0 0.0022778967233352933 -32.378793878777508 -2.0344314280704574 0
3926 0.00021315818253269663 0.0022854343035543403 -33.043195999906267 -4.0729131671831142 0
3927 0.080288715251882317 0.0022799530862492859 -35.595873407311039 -4.3669663120794153 0
3928 0.19998236709489256 0.002308103538637678 -35.083325741069757 -10.242546904076269 0
3929 0 0.0023100905228909253 -31.819671182460752 -7.8664395220647396 0
3930 0.2852575414363408 0.0023157413939484716 -34.394394754973533 -8.1796894246497178 0
3931 0.87931982651338148 0.0023100905228909288 -36.278196526414632 -6.4170197192325711 0
3932 0.78695679744098634 0.0022878600464056017 -37.667485958144916 -10.532259430179529 0
3933 0.99995625531530463 0.0022858920170396313 -38.837597142068894 -6.6990869606071195 0
3934 0.99995639776386169 0.0022933603555979768 -39.535924037777384 -8.7504775849108327 0
3935 0.99995629111456896 0.0022877643327326017 -42.098569873313849 -9.0062439386820365 0
3936 0.043912592111140701 0.0023994306655560627 -39.665493028329351 -23.052932220780203 0
3937 0 0.0024011984790263735 -36.106944008905892 -20.609888046726443 0
3938 0.046160518130755834 0.002407382690676019 -38.85448371151535 -20.925798740304828 0
3939 0.812391180610468 0.0024011984790263774 -40.785354246286218 -19.07975363417917 0
3940 0 0.0024062147544892704 -32.657555696927744 -18.08216635387469 0
3941 0 0.0024077644412134813 -29.320299715311521 -15.499075324053985 0
3942 0 0.0024140775661515529 -31.955100393037025 -15.904956028517375 0
3943 0 0.0024078760790546246 -33.88395382828319 -14.108008136731316 0
3944 0.77721665156956765 0.0024329551256433053 -39.976419001639584 -16.940969320010531 0
3945 0 0.0024329551256433036 -35.350163440933244 -18.451763122639051 0
3946 0.0080949210417556403 0.0024393345965926889 -37.285838323622052 -16.627623658941562 0
3947 0.001203002982001372 0.0024312766549424332 -36.524665114204332 -14.462467168562631 0
3948 0.99995844267678879 0.0024062147544892712 -41.847399561365002 -15.086115215682618 0
3949 0.53636996184043895 0.0024078760790546272 -38.403693286193516 -12.635525432716809 0
3950 0.99995857802615606 0.0024140775661515555 -41.038669284511386 -12.946985152134346 0
3951 0.99995846942282696 0.0024077644412134813 -42.862461520399599 -11.098537009818415 0
3952 0.27026030023151387 0.0023139540580710285 -42.413632416757167 -23.323342757230858 0
3953 0.99995675776040382 0.0023124536728356742 -43.462310645460171 -19.333244341705278 0
3954 0.99088624264513681 0.0023196166567022065 -44.276335056761759 -21.449386340878227 0
3955 0.99967406708188833 0.0023136588545035926 -46.943850491719076 -21.65825260815356 0
3956 0.9999566673094028 0.0023076265367503656 -44.468195032470383 -15.327422679031695 0
3957 0.99995663548609015 0.0023059329975707336 -45.441479346274811 -11.330193475611789 0
3958 0.99995677123632953 0.0023131745771251414 -46.235557544928966 -13.419465748110811 0
3959 0.99995665992593274 0.0023072333895373083 -48.790635363672926 -13.580568218518627 0
3960 0.99995717393592376 0.0023349266282193014 -48.737231423343097 -19.726009750516482 0
3961 0.99995719624107748 0.0023361434168684999 -45.271091312585327 -17.435374406907236 0
3962 0.99995730800638361 0.0023422595744532586 -47.881467058160119 -17.620197311379986 0
3963 0.99995720353255402 0.002336541455886995 -49.630823781212193 -15.672437465406155 0
3964 0.9999567580395351 0.002312468600595217 -51.374314009526529 -19.863005593647415 0
3965 0.99995672813224323 0.0023108702719995206 -52.20929915941268 -15.798100207654363 0
3966 0.99995686174983278 0.0023180283341848193 -53.093963047222331 -17.882148229831014 0
3967 0.99995674882114538 0.0023119757086378328 -55.689587481925926 -17.958727689735323 0
3968 0.010098199269297047 0.0027595700111867267 -56.111992940364004 -51.807957500391808 0
3969 0 0.0027604144970993644 -50.00197181667199 -49.501542201596877 0
3970 0 0.0027689713465290193 -54.140214375430673 -49.574649221945336 0
3971 0 0.0027604144970993596 -56.302926994812559 -47.303487171928566 0
3972 0 0.0027624606834387075 -44.465147394877036 -46.887337768882503 0
3973 0 0.0027629682586482328 -39.487698752781576 -44.035684862020254 0
3974 0 0.0027717025240805511 -43.15345065013836 -44.470513025970284 0
3975 0 0.0027631371930384851 -45.506432130087113 -42.397520451491729 0
3976 0 0.0027978366730793823 -54.478568571687909 -45.055751186643548 0
3977 0 0.0027978366730793823 -48.376364179713129 -47.160639470891567 0
3978 0 0.0028066817064582934 -50.667597295298258 -44.984587612433295 0
3979 0 0.0027971517526496712 -49.12768328961014 -42.641233289959885 0
3980 0 0.0027624606834387071 -56.452154270303311 -42.783708468356714 0
3981 0 0.0027631371930384829 -51.214113412764213 -40.462881088871463 0
3982 0 0.0027717025240805476 -54.745547803466884 -40.535269765375638 0
3983 0.20611988125698186 0.0027629682586482319 -56.570992717331315 -38.278431725821058 16
3984 0 0.0027629682586482319 -34.919075812107558 -40.930626231065595 0
3985 0 0.002762460683438708 -30.84269236106832 -37.710318727101203 0
3986 0 0.0027717025240805511 -34.01866856854091 -38.361309373676576 0
3987 0 0.0027631371930384859 -36.293444579852789 -36.37434531425442 0
3988 0 0.0027604144970993583 -27.107632755635112 -34.345350334109519 0
3989 0 0.0027595700111867241 -23.684179270723785 -30.881765306013889 0
3990 0 0.0027689713465290193 -26.519429895942512 -31.704855161933953 0
3991 0 0.0027604144970993639 -28.764146440026597 -29.835052789941773 0
3992 0 0.0027971517526496734 -35.397638977724526 -33.796568516934514 0
3993 0 0.0027978366730793815 -30.108495649120233 -35.096319905197532 0
3994 0 0.0028066817064582913 -32.381214842192279 -33.167013735730485 0
3995 0 0.0027978366730793854 -31.630417361790506 -30.549026361015692 0
3996 0 0.0027631371930384864 -37.50885642077273 -31.788319389173964 0
3997 0 0.0027624606834387062 -33.748577130555503 -28.602450011111561 0
3998 0 0.0027717025240805528 -36.617302581308714 -29.214306142548722 0
3999 0 0.0027629682586482341 -38.596398064569058 -27.204126710403472 0
4000 0.15669795410276452 0.0029090959569396096 -54.961467651213098 -35.954216711736436 16
4001 0 0.0029092932877926494 -49.729747671223954 -38.069266699143448 0
4002 0.0024653165446239978 0.0029190287816746557 -51.640581322551434 -35.816711807016823 0
4003 0.010007237254446228 0.002909293287792652 -50.224504004566832 -33.357668691754235 0
4004 0 0.0029092932877926481 -44.181825664790395 -39.936688950728723 0
4005 0 0.0029090959569396104 -38.363292468529558 -41.512241630393838 0
4006 0 0.0029190287816746562 -40.693686722234943 -39.482926614977032 0
4007 0 0.0029092932877926494 -39.532440367846171 -36.919119723199323 0
4008 0 0.0029487633704342437 -46.995370106852675 -33.089261532381023 0
4009 0 0.0029487633704342437 -46.307179736173445 -37.784795815915679 0
4010 0 0.0029588323208774685 -45 -35.264389682754654 0
4011 0 0.0029487633704342437 -41.702685421930894 -34.850848859243662 0
4012 0 0.0029092932877926502 -45.749590053580192 -30.589503678146265 0
4013 0 0.0029092932877926511 -40.582193150473657 -32.30186836316895 0
4014 0 0.0029190287816746544 -42.624489228801266 -30.214208566475627 0
4015 0 0.0029090959569396104 -41.536849365253047 -27.693925255345977 0
4016 0.89147332162416781 0.0027629682586482302 -56.667621184823695 -33.698626945073237 16
4017 0.65757761847734286 0.0027631371930384838 -52.000805941254356 -31.168154351542135 0
4018 0.99996392239369725 0.0027717025240805537 -55.134527032761518 -31.37229153268542 16
4019 0.99996380170019439 0.0027624606834387075 -56.743795090878571 -29.192914480324511 16
4020 0.11536439519920091 0.0027631371930384872 -47.576859069236633 -28.462973866244532 0
4021 0 0.0027629682586482319 -43.397413559136595 -25.624060103184732 0
4022 0.025435550419375345 0.002771702524080552 -46.320964177423704 -26.019821345232977 0
4023 0.87399681258643225 0.0027624606834387023 -47.996007706791424 -23.928116698977018 0
4024 0.9999642593765804 0.0027978366730793836 -55.271483265995634 -26.849155827974425 16
4025 0.84089548451327767 0.0027971517526496751 -50.609159278365247 -28.774593111954708 0
4026 0.99996437200673782 0.0028066817064582943 -52.263779215575404 -26.634527069450122 16
4027 0.9999642593769329 0.0027978366730793784 -50.912496250284811 -24.232122484624085 0
4028 0.99996377486873989 0.0027604144970993644 -56.805402804953751 -24.672241987443304 16
4029 0.99996377486874055 0.0027604144970993596 -52.488801178477253 -22.099703873476663 0
4030 0.99996388681181958 0.0027689713465290193 -55.380038094765972 -22.325528874874266 0
4031 0.99996376378353036 0.0027595700111867258 -56.8530352131081 -20.16628853910084 0
4032 0.11105588145757558 0.0023119757086378324 -60.100357209171136 -51.790321037609871 0
4033 0 0.0023124686005952157 -59.940452461448629 -47.287185531315131 0
4034 0 0.0023180283341848189 -61.751150470376217 -49.551709084700732 0
4035 0.037341777262873632 0.0023108702719995206 -65.216020394918317 -49.499845268966297 16
4036 0 0.0023136588545035934 -59.815355795490781 -42.773346195808188 0
4037 0.70922576586047092 0.0023139540580710298 -59.715830611838825 -38.269646851300664 16
4038 0.13531214891920057 0.0023196166567022104 -61.244483916084334 -40.524152274237821 16
4039 0.74337363098084885 0.0023124536728356773 -64.202044832967232 -40.472815968318343 16
4040 0.51117578092195903 0.002336541455886995 -66.57920614403055 -47.185786826252546 16
4041 0 0.0023349266282193019 -61.467968595039174 -45.038484855459458 0
4042 0.16318139089344702 0.0023422595744532577 -64.65922912435208 -44.987994181901094 16
4043 0.84679327516940162 0.0023361434168685026 -65.950552104200227 -42.672236845795602 16
4044 0.99995665992599858 0.0023072333895373075 -69.863548236653429 -46.993241635941622 48
4045 0.9999566673094028 0.0023076265367503656 -68.989991292332377 -42.500503362376875 16
4046 0.99995677123638038 0.0023131745771251418 -70.968686472518769 -44.625650814467996 48
4047 0.38464917650970148 0.0023059329975707336 -74.062156781415396 -44.318616666613707 48
4048 0.98042307665888173 0.0023139540580710246 -59.635326612402089 -33.714259693720194 16
4049 0.99995678028425294 0.0023136588545035947 -59.571576422239126 -29.210253879369368 16
4050 0.9999568912868253 0.0023196166567022018 -60.920371894885974 -31.410987915740435 16
4051 0.99995675776040382 0.0023124536728356677 -63.54886914086245 -31.268230380081704 16
4052 0.99995675803949979 0.0023124686005952188 -59.520273475396515 -24.695782003166652 16
4053 0.9999567488211335 0.0023119757086378337 -59.480442138138201 -20.191604560072143 0
4054 0.99995686174980436 0.0023180283341848228 -60.715351987912982 -22.378236782956019 16
4055 0.99995672813215708 0.0023108702719995241 -63.140671728554416 -22.220307123304885 16
4056 0.99995719624107748 0.0023361434168684991 -64.717786676370423 -28.917651514327702 16
4057 0.99995717393591876 0.0023349266282193066 -60.805967302197224 -26.894785825704183 16
4058 0.99995730800638361 0.0023422595744532625 -63.328852796499575 -26.744689964099937 16
4059 0.99995720353255679 0.0023365414558869989 -64.463936317942483 -24.387928481810071 16
4060 0.99995666730940491 0.0023076265367503626 -67.2669050596852 -28.698939840633489 48
4061 0.99995665992593541 0.0023072333895373053 -66.914889252483704 -24.174608608205073 48
4062 0.99995677123619264 0.0023131745771251392 -68.32432181155076 -26.313222508190414 48
4063 0.51523017186332432 0.0023059329975707319 -70.788070015576054 -26.034448338686694 32
4064 0.1207648535074648 0.0024077644412134822 -75.017363019470849 -41.875839420433032 48
4065 0.99995844267709411 0.0024062147544892695 -70.106671344817826 -40.10243652549385 48
4066 0.68210598363828034 0.0024140775661515555 -73.049242273284179 -39.782635111928087 48
4067 0.25949692003965136 0.0024078760790546285 -74.035908047570032 -37.311906434291174 32
4068 0.99995835586418158 0.0024011984790263795 -65.448219792601989 -38.122271089488429 16
4069 0.99995832518357164 0.0023994306655560596 -61.064536006701672 -35.967875770457702 16
4070 0.9999584628373922 0.0024073826906760181 -63.847972740034436 -35.871356016590823 16
4071 0.99995835586418158 0.0024011984790263748 -65.03882556853516 -33.475388536784514 16
4072 0.59606207315821402 0.0024312766549424332 -72.205762349339295 -35.19133607949837 48
4073 0.99995889941047966 0.0024329551256433053 -68.3223950746562 -37.922316345117743 48
4074 0.99995900689438688 0.0024393345965926876 -69.426324398017698 -35.482932473409726 48
4075 0.99995889941049076 0.0024329551256433023 -67.751453804972314 -33.28663398626103 48
4076 0.074821647086678628 0.0024078760790546216 -73.156455276972537 -32.731093448282088 32
4077 0.99995844267681111 0.0024062147544892717 -68.802943156957824 -30.861623034126215 48
4078 0.58122486335517753 0.0024140775661515516 -71.435697217188135 -30.596804059692786 48
4079 0.13826190253614903 0.0024077644412134796 -72.356692845669343 -28.156637981285201 32
4080 0 0.0022877643327325996 -77.942328944008565 -41.463502635237631 0
4081 0 0.002287860046405603 -76.782141890086464 -36.925967056659381 0
4082 0 0.0022933603555979768 -78.713061919865638 -38.987621104672662 0
4083 0 0.0022858920170396296 -81.424792050548447 -38.523344568699834 0
4084 0 0.0022878600464056043 -75.758802513150414 -32.367460093996755 0
4085 0 0.0022877643327326048 -74.843694141671378 -27.810032851995924 0
4086 0 0.0022933603555979824 -76.519719142814864 -29.888860523272847 0
4087 0 0.0022858920170396291 -78.960637349064285 -29.453942734004137 0
4088 0 0.0023100905228909288 -82.057766807314735 -36.015158167940676 0
4089 0 0.0023081035386376776 -77.548152071113449 -34.444491042061941 0
4090 0.0015202047516386186 0.0023157413939484729 -80.118506465994088 -33.996311964819917 32
4091 0 0.0023100905228909258 -80.764441690851584 -31.485720551497181 0
4092 0 0.0022799530862492863 -84.634833226849878 -35.476892100753112 0
4093 0 0.0022799530862492819 -83.218499545053689 -30.974924292679948 0
4094 0 0.0022854343035543408 -85.144682589244781 -32.949120387496151 0
4095 0 0.002277896723335292 -87.591444913821348 -32.355896236796781 0
4096 0 0.0022778967233352937 176.20493850119379 57.564295936423214 0
4097 0.00035285161889626854 0.0022799530862492815 168.8709563696089 58.363618030992662 0
4098 0 0.0022854343035543403 172.55997552637777 56.735009079695431 0
4099 0.0096554627429900636 0.0022799530862492859 172.52558064627786 54.172403898373709 0
4100 0.60450682794387223 0.00228589201703963 161.26916107539969 58.719848412008055 0
4101 0.18541432771016253 0.0022877643327326039 153.63332045218257 58.620044174623054 0
4102 0.58307745461218885 0.002293360355597982 157.92378631122239 57.469803080829621 0
4103 0.90494220643502665 0.002287860046405603 158.78737609736376 54.952422303041075 0
4104 0.0003155982259472847 0.0023100905228909262 169.23786991147733 53.235538309097485 0
4105 0.07193301923403754 0.0023100905228909266 165.31589357576311 57.321746417410225 0
4106 0.019016849659515153 0.0023157413939484729 165.72355885377735 54.763160392720266 0
4107 0.066914084891134859 0.002308103538637678 162.54791005420273 53.636936664396821 0
4108 0 0.0022858920170396313 169.3915746231188 50.679044958375968 0
4109 0 0.0022878600464056017 163.07752972774082 51.099180880603271 0
4110 0 0.0022933603555979781 166.40657113314359 49.662844566240643 0
4111 0 0.0022877643327325996 166.69851115976564 47.125413615072532 0
4112 0.034796411354902475 0.0023059329975707319 146.03376513645352 58.047730692133882 0
4113 0.52539971325213208 0.0023072333895373053 138.86301852260061 57.060762777684424 0
4114 0.0019594774146237609 0.0023131745771251379 143.24418109605702 56.408189845145642 0
4115 0.020455083441460721 0.002307626536750363 144.78264967171046 53.999638493710407 0
4116 0.99995672813224323 0.0023108702719995241 132.11897918137274 55.676462707466008 0
4117 0.99995674882115682 0.0023119757086378333 125.9112970191464 53.950987910005736 0
4118 0.99995686174983278 0.0023180283341848228 130.08796625775898 53.756877803119345 0
4119 0.99995675803953488 0.0023124686005952188 132.19554952330057 51.534859187293335 0
4120 0.46456094343621024 0.0023361434168684991 142.29289376944328 52.323439897874913 0
4121 0.60540713144843528 0.0023365414558869989 136.44348052116243 55.265514374314023 0
4122 0.87922716730348616 0.0023422595744532625 138.30709866375889 52.9396394367242 0
4123 0.99995717393592376 0.0023349266282193066 136.11963683565958 51.128097153535137 0
4124 0.29664800966713251 0.0023124536728356677 143.7389575828031 49.930775044954551 0
4125 0.93688808144303526 0.0023136588545035934 137.82891070703204 48.817207793367707 0
4126 0.24181949251637097 0.0023196166567022013 141.48396432450335 48.233810248051519 0
4127 0.19370759562032117 0.0023139540580710246 142.85390266333476 45.865906287348551 0
4128 0 0.0024077644412134822 163.91366415010128 45.995073304510242 0
4129 0 0.0024078760790546263 160.1565375739776 49.878030638447981 0
4130 0 0.0024140775661515546 160.70257526747304 47.314948825018483 0
4131 0 0.0024062147544892691 157.99888731006706 45.9926815230492 0
4132 0.39159557770730458 0.0024078760790546233 155.73376101726021 53.622703463361148 0
4133 0.0012197850800970478 0.0024077644412134813 150.47757162695942 57.160097207861128 0
4134 0 0.0024140775661515516 151.70194633835968 54.684566762494072 0
4135 0 0.0024062147544892712 148.82312743660947 53.161702398070133 0
4136 0.0021477606661390648 0.0024329551256433045 154.63376212084702 47.14314713089162 0
4137 0.16816184304230497 0.0024312766549424336 156.57030658464265 51.09020468476826 0
4138 0.010909515606475137 0.0024393345965926876 153.7580226167033 49.672166104939727 0
4139 0 0.0024329551256433023 150.02817433278847 50.687328862096045 0
4140 0.0050409629211857765 0.0024011984790263791 152.09866952800814 45.689683316841212 0
4141 0 0.0024011984790263748 147.45504122481944 49.131272494400939 0
4142 0.020719740878254754 0.0024073826906760203 148.63687043650339 46.667103719840618 0
4143 0.080733076428713912 0.0023994306655560618 146.30811002335489 45.097727820860676 0
4144 0 0.0023059329975707336 164.29378006001926 43.469107446983571 0
4145 0 0.0023076265367503656 158.63152882813509 43.492213007514422 0
4146 0 0.0023131745771251418 161.71778944435135 42.284300835966995 0
4147 0 0.0023072333895373062 162.19813159662502 39.821092699231549 0
4148 0 0.0023124536728356742 152.97649341950776 43.227501004756782 0
4149 0.052524320591433166 0.0023139540580710276 147.41179576697249 42.684842984960909 0
4150 0 0.002319616656702207 150.62989747572735 41.789279621724823 0
4151 0 0.0023136588545035939 151.47729615087354 39.384116802885046 0
4152 0 0.0023365414558869941 159.78353938014953 38.581661619079725 0
4153 0 0.0023361434168685026 156.1516901102504 42.17673043611876 0
4154 0 0.0023422595744532577 156.82033543054106 39.732310865448419 0
4155 0 0.0023349266282193014 154.49844912740784 38.375411813813066 0
4156 0 0.0023108702719995206 160.3010541152095 36.130920990511179 0
4157 0 0.0023124686005952175 155.18302288269754 35.950990650083789 0
4158 0 0.0023180283341848189 158.02592877191549 34.854485467085176 0
4159 0 0.0023119757086378324 158.57479425521336 32.426226919639063 0
4160 0.99995674882111818 0.0023119757086378328 119.89964279082888 51.790321037609871 0
4161 0.99995672813225489 0.0023108702719995206 114.7839796050817 49.499845268966297 0
4162 0.99995686174942133 0.0023180283341848193 118.24884952962378 49.551709084700725 0
4163 0.99995675803951123 0.0023124686005952175 120.05954753855137 47.287185531315131 0
4164 0.99995665992593241 0.0023072333895373062 110.13645176334657 46.993241635941622 0
4165 0.99995663548609159 0.0023059329975707336 105.93784321858462 44.318616666613707 0
4166 0.99995677123631921 0.0023131745771251418 109.03131352748125 44.625650814467988 0
4167 0.99995666730991928 0.0023076265367503656 111.01000870766764 42.500503362376875 0
4168 0.99995717393592021 0.0023349266282193019 118.53203140496082 45.038484855459458 0
4169 0.99995720353255246 0.0023365414558869954 113.42079385596945 47.185786826252553 0
4170 0.99995730800634841 0.0023422595744532577 115.34077087564795 44.987994181901101 0
4171 0.99995719624107748 0.0023361434168685026 114.04944789579977 42.672236845795602 0
4172 0.98587420536503612 0.002313658854503593 120.18464420450923 42.773346195808188 0
4173 0.99995675776040438 0.002312453672835676 115.79795516703275 40.472815968318343 0
4174 0.83974389919974746 0.0023196166567022104 118.75551608391568 40.524152274237821 0
4175 0.26228237940936983 0.0023139540580710298 120.2841693881612 38.269646851300664 0
4176 0.99995629111456952 0.0022877643327326009 102.05767105599145 41.463502635237631 0
4177 0.99995625531530596 0.00228589201703963 98.575207949451567 38.523344568699834 0
4178 0.99995639776386169 0.0022933603555979768 101.28693808013436 38.98762110467267 0
4179 0.99995629294307087 0.0022878600464056012 103.21785810991354 36.925967056659381 0
4180 0.99995614137205791 0.0022799530862492846 95.365166773150122 35.476892100753112 0
4181 0.99995610178057981 0.0022778967233352933 92.408555086178652 32.355896236796781 0
4182 0.99995624655475757 0.0022854343035543408 94.855317410755219 32.949120387496151 0
4183 0.99995614137205713 0.0022799530862492819 96.781500454946325 30.974924292679948 0
4184 0.99995667626432161 0.0023081035386376776 102.45184792888655 34.444491042061941 0
4185 0.99995671352686755 0.0023100905228909288 97.942233192685265 36.015158167940669 0
4186 0.99995681914993784 0.0023157413939484729 99.881493534005926 33.996311964819917 0
4187 0.99995671352686755 0.0023100905228909258 99.235558309148431 31.485720551497181 0
4188 0.99995629294307087 0.002287860046405603 104.2411974868496 32.367460093996755 0
4189 0.99995625531530596 0.0022858920170396291 101.03936265093571 29.453942734004137 0
4190 0.99995639776386036 0.0022933603555979824 103.48028085718514 29.888860523272832 0
4191 0.99995629111456952 0.0022877643327326048 105.15630585832862 27.810032851995924 0
4192 0.82014284440558483 0.0023994306655560596 118.93546399329833 35.967875770457702 0
4193 0.99995835586418136 0.00240119847902638 114.55178020739802 38.122271089488422 0
4194 0.99995846283739087 0.0024073826906760199 116.15202725996556 35.871356016590823 0
4195 0.99995835586418214 0.0024011984790263748 114.96117443146484 33.475388536784507 0
4196 0.99995844267678968 0.0024062147544892695 109.89332865518217 40.102436525493843 0
4197 0.99995846942281574 0.0024077644412134822 104.98263698052916 41.875839420433024 0
4198 0.99995857802615606 0.0024140775661515555 106.95075772671582 39.78263511192808 0
4199 0.99995847134825344 0.0024078760790546285 105.96409195242998 37.311906434291181 0
4200 0.999958899410479 0.0024329551256433036 112.2485461950277 33.286633986261023 0
4201 0.99995889941047966 0.0024329551256433053 111.6776049253438 37.922316345117729 0
4202 0.99995900689440931 0.0024393345965926876 110.57367560198232 35.482932473409726 0
4203 0.99995887103719827 0.0024312766549424319 107.7942376506607 35.19133607949837 0
4204 0.99995844267678879 0.0024062147544892717 111.19705684304218 30.861623034126222 0
4205 0.99995847134825466 0.0024078760790546216 106.84354472302746 32.731093448282081 0
4206 0.99995857802615606 0.0024140775661515516 108.56430278281186 30.596804059692779 0
4207 0.99995846942282696 0.0024077644412134796 107.64330715433067 28.156637981285211 0
4208 0.52654163564390799 0.0023139540580710246 120.36467338759792 33.714259693720194 0
4209 0.99995675776040382 0.0023124536728356677 116.45113085913756 31.268230380081704 0
4210 0.97886613895583108 0.0023196166567022018 119.07962810511403 31.410987915740446 0
4211 0.82973990308658152 0.0023136588545035934 120.42842357776088 29.210253879369368 0
4212 0.99995666730940302 0.0023076265367503626 112.73309494031481 28.698939840633489 0
4213 0.99995663548609015 0.0023059329975707319 109.21192998442396 26.034448338686694 0
4214 0.99995677123632876 0.0023131745771251392 111.67567818844925 26.313222508190417 0
4215 0.96878656348020475 0.0023072333895373066 113.0851107475163 24.174608608205073 0
4216 0.80024572228174817 0.0023349266282193066 119.19403269780275 26.894785825704176 0
4217 0.99995719624107748 0.0023361434168684991 115.28221332362961 28.917651514327702 0
4218 0.99993488909953432 0.0023422595744532625 116.67114720350044 26.74468996409993 0
4219 0.95888727568943188 0.0023365414558869989 115.53606368205753 24.387928481810068 0
4220 0.31941259186333437 0.0023124686005952188 120.47972652460348 24.695782003166652 0
4221 0.10090507652377363 0.0023108702719995241 116.85932827144558 22.220307123304885 0
4222 0.08851376460007318 0.0023180283341848232 119.28464801208702 22.378236782956019 0
4223 0.034032034239622776 0.002311975708637832 120.51955786186181 20.191604560072143 0
4224 0 0.0027595700111867241 156.31582072927623 30.881765306013882 0
4225 0 0.0027604144970993583 152.89236724436489 34.345350334109511 0
4226 0 0.0027689713465290193 153.48057010405751 31.70485516193396 0
4227 0 0.0027604144970993644 151.23585355997341 29.835052789941773 0
4228 0 0.002762460683438708 149.15730763893168 37.71031872710121 0
4229 0.020042736764801523 0.0027629682586482319 145.08092418789246 40.930626231065595 0
4230 0 0.0027717025240805511 145.98133143145913 38.361309373676583 0
4231 0 0.0027631371930384859 143.70655542014723 36.374345314254427 0
4232 0 0.0027978366730793819 148.36958263820949 30.549026361015684 0
4233 0 0.0027978366730793815 149.89150435087976 35.096319905197532 0
4234 0 0.0028066817064582952 147.61878515780774 33.167013735730485 0
4235 0 0.0027971517526496734 144.60236102227549 33.796568516934506 0
4236 0 0.0027624606834387058 146.2514228694445 28.602450011111554 0
4237 0 0.0027631371930384864 142.49114357922727 31.788319389173971 0
4238 0 0.0027717025240805511 143.38269741869129 29.214306142548722 0
4239 0.00055939913483262545 0.0027629682586482341 141.40360193543094 27.204126710403472 0
4240 0.27334854823914473 0.0027629682586482328 140.51230124721843 44.035684862020247 0
4241 0.96602036667284652 0.0027624606834387075 135.53485260512295 46.887337768882496 0
4242 0.32512171268541262 0.0027717025240805528 136.84654934986165 44.470513025970284 0
4243 0.22523706444357836 0.0027631371930384851 134.49356786991288 42.397520451491729 0
4244 0.99996377486869936 0.0027604144970993644 129.99802818332802 49.50154220159687 0
4245 0.99996376378353335 0.0027595700111867267 123.888007059636 51.807957500391815 0
4246 0.99996388680985815 0.0027689713465290193 125.85978562456934 49.574649221945336 0
4247 0.99996377486874055 0.0027604144970993596 123.69707300518745 47.303487171928566 0
4248 0.60339014922876721 0.0027971517526496712 130.87231671038987 42.641233289959885 0
4249 0.99996425937716804 0.0027978366730793836 131.62363582028689 47.160639470891581 0
4250 0.99996437200663701 0.0028066817064582917 129.33240270470176 44.984587612433295 0
4251 0.99996425937693234 0.0027978366730793823 125.52143142831211 45.055751186643555 0
4252 0.52834550278591397 0.0027631371930384829 128.78588658723578 40.46288108887147 0
4253 0.99237234757843595 0.0027624606834387071 123.5478457296967 42.783708468356707 0
4254 0.92977598788287596 0.0027717025240805476 125.25445219653314 40.535269765375652 0
4255 0.24359162601197876 0.0027629682586482315 123.42900728266869 38.278431725821065 0
4256 0 0.0029090959569396117 138.46315063474697 27.693925255345981 0
4257 0.00075861545306245477 0.0029092932877926476 139.41780684952636 32.30186836316895 0
4258 0 0.0029190287816746562 137.37551077119875 30.214208566475627 0
4259 0 0.0029092932877926502 134.25040994641981 30.589503678146261 0
4260 0.48265487346180663 0.0029092932877926511 140.46755963215384 36.919119723199323 0
4261 0.34724197715145882 0.0029090959569396104 141.63670753147045 41.512241630393852 0
4262 0.29504649375319947 0.0029190287816746544 139.30631327776504 39.482926614977032 0
4263 0.00022656577043007119 0.0029092932877926498 135.81817433520959 39.936688950728723 0
4264 0.31592074070117526 0.0029487633704342437 133.00462989314735 33.089261532381023 0
4265 0.42160467117734035 0.0029487633704342437 138.29731457806912 34.850848859243662 0
4266 0.51187454948937983 0.0029588323208774685 135 35.264389682754654 0
4267 0.0040421404505039471 0.0029487633704342437 133.69282026382658 37.784795815915679 0
4268 0.28779899093111982 0.0029092932877926524 129.77549599543318 33.357668691754242 0
4269 0.14518000505486336 0.0029092932877926529 130.27025232877605 38.069266699143441 0
4270 0.62646967374644325 0.0029190287816746557 128.35941867744859 35.816711807016823 0
4271 0.089174086591458201 0.0029090959569396113 125.0385323487869 35.954216711736436 0
4272 0 0.0027629682586482319 136.60258644086343 25.624060103184735 0
4273 0 0.0027631371930384872 132.42314093076337 28.462973866244539 0
4274 0 0.002771702524080552 133.67903582257631 26.01982134523298 0
4275 0.00031123338405003386 0.0027624606834387023 132.00399229320857 23.928116698977011 0
4276 0.010103197758330199 0.0027631371930384842 127.99919405874566 31.168154351542135 0
4277 0.0059312900766914541 0.0027629682586482306 123.33237881517631 33.698626945073237 0
4278 0.0096402813195582589 0.0027717025240805537 124.86547296723849 31.372291532685413 0
4279 0.030945116064203821 0.0027624606834387075 123.25620490912145 29.192914480324511 0
4280 0 0.0027978366730793802 129.08750374971518 24.232122484624082 0
4281 0.018859760052070101 0.0027971517526496734 129.39084072163476 28.774593111954708 0
4282 0.013342713936214425 0.0028066817064582943 127.73622078442462 26.634527069450122 0
4283 1.2839345949386534e-07 0.0027978366730793854 124.72851673400437 26.849155827974425 0
4284 0 0.0027604144970993596 127.51119882152275 22.09970387347666 0
4285 0.016792938451899487 0.0027604144970993639 123.19459719504624 24.6722419874433 0
4286 0 0.0027689713465290193 124.61996190523404 22.325528874874266 0
4287 0.017856394297623548 0.0027595700111867254 123.1469647868919 20.16628853910084 0
4288 0 0.0023119757086378337 156.88199846583316 28.465069571336862 0
4289 0 0.0023124686005952188 151.91570689846472 27.441411147492165 0
4290 0 0.0023180283341848228 154.73014393763927 26.892073096697079 0
4291 4.9930169992087496e-05 0.0023108702719995241 155.39669607521168 24.724103525060332 0
4292 0 0.0023136588545035947 147.03945647864879 26.235216919259514 0
4293 0.00038780369541807169 0.0023139540580710246 142.2829846539602 24.865182845661039 0
4294 0 0.0023196166567022013 145.05621870483944 24.506607465979034 0
4295 0 0.0023124536728356669 145.85277768965975 22.379128329075204 0
4296 0 0.0023365414558869993 153.3228419703153 23.117262347616549 0
4297 0 0.0023349266282193066 149.84256390199948 25.785996432848808 0
4298 0 0.0023422595744532625 150.58010225222088 23.631285706132438 0
4299 0 0.0023361434168684991 148.57709008219655 21.951852554108456 0
4300 0 0.0023072333895373057 153.98950426727495 20.959732114428451 0
4301 0 0.0023076265367503604 149.30783761838745 19.813937769115118 0
4302 0 0.0023131745771251384 151.98048853856722 19.334434912076496 0
4303 0 0.0023059329975707332 152.6481156667333 17.197917552069782 0
4304 0 0.0023139540580710298 137.58636758324283 23.323342757230858 0
4305 0 0.0023136588545035939 133.05614950828095 21.65825260815356 0
4306 0 0.0023196166567022065 135.72366494323825 21.44938634087822 0
4307 0 0.0023124536728356742 136.53768935453985 19.333244341705278 0
4308 0 0.0023124686005952175 128.62568599047347 19.863005593647415 0
4309 0.014670018881167269 0.0023119757086378324 124.31041251807409 17.958727689735323 0
4310 0 0.0023180283341848193 126.90603695277767 17.88214822983101 0
4311 0 0.0023108702719995206 127.79070084058733 15.798100207654363 0
4312 0 0.0023361434168684999 134.72890868741467 17.43537440690724 0
4313 0 0.0023349266282193014 131.26276857665692 19.726009750516493 0
4314 0 0.0023422595744532586 132.1185329418399 17.620197311379982 0
4315 0 0.002336541455886995 130.36917621878783 15.672437465406158 0
4316 0 0.0023076265367503656 135.53180496752961 15.327422679031695 0
4317 0 0.0023072333895373083 131.20936463632708 13.580568218518627 0
4318 0 0.0023131745771251418 133.76444245507105 13.419465748110806 0
4319 0 0.0023059329975707336 134.5585206537252 11.330193475611789 0
4320 0 0.0024077644412134813 150.67970028468847 15.499075324053988 0
4321 0.00035533689041895351 0.0024062147544892704 147.34244430307228 18.08216635387469 0
4322 0.00022418575435510934 0.0024140775661515529 148.04489960696296 15.904956028517379 0
4323 0.0092792085447362272 0.0024078760790546246 146.11604617171682 14.108008136731321 0
4324 0.00021579132886184382 0.0024011984790263735 143.89305599109412 20.609888046726436 0
4325 0 0.0023994306655560631 140.33450697167066 23.0529322207802 0
4326 0 0.002407382690676019 141.14551628848466 20.925798740304831 0
4327 0 0.0024011984790263774 139.2146457537138 19.079753634179166 0
4328 0 0.0024312766549424332 143.47533488579569 14.462467168562634 0
4329 0.0016501898490265715 0.0024329551256433036 144.64983655906676 18.451763122639051 0
4330 0 0.0024393345965926872 142.71416167637796 16.627623658941562 0
4331 0 0.0024329551256433053 140.02358099836042 16.940969320010527 0
4332 0 0.0024078760790546272 141.59630671380648 12.635525432716809 0
4333 0 0.0024062147544892708 138.15260043863501 15.086115215682621 0
4334 0 0.0024140775661515555 138.96133071548863 12.946985152134349 0
4335 0 0.0024077644412134813 137.13753847960041 11.098537009818411 0
4336 0 0.0022877643327326048 151.34461324913374 13.370978836788092 0
4337 0 0.0022878600464056064 146.81857712160351 11.992473651545055 0
4338 0 0.0022933603555979828 149.41478371550008 11.660109566124257 0
4339 8.7525309973324067e-05 0.0022858920170396304 150.08565900058906 9.5980014635153488 0
4340 0 0.0022878600464056017 142.33251404185509 10.532259430179529 0
4341 0.0010031120669916241 0.0022877643327325991 137.90143012668617 9.0062439386820365 0
4342 2.0012490426160116e-05 0.0022933603555979768 140.46407596222261 8.7504775849108309 0
4343 0 0.0022858920170396296 141.16240285793111 6.6990869606071195 0
4344 4.7285122954255052e-06 0.0023100905228909253 148.18032881753925 7.8664395220647423 0
4345 0 0.002308103538637678 144.91667425893024 10.242546904076269 0
4346 0 0.0023157413939484716 145.60560524502648 8.179689424649716 0
4347 0 0.0023100905228909288 143.72180347358534 6.4170197192325737 0
4348 1.6064798710105308e-05 0.0022799530862492815 148.84727540145101 5.8107984071004157 0
4349 0 0.0022799530862492859 144.40412659268895 4.3669663120794153 0
4350 0 0.0022854343035543403 146.95680400009374 4.0729131671831116 0
4351 0 0.002277896723335292 147.62120612122251 2.0344314280704574 0
4352 0 0.0022778967233352937 176.20493850119379 -57.564295936423228 0
4353 0 0.0022799530862492859 172.52558064627786 -54.172403898373709 0
4354 0 0.0022854343035543408 172.55997552637777 -56.735009079695438 0
4355 0 0.0022799530862492815 168.8709563696089 -58.363618030992662 0
4356 0 0.0022858920170396296 169.3915746231188 -50.679044958375975 0
4357 0.1213224245287427 0.0022877643327326009 166.69851115976564 -47.125413615072532 8
4358 0.0055325096595338977 0.0022933603555979781 166.40657113314359 -49.662844566240643 8
4359 0 0.0022878600464056017 163.07752972774082 -51.099180880603271 0
4360 0 0.0023100905228909262 165.31589357576311 -57.321746417410225 0
4361 0.0014304853118148307 0.0023100905228909262 169.23786991147733 -53.235538309097485 8
4362 0 0.0023157413939484729 165.72355885377735 -54.763160392720266 0
4363 0 0.0023081035386376776 162.54791005420273 -53.636936664396821 0
4364 0 0.00228589201703963 161.26916107539969 -58.719848412008055 0
4365 0.0012768274601100045 0.002287860046405603 158.78737609736376 -54.952422303041075 2
4366 0 0.002293360355597982 157.92378631122239 -57.469803080829635 0
4367 0 0.0022877643327326052 153.63332045218257 -58.620044174623054 0
4368 0 0.0023059329975707336 164.29378006001926 -43.469107446983571 0
4369 0 0.0023072333895373062 162.19813159662502 -39.821092699231549 0
4370 0 0.0023131745771251418 161.71778944435135 -42.284300835966995 0
4371 0 0.0023076265367503656 158.63152882813509 -43.492213007514422 0
4372 0 0.0023108702719995206 160.3010541152095 -36.130920990511179 0
4373 0.00015196268161957511 0.002311975708637832 158.57479425521336 -32.426226919639063 2
4374 0 0.0023180283341848193 158.02592877191549 -34.854485467085176 0
4375 0 0.0023124686005952175 155.18302288269754 -35.950990650083789 0
4376 0 0.0023361434168685026 156.15169011025043 -42.176730436118767 0
4377 0 0.0023365414558869941 159.78353938014953 -38.581661619079725 0
4378 0 0.0023422595744532577 156.82033543054106 -39.732310865448419 0
4379 0 0.0023349266282193014 154.49844912740784 -38.375411813813074 0
4380 0 0.0023124536728356742 152.97649341950776 -43.227501004756782 0
4381 0 0.0023136588545035926 151.47729615087354 -39.384116802885046 0
4382 0.00029205627496270198 0.0023196166567022065 150.62989747572735 -41.78927962172483 2
4383 0.45741006120383731 0.0023139540580710276 147.41179576697249 -42.684842984960909 2
4384 0 0.0024077644412134813 150.47757162695942 -57.160097207861106 0
4385 0 0.0024078760790546233 155.73376101726018 -53.622703463361148 0
4386 0 0.0024140775661515516 151.70194633835968 -54.684566762494079 0
4387 0 0.0024062147544892717 148.8231274366095 -53.161702398070133 0
4388 0 0.0024078760790546259 160.1565375739776 -49.878030638447981 0
4389 0 0.0024077644412134822 163.91366415010131 -45.99507330451025 0
4390 0 0.0024140775661515563 160.70257526747304 -47.314948825018483 0
4391 0 0.0024062147544892686 157.99888731006706 -45.9926815230492 0
4392 0 0.0024329551256433036 150.02817433278847 -50.687328862096045 0
4393 0 0.0024312766549424332 156.57030658464265 -51.090204684768267 0
4394 0 0.0024393345965926876 153.7580226167033 -49.672166104939727 0
4395 0 0.0024329551256433027 154.63376212084705 -47.143147130891627 0
4396 0 0.0024011984790263743 147.45504122481944 -49.131272494400939 0
4397 0 0.0024011984790263795 152.09866952800814 -45.689683316841219 0
4398 0 0.0024073826906760203 148.63687043650339 -46.667103719840618 0
4399 0 0.0023994306655560618 146.30811002335489 -45.097727820860676 0
4400 0 0.0023059329975707319 146.03376513645352 -58.047730692133882 0
4401 0 0.002307626536750363 144.78264967171046 -53.999638493710407 0
4402 0 0.0023131745771251379 143.24418109605705 -56.408189845145642 0
4403 0 0.0023072333895373066 138.86301852260061 -57.060762777684424 0
4404 0 0.0023124536728356677 143.7389575828031 -49.930775044954551 0
4405 0 0.0023139540580710246 142.85390266333476 -45.865906287348551 0
4406 0 0.0023196166567022013 141.48396432450335 -48.233810248051526 0
4407 0 0.0023136588545035934 137.82891070703204 -48.817207793367707 0
4408 0 0.0023365414558869993 136.44348052116243 -55.265514374314023 0
4409 0 0.0023361434168684991 142.29289376944328 -52.323439897874913 0
4410 0 0.0023422595744532625 138.30709866375886 -52.9396394367242 0
4411 0 0.0023349266282193066 136.11963683565961 -51.128097153535137 0
4412 0 0.0023108702719995241 132.11897918137274 -55.676462707466008 0
4413 0 0.0023124686005952183 132.19554952330057 -51.534859187293335 0
4414 0 0.0023180283341848232 130.08796625775898 -53.756877803119352 0
4415 0 0.0023119757086378315 125.9112970191464 -53.950987910005736 0
4416 0 0.0023119757086378337 156.88199846583316 -28.465069571336862 0
4417 0.012507480888352344 0.0023108702719995241 155.39669607521168 -24.724103525060332 2
4418 0.034032153015469538 0.0023180283341848228 154.73014393763924 -26.892073096697086 2
4419 0.94700687067546629 0.0023124686005952183 151.91570689846472 -27.441411147492165 2
4420 2.2198213078398742e-07 0.0023072333895373057 153.98950426727495 -20.959732114428451 0
4421 0 0.0023059329975707332 152.6481156667333 -17.197917552069782 0
4422 0 0.0023131745771251384 151.98048853856722 -19.334434912076496 0
4423 0.1628661486126525 0.0023076265367503604 149.30783761838745 -19.813937769115118 2
4424 0.99995717393592376 0.0023349266282193066 149.84256390199951 -25.785996432848819 2
4425 0.0021008384253435207 0.0023365414558869989 153.32284197031532 -23.117262347616546 2
4426 0.7014504892288117 0.0023422595744532625 150.58010225222088 -23.631285706132438 2
4427 0.80659167586551006 0.0023361434168684991 148.57709008219655 -21.951852554108466 2
4428 0.9999567802842525 0.0023136588545035934 147.03945647864879 -26.235216919259514 2
4429 0.99995675776040382 0.0023124536728356669 145.85277768965975 -22.379128329075204 2
4430 0.99995689128682552 0.0023196166567022013 145.05621870483941 -24.506607465979034 2
4431 0.99995678579778591 0.0023139540580710246 142.2829846539602 -24.865182845661039 2
4432 0 0.0022877643327326048 151.34461324913374 -13.370978836788092 0
4433 0.32094215906589257 0.0022858920170396304 150.08565900058906 -9.5980014635153488 0
4434 0.0024464813100841926 0.0022933603555979828 149.41478371550008 -11.660109566124255 0
4435 0 0.0022878600464056064 146.81857712160351 -11.992473651545055 0
4436 0.23146213594806081 0.0022799530862492815 148.84727540145101 -5.8107984071004157 0
4437 0.021087435372662014 0.0022778967233352933 147.62120612122251 -2.0344314280704574 0
4438 0.033982024004846574 0.0022854343035543403 146.95680400009374 -4.0729131671831142 0
4439 0.67895605281939286 0.0022799530862492859 144.40412659268895 -4.3669663120794153 0
4440 0.015929220946008935 0.002308103538637678 144.91667425893024 -10.242546904076269 0
4441 0.42210656474798164 0.0023100905228909253 148.18032881753925 -7.8664395220647396 0
4442 0.47050063610631077 0.0023157413939484716 145.60560524502648 -8.1796894246497178 0
4443 0.99096659332964832 0.0023100905228909288 143.72180347358537 -6.4170197192325711 0
4444 0.14352123392435509 0.0022878600464056017 142.33251404185509 -10.532259430179529 2
4445 0.99370022359805277 0.0022858920170396313 141.16240285793111 -6.6990869606071195 1
4446 0.50655875096517267 0.0022933603555979768 140.46407596222261 -8.7504775849108327 1
4447 0.12606662961987716 0.0022877643327326017 137.90143012668617 -9.0062439386820365 1
4448 0.99995832518357242 0.0023994306655560627 140.33450697167066 -23.052932220780203 2
4449 0.99995835586418269 0.0024011984790263735 143.89305599109412 -20.609888046726443 2
4450 0.99995846283739143 0.002407382690676019 141.14551628848466 -20.925798740304828 2
4451 0.99995835586418302 0.0024011984790263774 139.2146457537138 -19.07975363417917 2
4452 0.15191015491883197 0.0024062147544892704 147.34244430307228 -18.08216635387469 2
4453 0 0.0024077644412134813 150.67970028468849 -15.499075324053985 0
4454 0.00026133364549944219 0.0024140775661515529 148.04489960696296 -15.904956028517375 2
4455 0.027540859865107854 0.0024078760790546246 146.11604617171682 -14.108008136731316 2
4456 0.4428113731565459 0.0024329551256433053 140.02358099836042 -16.940969320010531 2
4457 0.99954756076816531 0.0024329551256433036 144.64983655906676 -18.451763122639051 2
4458 0.92590501119183233 0.0024393345965926889 142.71416167637796 -16.627623658941562 2
4459 0.74082493193120369 0.0024312766549424332 143.47533488579569 -14.462467168562631 2
4460 0.10560514250745946 0.0024062147544892712 138.15260043863501 -15.086115215682618 2
4461 0.35268563914749818 0.0024078760790546272 141.59630671380648 -12.635525432716809 2
4462 0.0014102561567804646 0.0024140775661515555 138.96133071548863 -12.946985152134346 2
4463 0.06584820048902236 0.0024077644412134813 137.13753847960041 -11.098537009818415 2
4464 0.99995678579778646 0.0023139540580710285 137.58636758324283 -23.323342757230858 2
4465 0.99995675776040382 0.0023124536728356742 136.53768935453985 -19.333244341705278 2
4466 0.99995689128682552 0.0023196166567022065 135.72366494323825 -21.449386340878227 2
4467 0.99995678028425306 0.0023136588545035926 133.05614950828095 -21.65825260815356 2
4468 0.7650033069983978 0.0023076265367503656 135.53180496752961 -15.327422679031695 2
4469 0.26291904628997659 0.0023059329975707336 134.5585206537252 -11.330193475611789 2
4470 0.95534940396374712 0.0023131745771251414 133.76444245507105 -13.419465748110811 2
4471 0.80585178177397898 0.0023072333895373083 131.20936463632708 -13.580568218518627 2
4472 0.99995717393592376 0.0023349266282193014 131.26276857665692 -19.726009750516482 2
4473 0.99995719624107748 0.0023361434168684999 134.72890868741467 -17.435374406907236 2
4474 0.99995730800638361 0.0023422595744532586 132.1185329418399 -17.620197311379986 2
4475 0.90195001482798187 0.002336541455886995 130.36917621878783 -15.672437465406155 2
4476 0.9999567580395351 0.002312468600595217 128.62568599047347 -19.863005593647415 2
4477 0.89679680649242233 0.0023108702719995206 127.79070084058733 -15.798100207654363 2
4478 0.99995686174983278 0.0023180283341848193 126.90603695277767 -17.882148229831014 2
4479 0.95638855418588742 0.0023119757086378328 124.31041251807409 -17.958727689735323 2
4480 0 0.0027595700111867267 123.888007059636 -51.807957500391808 0
4481 0 0.0027604144970993644 129.99802818332802 -49.501542201596877 0
4482 0 0.0027689713465290193 125.85978562456934 -49.574649221945336 0
4483 0 0.0027604144970993596 123.69707300518745 -47.303487171928566 0
4484 0 0.0027624606834387075 135.53485260512295 -46.887337768882503 0
4485 0 0.0027629682586482328 140.51230124721843 -44.035684862020254 0
4486 0 0.0027717025240805511 136.84654934986162 -44.470513025970284 0
4487 0 0.0027631371930384851 134.49356786991288 -42.397520451491729 0
4488 0 0.0027978366730793823 125.52143142831211 -45.055751186643548 0
4489 0 0.0027978366730793823 131.62363582028689 -47.160639470891567 0
4490 0 0.0028066817064582934 129.33240270470176 -44.984587612433295 0
4491 0 0.0027971517526496712 130.87231671038987 -42.641233289959885 0
4492 0 0.0027624606834387071 123.5478457296967 -42.783708468356714 0
4493 0 0.0027631371930384829 128.78588658723578 -40.462881088871463 0
4494 0 0.0027717025240805476 125.25445219653314 -40.535269765375638 0
4495 0 0.0027629682586482319 123.42900728266869 -38.278431725821058 0
4496 0.21105823685775635 0.0027629682586482319 145.08092418789246 -40.930626231065595 2
4497 0.39996528633098788 0.002762460683438708 149.15730763893168 -37.710318727101203 2
4498 0.53034589049781033 0.0027717025240805511 145.98133143145913 -38.361309373676576 2
4499 0.99186054415273417 0.0027631371930384859 143.7065554201472 -36.37434531425442 2
4500 0.084711515408551097 0.0027604144970993583 152.89236724436489 -34.345350334109519 2
4501 0 0.0027595700111867241 156.31582072927623 -30.881765306013889 0
4502 0.26514722189912859 0.0027689713465290193 153.48057010405751 -31.704855161933953 2
4503 0.97390800945954314 0.0027604144970993639 151.23585355997341 -29.835052789941773 2
4504 0.99996425062567029 0.0027971517526496734 144.60236102227546 -33.796568516934514 2
4505 0.72307443432674579 0.0027978366730793815 149.89150435087976 -35.096319905197532 2
4506 0.99996437200664101 0.0028066817064582913 147.61878515780774 -33.167013735730485 2
4507 0.99996425937693123 0.0027978366730793854 148.36958263820949 -30.549026361015692 2
4508 0.9999638105623897 0.0027631371930384864 142.49114357922727 -31.788319389173964 2
4509 0.99996380170014076 0.0027624606834387062 146.2514228694445 -28.602450011111561 2
4510 0.99996392239377341 0.0027717025240805528 143.38269741869129 -29.214306142548722 2
4511 0.99996380834976173 0.0027629682586482341 141.40360193543094 -27.204126710403472 2
4512 0 0.0029090959569396096 125.0385323487869 -35.954216711736436 0
4513 0 0.0029092932877926494 130.27025232877608 -38.069266699143448 0
4514 0 0.0029190287816746557 128.35941867744859 -35.816711807016823 0
4515 0.036853359554609409 0.002909293287792652 129.77549599543318 -33.357668691754235 2
4516 0 0.0029092932877926481 135.81817433520959 -39.936688950728723 0
4517 0 0.0029090959569396104 141.63670753147045 -41.512241630393838 0
4518 0 0.0029190287816746562 139.30631327776504 -39.482926614977032 0
4519 0.6192814458388306 0.0029092932877926494 140.46755963215384 -36.919119723199323 2
4520 0.28208757524499589 0.0029487633704342437 133.00462989314735 -33.089261532381023 2
4521 0 0.0029487633704342437 133.69282026382658 -37.784795815915679 0
4522 0.16603692649070306 0.0029588323208774685 135 -35.264389682754654 2
4523 0.57454361587926894 0.0029487633704342437 138.29731457806912 -34.850848859243662 2
4524 0.99996562857265825 0.0029092932877926502 134.25040994641981 -30.589503678146265 2
4525 0.98727111984831062 0.0029092932877926511 139.41780684952636 -32.30186836316895 2
4526 0.99996574320371689 0.0029190287816746544 137.37551077119875 -30.214208566475627 2
4527 0.99996562624124374 0.0029090959569396104 138.46315063474697 -27.693925255345977 2
4528 0.42055768312231923 0.0027629682586482302 123.33237881517631 -33.698626945073237 2
4529 0.80423273403358186 0.0027631371930384838 127.99919405874566 -31.168154351542135 2
4530 0.88978375170426782 0.0027717025240805537 124.86547296723849 -31.37229153268542 2
4531 0.99996380170013976 0.0027624606834387075 123.25620490912142 -29.192914480324511 2
4532 0.99996381056239036 0.0027631371930384872 132.42314093076337 -28.462973866244532 2
4533 0.99996380834976228 0.0027629682586482319 136.6025864408634 -25.624060103184732 2
4534 0.99996392239377407 0.002771702524080552 133.67903582257631 -26.019821345232977 2
4535 0.99996380170014154 0.0027624606834387023 132.0039922932086 -23.928116698977018 2
4536 0.9999642593769329 0.0027978366730793836 124.72851673400437 -26.849155827974425 2
4537 0.99996425062566952 0.0027971517526496751 129.39084072163476 -28.774593111954708 2
4538 0.99996437200664035 0.0028066817064582943 127.73622078442462 -26.634527069450122 2
4539 0.9999642593769329 0.0027978366730793784 129.08750374971518 -24.232122484624085 2
4540 0.99996377486874077 0.0027604144970993644 123.19459719504624 -24.672241987443304 2
4541 0.99996377486874055 0.0027604144970993596 127.51119882152275 -22.099703873476663 2
4542 0.99996388680987758 0.0027689713465290193 124.61996190523404 -22.325528874874266 2
4543 0.98455677274418618 0.0027595700111867258 123.1469647868919 -20.16628853910084 2
4544 0 0.0023119757086378324 119.89964279082888 -51.790321037609871 0
4545 0 0.0023124686005952157 120.05954753855137 -47.287185531315131 0
4546 0 0.0023180283341848189 118.24884952962378 -49.551709084700732 0
4547 0 0.0023108702719995206 114.7839796050817 -49.499845268966297 0
4548 0 0.0023136588545035934 120.18464420450923 -42.773346195808188 0
4549 0 0.0023139540580710298 120.2841693881612 -38.269646851300664 0
4550 0 0.0023196166567022104 118.75551608391568 -40.524152274237821 0
4551 0 0.0023124536728356773 115.79795516703275 -40.472815968318343 0
4552 0 0.002336541455886995 113.42079385596945 -47.185786826252546 0
4553 0 0.0023349266282193019 118.53203140496083 -45.038484855459458 0
4554 0 0.0023422595744532577 115.34077087564792 -44.987994181901094 0
4555 0 0.0023361434168685026 114.04944789579979 -42.672236845795602 0
4556 0 0.0023072333895373075 110.13645176334657 -46.993241635941622 0
4557 0 0.0023076265367503656 111.01000870766764 -42.500503362376875 0
4558 0 0.0023131745771251418 109.03131352748125 -44.625650814467996 0
4559 0 0.0023059329975707336 105.93784321858462 -44.318616666613707 0
4560 0.64624964168285304 0.0023139540580710246 120.36467338759792 -33.714259693720194 2
4561 0.99995678028425194 0.0023136588545035947 120.42842357776088 -29.210253879369368 2
4562 0.9999568912868253 0.0023196166567022018 119.07962810511403 -31.410987915740435 2
4563 0.82953706105610558 0.0023124536728356677 116.45113085913756 -31.268230380081704 2
4564 0.99995675803953465 0.0023124686005952188 120.47972652460348 -24.695782003166652 2
4565 0.6389533308847769 0.0023119757086378337 120.51955786186181 -20.191604560072143 2
4566 0.99196754960600086 0.0023180283341848228 119.28464801208702 -22.378236782956019 2
4567 0.96246306854121144 0.0023108702719995241 116.85932827144558 -22.220307123304885 2
4568 0.7374823634632528 0.0023361434168684991 115.28221332362958 -28.917651514327702 2
4569 0.99995717393592376 0.0023349266282193066 119.19403269780278 -26.894785825704183 2
4570 0.99995730800638361 0.0023422595744532625 116.67114720350044 -26.744689964099937 2
4571 0.99607469686137484 0.0023365414558869989 115.53606368205753 -24.387928481810071 2
4572 0.024493990766669776 0.0023076265367503626 112.73309494031481 -28.698939840633489 2
4573 0.28370702920842295 0.0023072333895373053 113.0851107475163 -24.174608608205073 2
4574 0.026006192454565126 0.0023131745771251392 111.67567818844925 -26.313222508190414 2
4575 0 0.0023059329975707319 109.21192998442396 -26.034448338686694 0
4576 0 0.0024077644412134822 104.98263698052916 -41.875839420433032 0
4577 0 0.0024062147544892695 109.89332865518219 -40.10243652549385 0
4578 0 0.0024140775661515555 106.95075772671584 -39.782635111928087 0
4579 0 0.0024078760790546285 105.96409195242998 -37.311906434291174 0
4580 0 0.0024011984790263795 114.55178020739802 -38.122271089488429 0
4581 0.11939740276860994 0.0023994306655560596 118.93546399329833 -35.967875770457702 2
4582 0.16629620485810728 0.0024073826906760181 116.15202725996556 -35.871356016590823 2
4583 0.29779014745661492 0.0024011984790263748 114.96117443146484 -33.475388536784514 2
4584 0 0.0024312766549424332 107.7942376506607 -35.19133607949837 0
4585 0 0.0024329551256433053 111.6776049253438 -37.922316345117743 0
4586 0 0.0024393345965926876 110.57367560198232 -35.482932473409726 0
4587 0 0.0024329551256433023 112.2485461950277 -33.28663398626103 0
4588 0 0.0024078760790546216 106.84354472302748 -32.731093448282088 0
4589 0 0.0024062147544892717 111.19705684304219 -30.861623034126215 0
4590 0 0.0024140775661515516 108.56430278281188 -30.596804059692786 0
4591 0 0.0024077644412134796 107.64330715433066 -28.156637981285201 0
4592 0 0.0022877643327325996 102.05767105599145 -41.463502635237631 0
4593 0 0.002287860046405603 103.21785810991354 -36.925967056659381 0
4594 0 0.0022933603555979768 101.28693808013436 -38.987621104672662 0
4595 0 0.0022858920170396296 98.575207949451567 -38.523344568699834 0
4596 0 0.0022878600464056043 104.2411974868496 -32.367460093996755 0
4597 0 0.0022877643327326048 105.15630585832862 -27.810032851995924 0
4598 0 0.0022933603555979824 103.48028085718515 -29.888860523272847 0
4599 0 0.0022858920170396291 101.03936265093571 -29.453942734004137 0
4600 0 0.0023100905228909288 97.942233192685279 -36.015158167940676 0
4601 0 0.0023081035386376776 102.45184792888655 -34.444491042061941 0
4602 0 0.0023157413939484729 99.881493534005926 -33.996311964819917 0
4603 0 0.0023100905228909258 99.235558309148431 -31.485720551497181 0
4604 0 0.0022799530862492863 95.365166773150122 -35.476892100753112 0
4605 0 0.0022799530862492819 96.781500454946325 -30.974924292679948 0
4606 0 0.0022854343035543408 94.855317410755219 -32.949120387496151 0
4607 0 0.002277896723335292 92.408555086178652 -32.355896236796781 0
4608 0 0.0022778967233352937 -176.20493850119379 57.564295936423228 0
4609 0.0022304837985319633 0.0022799530862492859 -172.52558064627786 54.172403898373709 0
4610 0.0001301794070806588 0.0022854343035543408 -172.55997552637777 56.735009079695438 0
4611 0.0024176766376131889 0.0022799530862492815 -168.8709563696089 58.363618030992662 0
4612 0 0.0022858920170396296 -169.3915746231188 50.679044958375975 0
4613 0 0.0022877643327326009 -166.69851115976564 47.125413615072532 0
4614 0 0.0022933603555979781 -166.40657113314359 49.662844566240643 0
4615 0 0.0022878600464056017 -163.07752972774082 51.099180880603271 0
4616 0 0.0023100905228909262 -165.31589357576311 57.321746417410225 0
4617 0.030133220320996048 0.0023100905228909262 -169.23786991147733 53.235538309097485 0
4618 0.071713940497983172 0.0023157413939484729 -165.72355885377735 54.763160392720266 0
4619 0.057821026814343437 0.0023081035386376776 -162.54791005420273 53.636936664396821 0
4620 0.342691856076771 0.00228589201703963 -161.26916107539969 58.719848412008055 0
4621 0.10571785579972466 0.002287860046405603 -158.78737609736376 54.952422303041075 0
4622 0.42651156697679649 0.002293360355597982 -157.92378631122239 57.469803080829635 0
4623 0.50771788169498311 0.0022877643327326052 -153.63332045218257 58.620044174623054 0
4624 0 0.0023059329975707336 -164.29378006001926 43.469107446983571 0
4625 0 0.0023072333895373062 -162.19813159662502 39.821092699231549 0
4626 0 0.0023131745771251418 -161.71778944435135 42.284300835966995 0
4627 0 0.0023076265367503656 -158.63152882813509 43.492213007514422 0
4628 0 0.0023108702719995206 -160.3010541152095 36.130920990511179 0
4629 0 0.002311975708637832 -158.57479425521336 32.426226919639063 0
4630 0 0.0023180283341848193 -158.02592877191549 34.854485467085176 0
4631 0 0.0023124686005952175 -155.18302288269754 35.950990650083789 0
4632 0 0.0023361434168685026 -156.15169011025043 42.176730436118767 0
4633 0 0.0023365414558869941 -159.78353938014953 38.581661619079725 0
4634 0 0.0023422595744532577 -156.82033543054106 39.732310865448419 0
4635 0 0.0023349266282193014 -154.49844912740784 38.375411813813074 0
4636 0 0.0023124536728356742 -152.97649341950776 43.227501004756782 0
4637 0 0.0023136588545035926 -151.47729615087354 39.384116802885046 0
4638 0 0.0023196166567022065 -150.62989747572735 41.78927962172483 0
4639 0 0.0023139540580710276 -147.41179576697249 42.684842984960909 0
4640 0.012401123778730351 0.0024077644412134813 -150.47757162695942 57.160097207861106 0
4641 0 0.0024078760790546233 -155.73376101726018 53.622703463361148 0
4642 0 0.0024140775661515516 -151.70194633835968 54.684566762494079 0
4643 0 0.0024062147544892717 -148.8231274366095 53.161702398070133 0
4644 0 0.0024078760790546259 -160.1565375739776 49.878030638447981 0
4645 0 0.0024077644412134822 -163.91366415010131 45.99507330451025 0
4646 0 0.0024140775661515563 -160.70257526747304 47.314948825018483 0
4647 0 0.0024062147544892686 -157.99888731006706 45.9926815230492 0
4648 0 0.0024329551256433036 -150.02817433278847 50.687328862096045 0
4649 0 0.0024312766549424332 -156.57030658464265 51.090204684768267 0
4650 0 0.0024393345965926876 -153.7580226167033 49.672166104939727 0
4651 0 0.0024329551256433027 -154.63376212084705 47.143147130891627 0
4652 0 0.0024011984790263743 -147.45504122481944 49.131272494400939 0
4653 0 0.0024011984790263795 -152.09866952800814 45.689683316841219 0
4654 0 0.0024073826906760203 -148.63687043650339 46.667103719840618 0
4655 0 0.0023994306655560618 -146.30811002335489 45.097727820860676 0
4656 0 0.0023059329975707319 -146.03376513645352 58.047730692133882 0
4657 0 0.002307626536750363 -144.78264967171046 53.999638493710407 0
4658 0 0.0023131745771251379 -143.24418109605705 56.408189845145642 0
4659 0.043168760193391553 0.0023072333895373066 -138.86301852260061 57.060762777684424 0
4660 0 0.0023124536728356677 -143.7389575828031 49.930775044954551 0
4661 0 0.0023139540580710246 -142.85390266333476 45.865906287348551 0
4662 0 0.0023196166567022013 -141.48396432450335 48.233810248051526 0
4663 0 0.0023136588545035934 -137.82891070703204 48.817207793367707 0
4664 0.04072788740457798 0.0023365414558869993 -136.44348052116243 55.265514374314023 0
4665 0 0.0023361434168684991 -142.29289376944328 52.323439897874913 0
4666 0 0.0023422595744532625 -138.30709866375886 52.9396394367242 0
4667 0 0.0023349266282193066 -136.11963683565961 51.128097153535137 0
4668 0.57079581116307843 0.0023108702719995241 -132.11897918137274 55.676462707466008 0
4669 0.018621591448463978 0.0023124686005952183 -132.19554952330057 51.534859187293335 0
4670 0.5314501874098293 0.0023180283341848232 -130.08796625775898 53.756877803119352 0
4671 0.98361963088809967 0.0023119757086378315 -125.9112970191464 53.950987910005736 0
4672 0 0.0023119757086378337 -156.88199846583316 28.465069571336862 0
4673 0 0.0023108702719995241 -155.39669607521168 24.724103525060332 0
4674 0 0.0023180283341848228 -154.73014393763924 26.892073096697086 0
4675 0 0.0023124686005952183 -151.91570689846472 27.441411147492165 0
4676 0.00091877436639649791 0.0023072333895373057 -153.98950426727495 20.959732114428451 0
4677 0 0.0023059329975707332 -152.6481156667333 17.197917552069782 0
4678 0 0.0023131745771251384 -151.98048853856722 19.334434912076496 0
4679 0 0.0023076265367503604 -149.30783761838745 19.813937769115118 0
4680 0 0.0023349266282193066 -149.84256390199951 25.785996432848819 0
4681 0 0.0023365414558869989 -153.32284197031532 23.117262347616546 0
4682 0 0.0023422595744532625 -150.58010225222088 23.631285706132438 0
4683 0 0.0023361434168684991 -148.57709008219655 21.951852554108466 0
4684 0 0.0023136588545035934 -147.03945647864879 26.235216919259514 0
4685 0 0.0023124536728356669 -145.85277768965975 22.379128329075204 0
4686 0 0.0023196166567022013 -145.05621870483941 24.506607465979034 0
4687 0 0.0023139540580710246 -142.2829846539602 24.865182845661039 0
4688 0 0.0022877643327326048 -151.34461324913374 13.370978836788092 0
4689 0 0.0022858920170396304 -150.08565900058906 9.5980014635153488 0
4690 0 0.0022933603555979828 -149.41478371550008 11.660109566124255 0
4691 0 0.0022878600464056064 -146.81857712160351 11.992473651545055 0
4692 0 0.0022799530862492815 -148.84727540145101 5.8107984071004157 0
4693 0 0.0022778967233352933 -147.62120612122251 2.0344314280704574 0
4694 0 0.0022854343035543403 -146.95680400009374 4.0729131671831142 0
4695 0 0.0022799530862492859 -144.40412659268895 4.3669663120794153 0
4696 0 0.002308103538637678 -144.91667425893024 10.242546904076269 0
4697 0 0.0023100905228909253 -148.18032881753925 7.8664395220647396 0
4698 0 0.0023157413939484716 -145.60560524502648 8.1796894246497178 0
4699 0 0.0023100905228909288 -143.72180347358537 6.4170197192325711 0
4700 0 0.0022878600464056017 -142.33251404185509 10.532259430179529 0
4701 0 0.0022858920170396313 -141.16240285793111 6.6990869606071195 0
4702 0 0.0022933603555979768 -140.46407596222261 8.7504775849108327 0
4703 0 0.0022877643327326017 -137.90143012668617 9.0062439386820365 0
4704 0 0.0023994306655560627 -140.33450697167066 23.052932220780203 0
4705 0 0.0024011984790263735 -143.89305599109412 20.609888046726443 0
4706 0 0.002407382690676019 -141.14551628848466 20.925798740304828 0
4707 0 0.0024011984790263774 -139.2146457537138 19.07975363417917 0
4708 0 0.0024062147544892704 -147.34244430307228 18.08216635387469 0
4709 0 0.0024077644412134813 -150.67970028468849 15.499075324053985 0
4710 0 0.0024140775661515529 -148.04489960696296 15.904956028517375 0
4711 0 0.0024078760790546246 -146.11604617171682 14.108008136731316 0
4712 0 0.0024329551256433053 -140.02358099836042 16.940969320010531 0
4713 0 0.0024329551256433036 -144.64983655906676 18.451763122639051 0
4714 0 0.0024393345965926889 -142.71416167637796 16.627623658941562 0
4715 0 0.0024312766549424332 -143.47533488579569 14.462467168562631 0
4716 0 0.0024062147544892712 -138.15260043863501 15.086115215682618 0
4717 0 0.0024078760790546272 -141.59630671380648 12.635525432716809 0
4718 0 0.0024140775661515555 -138.96133071548863 12.946985152134346 0
4719 0 0.0024077644412134813 -137.13753847960041 11.098537009818415 0
4720 0 0.0023139540580710285 -137.58636758324283 23.323342757230858 0
4721 0 0.0023124536728356742 -136.53768935453985 19.333244341705278 0
4722 0 0.0023196166567022065 -135.72366494323825 21.449386340878227 0
4723 0 0.0023136588545035926 -133.05614950828095 21.65825260815356 0
4724 0 0.0023076265367503656 -135.53180496752961 15.327422679031695 0
4725 0 0.0023059329975707336 -134.5585206537252 11.330193475611789 0
4726 0 0.0023131745771251414 -133.76444245507105 13.419465748110811 0
4727 0 0.0023072333895373083 -131.20936463632708 13.580568218518627 0
4728 0 0.0023349266282193014 -131.26276857665692 19.726009750516482 0
4729 0 0.0023361434168684999 -134.72890868741467 17.435374406907236 0
4730 0 0.0023422595744532586 -132.1185329418399 17.620197311379986 0
4731 0 0.002336541455886995 -130.36917621878783 15.672437465406155 0
4732 0 0.002312468600595217 -128.62568599047347 19.863005593647415 0
4733 0 0.0023108702719995206 -127.79070084058733 15.798100207654363 0
4734 0 0.0023180283341848193 -126.90603695277767 17.882148229831014 0
4735 0 0.0023119757086378328 -124.31041251807409 17.958727689735323 0
4736 0.99122261662025013 0.0027595700111867267 -123.888007059636 51.807957500391808 0
4737 0.0058823323483485918 0.0027604144970993644 -129.99802818332802 49.501542201596877 0
4738 0.50616773130716008 0.0027689713465290193 -125.85978562456934 49.574649221945336 0
4739 0.5856539345220132 0.0027604144970993596 -123.69707300518745 47.303487171928566 0
4740 0 0.0027624606834387075 -135.53485260512295 46.887337768882503 0
4741 0 0.0027629682586482328 -140.51230124721843 44.035684862020254 0
4742 0 0.0027717025240805511 -136.84654934986162 44.470513025970284 0
4743 0 0.0027631371930384851 -134.49356786991288 42.397520451491729 0
4744 0.16264528916480284 0.0027978366730793823 -125.52143142831211 45.055751186643548 0
4745 0 0.0027978366730793823 -131.62363582028689 47.160639470891567 0
4746 0 0.0028066817064582934 -129.33240270470176 44.984587612433295 0
4747 0 0.0027971517526496712 -130.87231671038987 42.641233289959885 0
4748 0.72274441768380904 0.0027624606834387071 -123.5478457296967 42.783708468356714 0
4749 0 0.0027631371930384829 -128.78588658723578 40.462881088871463 0
4750 0.20624541601149843 0.0027717025240805476 -125.25445219653314 40.535269765375638 0
4751 0.38902601764012984 0.0027629682586482319 -123.42900728266869 38.278431725821058 0
4752 0 0.0027629682586482319 -145.08092418789246 40.930626231065595 0
4753 0 0.002762460683438708 -149.15730763893168 37.710318727101203 0
4754 0 0.0027717025240805511 -145.98133143145913 38.361309373676576 0
4755 0 0.0027631371930384859 -143.7065554201472 36.37434531425442 0
4756 0 0.0027604144970993583 -152.89236724436489 34.345350334109519 0
4757 0 0.0027595700111867241 -156.31582072927623 30.881765306013889 0
4758 0 0.0027689713465290193 -153.48057010405751 31.704855161933953 0
4759 0 0.0027604144970993639 -151.23585355997341 29.835052789941773 0
4760 0 0.0027971517526496734 -144.60236102227546 33.796568516934514 0
4761 0 0.0027978366730793815 -149.89150435087976 35.096319905197532 0
4762 0 0.0028066817064582913 -147.61878515780774 33.167013735730485 0
4763 0 0.0027978366730793854 -148.36958263820949 30.549026361015692 0
4764 0 0.0027631371930384864 -142.49114357922727 31.788319389173964 0
4765 0 0.0027624606834387062 -146.2514228694445 28.602450011111561 0
4766 0 0.0027717025240805528 -143.38269741869129 29.214306142548722 0
4767 0 0.0027629682586482341 -141.40360193543094 27.204126710403472 0
4768 0 0.0029090959569396096 -125.0385323487869 35.954216711736436 0
4769 0 0.0029092932877926494 -130.27025232877608 38.069266699143448 0
4770 0 0.0029190287816746557 -128.35941867744859 35.816711807016823 0
4771 0 0.002909293287792652 -129.77549599543318 33.357668691754235 0
4772 0 0.0029092932877926481 -135.81817433520959 39.936688950728723 0
4773 0 0.0029090959569396104 -141.63670753147045 41.512241630393838 0
4774 0 0.0029190287816746562 -139.30631327776504 39.482926614977032 0
4775 0 0.0029092932877926494 -140.46755963215384 36.919119723199323 0
4776 0 0.0029487633704342437 -133.00462989314735 33.089261532381023 0
4777 0 0.0029487633704342437 -133.69282026382658 37.784795815915679 0
4778 0 0.0029588323208774685 -135 35.264389682754654 0
4779 0 0.0029487633704342437 -138.29731457806912 34.850848859243662 0
4780 0 0.0029092932877926502 -134.25040994641981 30.589503678146265 0
4781 0 0.0029092932877926511 -139.41780684952636 32.30186836316895 0
4782 0 0.0029190287816746544 -137.37551077119875 30.214208566475627 0
4783 0 0.0029090959569396104 -138.46315063474697 27.693925255345977 0
4784 0 0.0027629682586482302 -123.33237881517631 33.698626945073237 0
4785 0 0.0027631371930384838 -127.99919405874566 31.168154351542135 0
4786 0 0.0027717025240805537 -124.86547296723849 31.37229153268542 0
4787 0 0.0027624606834387075 -123.25620490912142 29.192914480324511 0
4788 0 0.0027631371930384872 -132.42314093076337 28.462973866244532 0
4789 0 0.0027629682586482319 -136.6025864408634 25.624060103184732 0
4790 0 0.002771702524080552 -133.67903582257631 26.019821345232977 0
4791 0 0.0027624606834387023 -132.0039922932086 23.928116698977018 0
4792 0 0.0027978366730793836 -124.72851673400437 26.849155827974425 0
4793 0 0.0027971517526496751 -129.39084072163476 28.774593111954708 0
4794 0 0.0028066817064582943 -127.73622078442462 26.634527069450122 0
4795 0 0.0027978366730793784 -129.08750374971518 24.232122484624085 0
4796 0 0.0027604144970993644 -123.19459719504624 24.672241987443304 0
4797 0 0.0027604144970993596 -127.51119882152275 22.099703873476663 0
4798 0 0.0027689713465290193 -124.61996190523404 22.325528874874266 0
4799 0 0.0027595700111867258 -123.1469647868919 20.16628853910084 0
4800 0.99995674882114549 0.0023119757086378324 -119.89964279082888 51.790321037609871 0
4801 0.99995675803956507 0.0023124686005952157 -120.05954753855137 47.287185531315131 0
4802 0.99995686174983478 0.0023180283341848189 -118.24884952962378 49.551709084700732 0
4803 0.99995672813224057 0.0023108702719995206 -114.7839796050817 49.499845268966297 0
4804 0.9999567802842525 0.0023136588545035934 -120.18464420450923 42.773346195808188 0
4805 0.99794594867982855 0.0023139540580710298 -120.2841693881612 38.269646851300664 0
4806 0.99995689128682552 0.0023196166567022104 -118.75551608391568 40.524152274237821 0
4807 0.99995675776040382 0.0023124536728356773 -115.79795516703275 40.472815968318343 0
4808 0.99995720353255291 0.002336541455886995 -113.42079385596945 47.185786826252546 0
4809 0.99995717393592376 0.0023349266282193019 -118.53203140496083 45.038484855459458 0
4810 0.99995730800638361 0.0023422595744532577 -115.34077087564792 44.987994181901094 0
4811 0.99995719624107748 0.0023361434168685026 -114.04944789579979 42.672236845795602 0
4812 0.99995665992593186 0.0023072333895373075 -110.13645176334657 46.993241635941622 0
4813 0.9999566673094028 0.0023076265367503656 -111.01000870766764 42.500503362376875 0
4814 0.9999567712363292 0.0023131745771251418 -109.03131352748125 44.625650814467996 0
4815 0.99995663548609015 0.0023059329975707336 -105.93784321858462 44.318616666613707 0
4816 0.14081284338891259 0.0023139540580710246 -120.36467338759792 33.714259693720194 0
4817 0.0028298978144791318 0.0023136588545035947 -120.42842357776088 29.210253879369368 0
4818 0.00264823749219753 0.0023196166567022018 -119.07962810511403 31.410987915740435 0
4819 0.42677194810365748 0.0023124536728356677 -116.45113085913756 31.268230380081704 0
4820 0 0.0023124686005952188 -120.47972652460348 24.695782003166652 0
4821 0 0.0023119757086378337 -120.51955786186181 20.191604560072143 0
4822 0 0.0023180283341848228 -119.28464801208702 22.378236782956019 0
4823 0 0.0023108702719995241 -116.85932827144558 22.220307123304885 0
4824 0.25168349784673111 0.0023361434168684991 -115.28221332362958 28.917651514327702 0
4825 1.8586504052150024e-06 0.0023349266282193066 -119.19403269780278 26.894785825704183 0
4826 0 0.0023422595744532625 -116.67114720350044 26.744689964099937 0
4827 2.3953018974085295e-07 0.0023365414558869989 -115.53606368205753 24.387928481810071 0
4828 0.5435745695903913 0.0023076265367503626 -112.73309494031481 28.698939840633489 0
4829 0.033064284945876966 0.0023072333895373053 -113.0851107475163 24.174608608205073 0
4830 0.45374487505876859 0.0023131745771251392 -111.67567818844925 26.313222508190414 0
4831 0.56033285279963574 0.0023059329975707319 -109.21192998442396 26.034448338686694 0
4832 0.99995846942282618 0.0024077644412134822 -104.98263698052916 41.875839420433032 0
4833 0.99995844267678968 0.0024062147544892695 -109.89332865518219 40.10243652549385 0
4834 0.99995857802615606 0.0024140775661515555 -106.95075772671584 39.782635111928087 0
4835 0.99995847134825266 0.0024078760790546285 -105.96409195242998 37.311906434291174 0
4836 0.99995835586418158 0.0024011984790263795 -114.55178020739802 38.122271089488429 0
4837 0.99749030327288168 0.0023994306655560596 -118.93546399329833 35.967875770457702 0
4838 0.9999584628373922 0.0024073826906760181 -116.15202725996556 35.871356016590823 0
4839 0.97519849074535381 0.0024011984790263748 -114.96117443146484 33.475388536784514 0
4840 0.99995887103719705 0.0024312766549424332 -107.7942376506607 35.19133607949837 0
4841 0.99995889941047944 0.0024329551256433053 -111.6776049253438 37.922316345117743 0
4842 0.99995900689440931 0.0024393345965926876 -110.57367560198232 35.482932473409726 0
4843 0.99030060564726663 0.0024329551256433023 -112.2485461950277 33.28663398626103 0
4844 0.99995847134811633 0.0024078760790546216 -106.84354472302748 32.731093448282088 0
4845 0.96627293595512509 0.0024062147544892717 -111.19705684304219 30.861623034126215 0
4846 0.99995857802801058 0.0024140775661515516 -108.56430278281188 30.596804059692786 0
4847 0.99995846942282696 0.0024077644412134796 -107.64330715433066 28.156637981285201 0
4848 0.99995629111456952 0.0022877643327325996 -102.05767105599145 41.463502635237631 0
4849 0.99995629294307031 0.002287860046405603 -103.21785810991354 36.925967056659381 0
4850 0.99995639776386114 0.0022933603555979768 -101.28693808013436 38.987621104672662 0
4851 0.99995625531530608 0.0022858920170396296 -98.575207949451567 38.523344568699834 0
4852 0.99995629294308075 0.0022878600464056043 -104.2411974868496 32.367460093996755 0
4853 0.99995629111456952 0.0022877643327326048 -105.15630585832862 27.810032851995924 0
4854 0.99995639776361323 0.0022933603555979824 -103.48028085718515 29.888860523272847 0
4855 0.99995625531525723 0.0022858920170396291 -101.03936265093571 29.453942734004137 0
4856 0.99995671352686699 0.0023100905228909288 -97.942233192685279 36.015158167940676 0
4857 0.99995667626432183 0.0023081035386376776 -102.45184792888655 34.444491042061941 0
4858 0.99995681914993784 0.0023157413939484729 -99.881493534005926 33.996311964819917 0
4859 0.99995671352686821 0.0023100905228909258 -99.235558309148431 31.485720551497181 0
4860 0.99995614137205713 0.0022799530862492863 -95.365166773150122 35.476892100753112 0
4861 0.99995614137205713 0.0022799530862492819 -96.781500454946325 30.974924292679948 0
4862 0.99995624655475757 0.0022854343035543408 -94.855317410755219 32.949120387496151 0
4863 0.99995610178058025 0.002277896723335292 -92.408555086178652 32.355896236796781 0
4864 0 0.0022778967233352937 -176.20493850119379 -57.564295936423214 0
4865 0 0.0022799530862492815 -168.8709563696089 -58.363618030992662 0
4866 0 0.0022854343035543403 -172.55997552637777 -56.735009079695431 0
4867 0 0.0022799530862492859 -172.52558064627786 -54.172403898373709 0
4868 0 0.00228589201703963 -161.26916107539969 -58.719848412008055 0
4869 0 0.0022877643327326039 -153.63332045218257 -58.620044174623054 0
4870 0 0.002293360355597982 -157.92378631122239 -57.469803080829621 0
4871 0 0.002287860046405603 -158.78737609736376 -54.952422303041075 0
4872 0 0.0023100905228909262 -169.23786991147733 -53.235538309097485 0
4873 0 0.0023100905228909266 -165.31589357576311 -57.321746417410225 0
4874 0 0.0023157413939484729 -165.72355885377735 -54.763160392720266 0
4875 0 0.002308103538637678 -162.54791005420273 -53.636936664396821 0
4876 0 0.0022858920170396313 -169.3915746231188 -50.679044958375968 0
4877 0 0.0022878600464056017 -163.07752972774082 -51.099180880603271 0
4878 0 0.0022933603555979781 -166.40657113314359 -49.662844566240643 0
4879 0 0.0022877643327325996 -166.69851115976564 -47.125413615072532 0
4880 0 0.0023059329975707319 -146.03376513645352 -58.047730692133882 0
4881 0 0.0023072333895373053 -138.86301852260061 -57.060762777684424 0
4882 0 0.0023131745771251379 -143.24418109605702 -56.408189845145642 0
4883 0 0.002307626536750363 -144.78264967171046 -53.999638493710407 0
4884 0 0.0023108702719995241 -132.11897918137274 -55.676462707466008 0
4885 0 0.0023119757086378333 -125.9112970191464 -53.950987910005736 0
4886 0 0.0023180283341848228 -130.08796625775898 -53.756877803119345 0
4887 0 0.0023124686005952188 -132.19554952330057 -51.534859187293335 0
4888 0 0.0023361434168684991 -142.29289376944328 -52.323439897874913 0
4889 0 0.0023365414558869989 -136.44348052116243 -55.265514374314023 0
4890 0 0.0023422595744532625 -138.30709866375889 -52.9396394367242 0
4891 0 0.0023349266282193066 -136.11963683565958 -51.128097153535137 0
4892 0 0.0023124536728356677 -143.7389575828031 -49.930775044954551 0
4893 0 0.0023136588545035934 -137.82891070703204 -48.817207793367707 0
4894 0 0.0023196166567022013 -141.48396432450335 -48.233810248051519 0
4895 0 0.0023139540580710246 -142.85390266333476 -45.865906287348551 0
4896 0 0.0024077644412134822 -163.91366415010128 -45.995073304510242 0
4897 0 0.0024078760790546263 -160.1565375739776 -49.878030638447981 0
4898 0 0.0024140775661515546 -160.70257526747304 -47.314948825018483 0
4899 0 0.0024062147544892691 -157.99888731006706 -45.9926815230492 0
4900 0 0.0024078760790546233 -155.73376101726021 -53.622703463361148 0
4901 0 0.0024077644412134813 -150.47757162695942 -57.160097207861128 0
4902 0 0.0024140775661515516 -151.70194633835968 -54.684566762494072 0
4903 0 0.0024062147544892712 -148.82312743660947 -53.161702398070133 0
4904 0 0.0024329551256433045 -154.63376212084702 -47.14314713089162 0
4905 0 0.0024312766549424336 -156.57030658464265 -51.09020468476826 0
4906 0 0.0024393345965926876 -153.7580226167033 -49.672166104939727 0
4907 0 0.0024329551256433023 -150.02817433278847 -50.687328862096045 0
4908 0 0.0024011984790263791 -152.09866952800814 -45.689683316841212 0
4909 0 0.0024011984790263748 -147.45504122481944 -49.131272494400939 0
4910 0 0.0024073826906760203 -148.63687043650339 -46.667103719840618 0
4911 0 0.0023994306655560618 -146.30811002335489 -45.097727820860676 0
4912 0 0.0023059329975707336 -164.29378006001926 -43.469107446983571 0
4913 0 0.0023076265367503656 -158.63152882813509 -43.492213007514422 0
4914 0 0.0023131745771251418 -161.71778944435135 -42.284300835966995 0
4915 0 0.0023072333895373062 -162.19813159662502 -39.821092699231549 0
4916 0 0.0023124536728356742 -152.97649341950776 -43.227501004756782 0
4917 0 0.0023139540580710276 -147.41179576697249 -42.684842984960909 0
4918 0 0.002319616656702207 -150.62989747572735 -41.789279621724823 0
4919 0 0.0023136588545035939 -151.47729615087354 -39.384116802885046 0
4920 0 0.0023365414558869941 -159.78353938014953 -38.581661619079725 0
4921 0 0.0023361434168685026 -156.1516901102504 -42.17673043611876 0
4922 0 0.0023422595744532577 -156.82033543054106 -39.732310865448419 0
4923 0 0.0023349266282193014 -154.49844912740784 -38.375411813813066 0
4924 0 0.0023108702719995206 -160.3010541152095 -36.130920990511179 0
4925 0 0.0023124686005952175 -155.18302288269754 -35.950990650083789 0
4926 0 0.0023180283341848189 -158.02592877191549 -34.854485467085176 0
4927 0 0.0023119757086378324 -158.57479425521336 -32.426226919639063 0
4928 0 0.0023119757086378328 -119.89964279082888 -51.790321037609871 0
4929 0 0.0023108702719995206 -114.7839796050817 -49.499845268966297 0
4930 0 0.0023180283341848193 -118.24884952962378 -49.551709084700725 0
4931 0 0.0023124686005952175 -120.05954753855137 -47.287185531315131 0
4932 0 0.0023072333895373062 -110.13645176334657 -46.993241635941622 0
4933 0 0.0023059329975707336 -105.93784321858462 -44.318616666613707 0
4934 0 0.0023131745771251418 -109.03131352748125 -44.625650814467988 0
4935 0 0.0023076265367503656 -111.01000870766764 -42.500503362376875 0
4936 0 0.0023349266282193019 -118.53203140496082 -45.038484855459458 0
4937 0 0.0023365414558869954 -113.42079385596945 -47.185786826252553 0
4938 0 0.0023422595744532577 -115.34077087564795 -44.987994181901101 0
4939 0 0.0023361434168685026 -114.04944789579977 -42.672236845795602 0
4940 0 0.002313658854503593 -120.18464420450923 -42.773346195808188 0
4941 0 0.002312453672835676 -115.79795516703275 -40.472815968318343 0
4942 0 0.0023196166567022104 -118.75551608391568 -40.524152274237821 0
4943 0 0.0023139540580710298 -120.2841693881612 -38.269646851300664 0
4944 0 0.0022877643327326009 -102.05767105599145 -41.463502635237631 0
4945 0 0.00228589201703963 -98.575207949451567 -38.523344568699834 0
4946 0 0.0022933603555979768 -101.28693808013436 -38.98762110467267 0
4947 0 0.0022878600464056012 -103.21785810991354 -36.925967056659381 0
4948 0 0.0022799530862492846 -95.365166773150122 -35.476892100753112 0
4949 0 0.0022778967233352933 -92.408555086178652 -32.355896236796781 0
4950 0 0.0022854343035543408 -94.855317410755219 -32.949120387496151 0
4951 0 0.0022799530862492819 -96.781500454946325 -30.974924292679948 0
4952 0 0.0023081035386376776 -102.45184792888655 -34.444491042061941 0
4953 0 0.0023100905228909288 -97.942233192685265 -36.015158167940669 0
4954 0 0.0023157413939484729 -99.881493534005926 -33.996311964819917 0
4955 0 0.0023100905228909258 -99.235558309148431 -31.485720551497181 0
4956 0 0.002287860046405603 -104.2411974868496 -32.367460093996755 0
4957 0 0.0022858920170396291 -101.03936265093571 -29.453942734004137 0
4958 0 0.0022933603555979824 -103.48028085718514 -29.888860523272832 0
4959 4.2736900837511674e-06 0.0022877643327326048 -105.15630585832862 -27.810032851995924 32
4960 0 0.0023994306655560596 -118.93546399329833 -35.967875770457702 0
4961 0 0.00240119847902638 -114.55178020739802 -38.122271089488422 0
4962 0 0.0024073826906760199 -116.15202725996556 -35.871356016590823 0
4963 0 0.0024011984790263748 -114.96117443146484 -33.475388536784507 0
4964 0 0.0024062147544892695 -109.89332865518217 -40.102436525493843 0
4965 0 0.0024077644412134822 -104.98263698052916 -41.875839420433024 0
4966 0 0.0024140775661515555 -106.95075772671582 -39.78263511192808 0
4967 0 0.0024078760790546285 -105.96409195242998 -37.311906434291181 0
4968 0 0.0024329551256433036 -112.2485461950277 -33.286633986261023 0
4969 0 0.0024329551256433053 -111.6776049253438 -37.922316345117729 0
4970 0 0.0024393345965926876 -110.57367560198232 -35.482932473409726 0
4971 0 0.0024312766549424319 -107.7942376506607 -35.19133607949837 0
4972 0 0.0024062147544892717 -111.19705684304218 -30.861623034126222 0
4973 0 0.0024078760790546216 -106.84354472302746 -32.731093448282081 0
4974 0 0.0024140775661515516 -108.56430278281186 -30.596804059692779 0
4975 0 0.0024077644412134796 -107.64330715433067 -28.156637981285211 0
4976 0 0.0023139540580710246 -120.36467338759792 -33.714259693720194 0
4977 0 0.0023124536728356677 -116.45113085913756 -31.268230380081704 0
4978 0 0.0023196166567022018 -119.07962810511403 -31.410987915740446 0
4979 0 0.0023136588545035934 -120.42842357776088 -29.210253879369368 0
4980 0 0.0023076265367503626 -112.73309494031481 -28.698939840633489 0
4981 0.0018714469895758671 0.0023059329975707319 -109.21192998442396 -26.034448338686694 32
4982 0 0.0023131745771251392 -111.67567818844925 -26.313222508190417 0
4983 0 0.0023072333895373066 -113.0851107475163 -24.174608608205073 0
4984 0 0.0023349266282193066 -119.19403269780275 -26.894785825704176 0
4985 0 0.0023361434168684991 -115.28221332362961 -28.917651514327702 0
4986 0 0.0023422595744532625 -116.67114720350044 -26.74468996409993 0
4987 0 0.0023365414558869989 -115.53606368205753 -24.387928481810068 0
4988 0 0.0023124686005952188 -120.47972652460348 -24.695782003166652 0
4989 0 0.0023108702719995241 -116.85932827144558 -22.220307123304885 0
4990 0 0.0023180283341848232 -119.28464801208702 -22.378236782956019 0
4991 0 0.002311975708637832 -120.51955786186181 -20.191604560072143 0
4992 0 0.0027595700111867241 -156.31582072927623 -30.881765306013882 0
4993 0 0.0027604144970993583 -152.89236724436489 -34.345350334109511 0
4994 0 0.0027689713465290193 -153.48057010405751 -31.70485516193396 0
4995 0 0.0027604144970993644 -151.23585355997341 -29.835052789941773 0
4996 0 0.002762460683438708 -149.15730763893168 -37.71031872710121 0
4997 0 0.0027629682586482319 -145.08092418789246 -40.930626231065595 0
4998 0 0.0027717025240805511 -145.98133143145913 -38.361309373676583 0
4999 0 0.0027631371930384859 -143.70655542014723 -36.374345314254427 0
5000 0 0.0027978366730793819 -148.36958263820949 -30.549026361015684 0
5001 0 0.0027978366730793815 -149.89150435087976 -35.096319905197532 0
5002 0 0.0028066817064582952 -147.61878515780774 -33.167013735730485 0
5003 0 0.0027971517526496734 -144.60236102227549 -33.796568516934506 0
5004 0 0.0027624606834387058 -146.2514228694445 -28.602450011111554 0
5005 0 0.0027631371930384864 -142.49114357922727 -31.788319389173971 0
5006 0.00037492389939241611 0.0027717025240805511 -143.38269741869129 -29.214306142548722 0
5007 0 0.0027629682586482341 -141.40360193543094 -27.204126710403472 0
5008 0 0.0027629682586482328 -140.51230124721843 -44.035684862020247 0
5009 0 0.0027624606834387075 -135.53485260512295 -46.887337768882496 0
5010 0 0.0027717025240805528 -136.84654934986165 -44.470513025970284 0
5011 0 0.0027631371930384851 -134.49356786991288 -42.397520451491729 0
5012 0 0.0027604144970993644 -129.99802818332802 -49.50154220159687 0
5013 0 0.0027595700111867267 -123.888007059636 -51.807957500391815 0
5014 0 0.0027689713465290193 -125.85978562456934 -49.574649221945336 0
5015 0 0.0027604144970993596 -123.69707300518745 -47.303487171928566 0
5016 0 0.0027971517526496712 -130.87231671038987 -42.641233289959885 0
5017 0 0.0027978366730793836 -131.62363582028689 -47.160639470891581 0
5018 0 0.0028066817064582917 -129.33240270470176 -44.984587612433295 0
5019 0 0.0027978366730793823 -125.52143142831211 -45.055751186643555 0
5020 0 0.0027631371930384829 -128.78588658723578 -40.46288108887147 0
5021 0 0.0027624606834387071 -123.5478457296967 -42.783708468356707 0
5022 0 0.0027717025240805476 -125.25445219653314 -40.535269765375652 0
5023 0 0.0027629682586482315 -123.42900728266869 -38.278431725821065 0
5024 0 0.0029090959569396117 -138.46315063474697 -27.693925255345981 0
5025 0 0.0029092932877926476 -139.41780684952636 -32.30186836316895 0
5026 0 0.0029190287816746562 -137.37551077119875 -30.214208566475627 0
5027 0 0.0029092932877926502 -134.25040994641981 -30.589503678146261 0
5028 0 0.0029092932877926511 -140.46755963215384 -36.919119723199323 0
5029 0 0.0029090959569396104 -141.63670753147045 -41.512241630393852 0
5030 0 0.0029190287816746544 -139.30631327776504 -39.482926614977032 0
5031 0 0.0029092932877926498 -135.81817433520959 -39.936688950728723 0
5032 0 0.0029487633704342437 -133.00462989314735 -33.089261532381023 0
5033 0 0.0029487633704342437 -138.29731457806912 -34.850848859243662 0
5034 0 0.0029588323208774685 -135 -35.264389682754654 0
5035 0 0.0029487633704342437 -133.69282026382658 -37.784795815915679 0
5036 0 0.0029092932877926524 -129.77549599543318 -33.357668691754242 0
5037 0 0.0029092932877926529 -130.27025232877605 -38.069266699143441 0
5038 0 0.0029190287816746557 -128.35941867744859 -35.816711807016823 0
5039 0 0.0029090959569396113 -125.0385323487869 -35.954216711736436 0
5040 0 0.0027629682586482319 -136.60258644086343 -25.624060103184735 0
5041 0 0.0027631371930384872 -132.42314093076337 -28.462973866244539 0
5042 0 0.002771702524080552 -133.67903582257631 -26.01982134523298 0
5043 6.2900167946449559e-06 0.0027624606834387023 -132.00399229320857 -23.928116698977011 0
5044 0 0.0027631371930384842 -127.99919405874566 -31.168154351542135 0
5045 0 0.0027629682586482306 -123.33237881517631 -33.698626945073237 0
5046 0 0.0027717025240805537 -124.86547296723849 -31.372291532685413 0
5047 0 0.0027624606834387075 -123.25620490912145 -29.192914480324511 0
5048 0.00036818414448821818 0.0027978366730793802 -129.08750374971518 -24.232122484624082 0
5049 0 0.0027971517526496734 -129.39084072163476 -28.774593111954708 0
5050 0 0.0028066817064582943 -127.73622078442462 -26.634527069450122 0
5051 0 0.0027978366730793854 -124.72851673400437 -26.849155827974425 0
5052 0 0.0027604144970993596 -127.51119882152275 -22.09970387347666 0
5053 1.285918819513309e-06 0.0027604144970993639 -123.19459719504624 -24.6722419874433 0
5054 0 0.0027689713465290193 -124.61996190523404 -22.325528874874266 0
5055 0 0.0027595700111867254 -123.1469647868919 -20.16628853910084 0
5056 0 0.0023119757086378337 -156.88199846583316 -28.465069571336862 0
5057 0 0.0023124686005952188 -151.91570689846472 -27.441411147492165 0
5058 0 0.0023180283341848228 -154.73014393763927 -26.892073096697079 0
5059 0 0.0023108702719995241 -155.39669607521168 -24.724103525060332 0
5060 0 0.0023136588545035947 -147.03945647864879 -26.235216919259514 0
5061 0 0.0023139540580710246 -142.2829846539602 -24.865182845661039 0
5062 0 0.0023196166567022013 -145.05621870483944 -24.506607465979034 0
5063 0.00015101169249313098 0.0023124536728356669 -145.85277768965975 -22.379128329075204 0
5064 0 0.0023365414558869993 -153.3228419703153 -23.117262347616549 0
5065 0 0.0023349266282193066 -149.84256390199948 -25.785996432848808 0
5066 0.0005863697845073162 0.0023422595744532625 -150.58010225222088 -23.631285706132438 0
5067 0 0.0023361434168684991 -148.57709008219655 -21.951852554108456 0
5068 0 0.0023072333895373057 -153.98950426727495 -20.959732114428451 0
5069 0 0.0023076265367503604 -149.30783761838745 -19.813937769115118 0
5070 0 0.0023131745771251384 -151.98048853856722 -19.334434912076496 0
5071 0.0028749260424859591 0.0023059329975707332 -152.6481156667333 -17.197917552069782 0
5072 0 0.0023139540580710298 -137.58636758324283 -23.323342757230858 0
5073 0 0.0023136588545035939 -133.05614950828095 -21.65825260815356 0
5074 0.00035227346277540026 0.0023196166567022065 -135.72366494323825 -21.44938634087822 0
5075 0.00029934642243483053 0.0023124536728356742 -136.53768935453985 -19.333244341705278 0
5076 0 0.0023124686005952175 -128.62568599047347 -19.863005593647415 0
5077 0 0.0023119757086378324 -124.31041251807409 -17.958727689735323 0
5078 0 0.0023180283341848193 -126.90603695277767 -17.88214822983101 0
5079 0 0.0023108702719995206 -127.79070084058733 -15.798100207654363 0
5080 0 0.0023361434168684999 -134.72890868741467 -17.43537440690724 0
5081 0 0.0023349266282193014 -131.26276857665692 -19.726009750516493 0
5082 0 0.0023422595744532586 -132.1185329418399 -17.620197311379982 0
5083 0 0.002336541455886995 -130.36917621878783 -15.672437465406158 0
5084 0 0.0023076265367503656 -135.53180496752961 -15.327422679031695 0
5085 0 0.0023072333895373083 -131.20936463632708 -13.580568218518627 0
5086 0 0.0023131745771251418 -133.76444245507105 -13.419465748110806 0
5087 0 0.0023059329975707336 -134.5585206537252 -11.330193475611789 0
5088 0.00053976086876498749 0.0024077644412134813 -150.67970028468847 -15.499075324053988 0
5089 0.0097307803395758775 0.0024062147544892704 -147.34244430307228 -18.08216635387469 0
5090 0.0032809276238402528 0.0024140775661515529 -148.04489960696296 -15.904956028517379 0
5091 0.00071255010852345948 0.0024078760790546246 -146.11604617171682 -14.108008136731321 0
5092 0 0.0024011984790263735 -143.89305599109412 -20.609888046726436 0
5093 3.2704354997568739e-05 0.0023994306655560631 -140.33450697167066 -23.0529322207802 0
5094 0.0003796296046049041 0.002407382690676019 -141.14551628848466 -20.925798740304831 0
5095 0.00033444945165502323 0.0024011984790263774 -139.2146457537138 -19.079753634179166 0
5096 0.00024734438798243116 0.0024312766549424332 -143.47533488579569 -14.462467168562634 0
5097 7.0507219798284629e-05 0.0024329551256433036 -144.64983655906676 -18.451763122639051 0
5098 0.00084200821233854366 0.0024393345965926872 -142.71416167637796 -16.627623658941562 0
5099 0.0023680563806657627 0.0024329551256433053 -140.02358099836042 -16.940969320010527 0
5100 3.2592243815709161e-05 0.0024078760790546272 -141.59630671380648 -12.635525432716809 0
5101 0 0.0024062147544892708 -138.15260043863501 -15.086115215682621 0
5102 0 0.0024140775661515555 -138.96133071548863 -12.946985152134349 0
5103 0.00087695314727054665 0.0024077644412134813 -137.13753847960041 -11.098537009818411 0
5104 1.0821874138307394e-06 0.0022877643327326048 -151.34461324913374 -13.370978836788092 0
5105 0 0.0022878600464056064 -146.81857712160351 -11.992473651545055 0
5106 0.00022917989530948414 0.0022933603555979828 -149.41478371550008 -11.660109566124257 0
5107 0 0.0022858920170396304 -150.08565900058906 -9.5980014635153488 0
5108 0 0.0022878600464056017 -142.33251404185509 -10.532259430179529 0
5109 0.0044661243544045831 0.0022877643327325991 -137.90143012668617 -9.0062439386820365 0
5110 0.0062135219502949066 0.0022933603555979768 -140.46407596222261 -8.7504775849108309 0
5111 0 0.0022858920170396296 -141.16240285793111 -6.6990869606071195 0
5112 0 0.0023100905228909253 -148.18032881753925 -7.8664395220647423 0
5113 0 0.002308103538637678 -144.91667425893024 -10.242546904076269 0
5114 0 0.0023157413939484716 -145.60560524502648 -8.179689424649716 0
5115 0 0.0023100905228909288 -143.72180347358534 -6.4170197192325737 0
5116 0 0.0022799530862492815 -148.84727540145101 -5.8107984071004157 0
5117 0 0.0022799530862492859 -144.40412659268895 -4.3669663120794153 0
5118 0 0.0022854343035543403 -146.95680400009374 -4.0729131671831116 0
5119 0 0.002277896723335292 -147.62120612122251 -2.0344314280704574 0
