OBJECT_NAME,OBJECT_ID,EPOCH,MEAN_MOTION,ECCENTRICITY,INCLINATION,RA_OF_ASC_NODE,ARG_OF_PERICENTER,MEAN_ANOMALY,EPHEMERIS_TYPE,CLASSIFICATION_TYPE,NORAD_CAT_ID,ELEMENT_SET_NO,REV_AT_EPOCH,BSTAR,MEAN_MOTION_DOT,MEAN_MOTION_DDOT
FENGYUN 1C,1999-025A,2026-08-13T03:57:31.337856,14.27142690,.0013985,98.8622,299.4419,97.0603,263.2168,0,U,25730,999,40608,.32322E-3,.744E-5,0
FENGYUN 1C DEB,1999-025X,2026-08-13T01:02:42.071136,12.96873853,.056519,99.2062,249.0154,0.3370,51.0967,0,U,29733,999,92273,-.13027E-3,-.114E-5,0
FENGYUN 1C DEB,1999-025Y,2026-08-13T04:37:19.363872,12.91986647,.060429,99.1675,120.3992,172.9395,349.6693,0,U,29734,999,91691,.19903E-2,.1185E-4,0
FENGYUN 1C DEB,1999-025Z,2026-08-13T02:58:11.435808,12.75880275,.0705718,99.3853,104.6329,355.7353,3.7929,0,U,29735,999,90518,.72764E-3,.406E-5,0
FENGYUN 1C DEB,1999-025AA,2026-08-12T23:49:39.520128,12.57760454,.0724678,99.4354,3.1570,36.7125,72.2911,0,U,29736,999,89602,-.49156E-3,-.255E-5,0
FENGYUN 1C DEB,1999-025AB,2026-08-12T05:46:20.983296,12.66317552,.07022846,99.5765,144.5371,333.9576,184.3345,0,U,29737,999,89937,-.8884632E-3,-.483E-5,0
FENGYUN 1C DEB,1999-025AC,2026-08-12T07:13:45.124608,12.62467059,.08554538,99.4187,352.4669,127.1153,241.1259,0,U,29738,999,89276,.57522957E-3,.41E-5,0
FENGYUN 1C DEB,1999-025AE,2026-08-12T23:28:31.099008,12.08719960,.0974666,99.0658,12.3650,73.3555,297.2123,0,U,29740,999,85873,-.10229E-2,-.418E-5,0
FENGYUN 1C DEB,1999-025AF,2026-08-12T10:54:41.003136,12.01666607,.10241914,99.1868,35.0688,307.1540,67.7095,0,U,29741,999,55098,.14243106E-2,.534E-5,0
FENGYUN 1C DEB,1999-025AN,2026-08-13T02:21:35.002656,11.93236947,.0717833,100.0116,99.6794,293.6038,59.1239,0,U,29748,999,81632,-.51469E-1,-.7968E-4,0
FENGYUN 1C DEB,1999-025AQ,2026-08-13T01:39:05.971968,14.09842438,.0035277,98.7320,252.2127,334.0149,88.5939,0,U,29750,999,490,.9979E-4,.134E-5,0
FENGYUN 1C DEB,1999-025AR,2026-08-13T01:04:31.861344,14.23807077,.008965,98.5196,250.6305,149.9505,266.6328,0,U,29751,999,1534,.6852E-4,.122E-5,0
FENGYUN 1C DEB,1999-025AU,2026-08-12T14:05:19.224384,14.19961424,.00342606,98.8928,333.1589,263.5097,109.3045,0,U,29754,999,786,.39740241E-3,.804E-5,0
FENGYUN 1C DEB,1999-025AY,2026-08-12T08:16:32.219040,14.44507945,.00177425,98.8646,354.5633,309.9405,105.0862,0,U,29758,999,1171,.70023159E-3,.2376E-4,0
FENGYUN 1C DEB,1999-025BA,2026-08-12T22:44:48.534144,14.08448623,.012985,98.7679,225.3192,207.0581,152.3781,0,U,29760,999,515,.85151E-4,.115E-5,0
FENGYUN 1C DEB,1999-025BC,2026-08-12T21:34:23.340000,14.22914968,.0203409,98.6026,206.9401,349.0366,66.8357,0,U,29762,999,1401,.10993E-3,.258E-5,0
FENGYUN 1C DEB,1999-025BD,2026-08-12T22:03:31.922208,14.08058835,.0126376,98.7862,202.6372,214.8622,200.9961,0,U,29763,999,473,-.67654E-5,-.56E-6,0
FENGYUN 1C DEB,1999-025BF,2026-08-13T00:32:09.755232,14.02202134,.0059529,98.8166,240.4270,132.7862,294.1736,0,U,29765,999,151,-.15553E-3,-.284E-5,0
FENGYUN 1C DEB,1999-025BG,2026-08-12T07:44:11.378688,13.97830441,.01459982,98.6978,166.0814,334.9287,177.8765,0,U,29766,999,99192,.37914854E-3,.545E-5,0
FENGYUN 1C DEB,1999-025BH,2026-08-12T14:24:27.584928,14.05327529,.03270746,98.2137,175.6044,87.8646,329.4806,0,U,29767,999,99009,.73422531E-3,.1887E-4,0
FENGYUN 1C DEB,1999-025BK,2026-08-13T03:04:57.818208,14.14606121,.009354,99.0898,291.7532,163.3384,197.0897,0,U,29769,999,117,.55616E-3,.1069E-4,0
FENGYUN 1C DEB,1999-025BL,2026-08-13T05:09:33.856416,14.21520835,.0059556,98.8352,305.8436,293.1201,90.8838,0,U,29770,999,541,.63014E-3,.1359E-4,0
FENGYUN 1C DEB,1999-025BM,2026-08-13T04:02:52.605024,15.09696994,.0020576,99.6141,128.2845,61.3737,298.9552,0,U,29771,999,36750,.26648E-2,.43303E-3,0
FENGYUN 1C DEB,1999-025BN,2026-08-12T12:33:08.571168,14.03951149,.01359887,98.3772,59.9418,323.3649,91.3300,0,U,29772,999,99661,.3560759E-3,.57E-5,0
FENGYUN 1C DEB,1999-025BP,2026-08-12T23:17:36.746880,14.27986871,.0046222,99.0170,30.9275,308.2219,176.7857,0,U,29773,999,1667,.12556E-3,.267E-5,0
FENGYUN 1C DEB,1999-025BQ,2026-08-12T08:32:04.597728,14.22927522,.00506468,99.1002,177.3937,148.5563,3.5549,0,U,29774,999,1526,.61338726E-4,.93E-6,0
FENGYUN 1C DEB,1999-025BS,2026-08-13T00:38:31.288128,14.07898181,.0022692,98.7501,249.5267,306.6708,117.9295,0,U,29776,999,503,.86419E-4,.104E-5,0
FENGYUN 1C DEB,1999-025BT,2026-08-13T04:05:56.765760,13.92184648,.0091877,99.2513,286.8915,271.7672,162.1806,0,U,29777,999,99428,.90336E-4,.74E-6,0
FENGYUN 1C DEB,1999-025BV,2026-08-13T00:29:54.539232,14.13653271,.0062739,98.6726,233.9781,189.6611,170.3360,0,U,29779,999,850,.10145E-3,.153E-5,0
FENGYUN 1C DEB,1999-025BW,2026-08-12T06:19:33.511584,14.22633578,.00390245,99.2798,162.7083,158.7571,201.5235,0,U,29780,999,522,.67818346E-3,.148E-4,0
FENGYUN 1C DEB,1999-025BX,2026-08-12T22:01:17.486400,14.05705541,.0070585,98.8230,217.4823,210.9900,214.0422,0,U,29781,999,57,.37206E-3,.577E-5,0
FENGYUN 1C DEB,1999-025BY,2026-08-13T04:07:45.925248,14.12621185,.0052958,99.0839,287.1524,237.0847,185.1232,0,U,29782,999,106,.55064E-3,.987E-5,0
FENGYUN 1C DEB,1999-025CA,2026-08-13T00:57:49.252896,14.31149875,.0058732,98.9497,155.9828,309.2228,111.0988,0,U,29784,999,1836,.17437E-3,.421E-5,0
FENGYUN 1C DEB,1999-025CC,2026-08-13T00:58:49.857312,14.09223664,.0077211,98.7244,239.7453,335.3154,85.0134,0,U,29786,999,586,.9598E-4,.128E-5,0
FENGYUN 1C DEB,1999-025CE,2026-08-13T04:28:22.526976,14.27561648,.0041604,98.7704,302.4939,198.6785,189.8766,0,U,29788,999,828,.61295E-3,.1477E-4,0
FENGYUN 1C DEB,1999-025CF,2026-08-12T11:22:04.099584,13.54874180,.02967727,99.4643,42.2340,25.8205,28.3017,0,U,29789,999,96274,.57698543E-3,.484E-5,0
FENGYUN 1C DEB,1999-025CG,2026-08-13T00:11:24.116064,14.32662904,.0075914,99.1520,237.4724,190.4026,169.5589,0,U,29790,999,2009,.10982E-3,.259E-5,0
FENGYUN 1C DEB,1999-025CH,2026-08-13T00:57:34.057728,14.61316190,.0039206,99.0306,252.2497,43.4706,10.7578,0,U,29791,999,2396,.44959E-3,.2188E-4,0
FENGYUN 1C DEB,1999-025CJ,2026-08-13T01:45:58.137984,14.16110821,.0049746,98.7379,276.1121,61.0670,299.5480,0,U,29792,999,383,.39104E-3,.739E-5,0
FENGYUN 1C DEB,1999-025CK,2026-08-12T09:37:43.566816,14.01892691,.0140389,98.3719,28.1205,13.9698,15.5673,0,U,29793,999,99548,.44313716E-3,.696E-5,0
FENGYUN 1C DEB,1999-025CL,2026-08-12T08:25:43.255776,14.09594830,.01566893,98.2285,6.8511,63.9154,327.0027,0,U,29794,999,254,.1789995E-3,.314E-5,0
FENGYUN 1C DEB,1999-025CM,2026-08-12T21:33:15.490080,13.93011835,.0111095,98.9017,349.5902,330.2966,152.2369,0,U,29795,999,99450,.19574E-4,-.16E-6,0
FENGYUN 1C DEB,1999-025CN,2026-08-13T02:46:58.046304,14.12901487,.0050613,98.8408,279.0959,299.0397,115.0607,0,U,29796,999,495,.29052E-3,.503E-5,0
FENGYUN 1C DEB,1999-025CQ,2026-08-13T03:31:49.903104,14.00490147,.0103855,99.2942,297.8468,327.6015,61.3104,0,U,29798,999,99331,.45114E-3,.655E-5,0
FENGYUN 1C DEB,1999-025CS,2026-08-12T23:27:36.336096,13.99824818,.0128961,98.2817,228.5314,262.7127,152.6384,0,U,29800,999,98978,.6606E-3,.1002E-4,0
FENGYUN 1C DEB,1999-025CT,2026-08-13T04:47:58.092288,14.36123217,.010233,98.7790,135.9994,268.9795,249.7731,0,U,29801,999,2434,.54834E-4,.12E-5,0
FENGYUN 1C DEB,1999-025CU,2026-08-12T08:05:42.099648,14.69164954,.00312657,98.6309,350.5978,303.2362,111.5553,0,U,29802,999,2026,.70292292E-3,.4112E-4,0
FENGYUN 1C DEB,1999-025CW,2026-08-12T11:53:51.506592,14.04380440,.00976767,98.8038,230.3565,342.4476,169.9004,0,U,29804,999,296,-.1332191E-5,-.45E-6,0
FENGYUN 1C DEB,1999-025CX,2026-08-12T02:52:44.907744,13.72727365,.01875547,99.4221,276.8644,318.8816,39.8324,0,U,29805,999,98028,.77675741E-4,.36E-6,0
FENGYUN 1C DEB,1999-025CY,2026-08-13T00:47:18.087936,14.12429054,.0027076,98.7029,238.8912,281.2610,134.4330,0,U,29806,999,569,.22493E-3,.373E-5,0
FENGYUN 1C DEB,1999-025CZ,2026-08-12T23:17:41.881632,14.08849617,.0079974,98.7578,227.6564,5.2341,354.9647,0,U,29807,999,515,.5183E-4,.49E-6,0
FENGYUN 1C DEB,1999-025DB,2026-08-12T22:33:49.982112,14.47065817,.0115,98.8878,205.1521,341.5329,83.4955,0,U,29809,999,2984,.93407E-4,.314E-5,0
FENGYUN 1C DEB,1999-025DC,2026-08-13T02:50:22.975008,14.29435238,.0066845,99.1762,280.1035,37.1024,17.8179,0,U,29810,999,1851,.90363E-4,.188E-5,0
FENGYUN 1C DEB,1999-025DE,2026-08-12T23:13:57.900864,14.02817461,.014284,98.3598,38.8129,0.6181,151.7047,0,U,29812,999,99581,.30348E-3,.474E-5,0
FENGYUN 1C DEB,1999-025DF,2026-08-13T00:23:38.339808,14.09516302,.0011363,98.7133,242.1987,255.6737,160.6910,0,U,29813,999,687,.32872E-5,-.37E-6,0
FENGYUN 1C DEB,1999-025DH,2026-08-12T23:42:24.973056,14.65555299,.0179737,98.0526,233.5448,87.6242,274.5527,0,U,29815,999,3412,.25222E-3,.1682E-4,0
FENGYUN 1C DEB,1999-025DJ,2026-08-13T04:11:35.967840,14.46424344,.0231534,98.9650,104.4936,170.8864,317.4458,0,U,29816,999,1703,.26912E-3,.1289E-4,0
FENGYUN 1C DEB,1999-025DK,2026-08-12T22:19:15.835296,14.14552024,.0013129,98.5764,209.2985,40.3648,14.4660,0,U,29817,999,831,.13426E-3,.216E-5,0
FENGYUN 1C DEB,1999-025DL,2026-08-13T04:45:36.575136,14.04657657,.0115676,98.6890,97.6429,61.7274,51.3228,0,U,29818,999,222,-.11336E-4,-.6E-6,0
FENGYUN 1C DEB,1999-025DM,2026-08-12T21:54:00.755136,14.02434137,.0191911,98.7557,204.0890,106.5034,309.4603,0,U,29819,999,29,-.74481E-4,-.175E-5,0
FENGYUN 1C DEB,1999-025DN,2026-08-12T23:30:04.417056,14.02949783,.0070713,98.8321,229.7821,279.8064,134.4839,0,U,29820,999,99970,.83183E-4,.88E-6,0
FENGYUN 1C DEB,1999-025DP,2026-08-13T03:23:36.563424,14.12080196,.0372609,98.8436,282.6437,150.1186,239.9799,0,U,29821,999,99945,.26744E-3,.897E-5,0
FENGYUN 1C DEB,1999-025DV,2026-08-12T22:50:10.013856,14.22007819,.0025084,98.6187,215.3772,338.5647,76.4708,0,U,29827,999,1309,.12288E-3,.229E-5,0
FENGYUN 1C DEB,1999-025DW,2026-08-13T01:09:48.907008,14.08740267,.0061475,98.7493,268.5001,188.2515,236.4472,0,U,29828,999,155,.25141E-3,.398E-5,0
FENGYUN 1C DEB,1999-025EA,2026-08-12T22:17:57.372000,14.57001037,.0190896,98.8449,355.8936,261.3477,96.6053,0,U,29832,999,3796,.4427E-4,.187E-5,0
FENGYUN 1C DEB,1999-025EB,2026-08-13T00:19:02.277984,14.96572382,.0081092,99.0785,250.1398,195.0067,164.8743,0,U,29833,999,4204,.30639E-3,.3644E-4,0
FENGYUN 1C DEB,1999-025ED,2026-08-12T09:03:41.398272,14.43557891,.01675021,99.0606,12.7788,37.7532,16.1787,0,U,29835,999,2993,.2348814E-4,.37E-6,0
FENGYUN 1C DEB,1999-025EE,2026-08-12T06:03:45.988704,14.55091356,.01528461,98.1878,320.1996,171.8595,245.2366,0,U,29836,999,67081,.20231263E-3,.969E-5,0
FENGYUN 1C DEB,1999-025EK,2026-08-12T11:03:55.640160,14.47211685,.01981761,98.8463,187.2095,325.3006,163.3898,0,U,29841,999,2830,.13126385E-3,.551E-5,0
FENGYUN 1C DEB,1999-025EL,2026-08-12T23:55:41.607840,14.62775770,.0105409,98.5665,326.2115,132.3978,283.6510,0,U,29842,999,2901,.42888E-3,.2314E-4,0
FENGYUN 1C DEB,1999-025EM,2026-08-12T13:31:40.090944,14.28924852,.01909878,99.0194,76.5955,307.4985,105.8096,0,U,29843,999,1739,.11022859E-3,.284E-5,0
FENGYUN 1C DEB,1999-025EN,2026-08-13T04:38:41.800704,14.32662535,.0166399,98.9231,138.9103,175.6532,184.6143,0,U,29844,999,1827,.14237E-3,.4E-5,0
FENGYUN 1C DEB,1999-025EP,2026-08-12T23:45:47.251008,14.26963257,.0077625,98.5284,224.1246,138.1742,278.7788,0,U,29845,999,1577,.13505E-3,.297E-5,0
FENGYUN 1C DEB,1999-025EQ,2026-08-13T02:05:59.148096,14.19226068,.0083853,98.6242,265.8180,322.9349,90.7551,0,U,29846,999,1309,.60491E-4,.88E-6,0
FENGYUN 1C DEB,1999-025ER,2026-08-12T23:19:21.258048,14.03159415,.0086055,98.9152,220.8083,80.9946,334.2589,0,U,29847,999,147,-.6921E-4,-.154E-5,0
FENGYUN 1C DEB,1999-025ES,2026-08-13T03:56:04.217280,14.21718213,.0114498,98.2302,80.6304,303.3495,176.0463,0,U,29848,999,559,.47262E-3,.1069E-4,0
FENGYUN 1C DEB,1999-025ET,2026-08-13T05:15:20.836224,14.05676678,.0081929,99.0034,312.9208,86.1984,302.2775,0,U,29849,999,99790,.32757E-3,.506E-5,0
FENGYUN 1C DEB,1999-025EU,2026-08-13T04:53:24.400032,14.00658874,.0106177,98.1174,129.8314,317.4745,197.4589,0,U,29850,999,99427,.5067E-3,.754E-5,0
FENGYUN 1C DEB,1999-025EV,2026-08-13T03:15:30.923712,13.83765620,.0140974,99.5531,275.2936,305.1236,77.2079,0,U,29851,999,98733,.13029E-3,.108E-5,0
FENGYUN 1C DEB,1999-025EW,2026-08-13T01:15:27.785088,14.08494893,.0132636,99.3634,248.9302,195.5652,237.9328,0,U,29852,999,99408,.64275E-3,.1148E-4,0
FENGYUN 1C DEB,1999-025EX,2026-08-12T05:44:04.799616,13.94493249,.01567774,98.4714,330.7447,267.7978,90.5226,0,U,29853,999,99048,.56962316E-3,.801E-5,0
FENGYUN 1C DEB,1999-025EY,2026-08-13T00:15:03.738816,13.83534577,.014737,98.9590,19.2906,115.4708,12.1591,0,U,29854,999,98707,.14471E-3,.133E-5,0
FENGYUN 1C DEB,1999-025EZ,2026-08-11T17:25:09.855264,14.03120071,.01808826,98.1823,146.1080,77.4522,314.1684,0,U,29855,999,99104,.10744897E-2,.1896E-4,0
FENGYUN 1C DEB,1999-025FA,2026-08-12T01:41:37.616064,14.55552465,.02367513,98.6898,331.7445,280.3382,257.5395,0,U,29856,999,99892,.69690747E-3,.4373E-4,0
FENGYUN 1C DEB,1999-025FB,2026-08-12T22:09:07.208640,13.82664919,.0192582,98.4288,211.7617,351.2798,8.5030,0,U,29857,999,98135,.56176E-3,.665E-5,0
FENGYUN 1C DEB,1999-025FC,2026-08-13T04:21:00.157248,13.78450090,.0198505,99.2162,324.8283,139.4528,291.3734,0,U,29858,999,97907,.47843E-3,.519E-5,0
FENGYUN 1C DEB,1999-025FD,2026-08-13T00:19:23.625696,13.75043555,.0291288,98.3466,34.4582,275.0058,81.7907,0,U,29859,999,97322,.88112E-3,.1107E-4,0
FENGYUN 1C DEB,1999-025FE,2026-08-13T00:26:10.769280,13.78706283,.0221278,98.5998,241.5702,48.2324,5.9339,0,U,29860,999,97490,.95971E-3,.1133E-4,0
FENGYUN 1C DEB,1999-025FK,2026-08-12T08:01:33.653856,14.85739149,.01110391,98.9258,168.7828,91.3538,58.5599,0,U,29865,999,4357,.24200663E-3,.2274E-4,0
FENGYUN 1C DEB,1999-025FL,2026-08-12T22:34:06.260736,14.65306638,.0192411,98.0578,210.6043,166.7595,249.6819,0,U,29866,999,3887,.67905E-4,.422E-5,0
FENGYUN 1C DEB,1999-025FN,2026-08-13T02:07:23.281824,14.81567363,.0186119,97.9186,273.0911,294.0370,127.0064,0,U,29868,999,3895,.15177E-3,.1539E-4,0
FENGYUN 1C DEB,1999-025FP,2026-08-12T13:52:09.507648,14.37360398,.00871607,98.8890,167.7173,15.3350,160.4231,0,U,29869,999,2303,.12155455E-3,.331E-5,0
FENGYUN 1C DEB,1999-025FQ,2026-08-12T11:21:39.379680,14.29066497,.01195847,98.4899,193.7622,197.7251,279.5194,0,U,29870,999,2058,.17802308E-4,.5E-7,0
FENGYUN 1C DEB,1999-025FR,2026-08-12T10:06:14.533920,14.44017370,.0057952,98.9948,195.8489,106.9122,53.2369,0,U,29871,999,2202,.30517828E-3,.1015E-4,0
FENGYUN 1C DEB,1999-025FS,2026-08-13T00:33:18.922752,14.39959796,.0231922,98.3353,239.7281,301.5619,56.3111,0,U,29872,999,2091,.14564E-3,.573E-5,0
FENGYUN 1C DEB,1999-025FT,2026-08-13T04:24:48.546144,13.98385372,.0091262,99.4166,96.9931,257.4154,220.1170,0,U,29873,999,99717,.24287E-3,.312E-5,0
FENGYUN 1C DEB,1999-025FU,2026-08-13T04:41:40.977888,14.31654901,.0101177,98.3682,118.1551,350.9970,160.6949,0,U,29874,999,323,.77039E-3,.2129E-4,0
FENGYUN 1C DEB,1999-025FV,2026-08-13T02:40:13.023840,14.24927793,.0083317,98.3712,270.7479,69.8518,345.9357,0,U,29875,999,1781,.20127E-4,.8E-7,0
FENGYUN 1C DEB,1999-025FW,2026-08-13T01:29:58.983072,14.20440508,.0061685,98.3011,266.1768,28.0844,30.6901,0,U,29876,999,1370,.56384E-4,.83E-6,0
FENGYUN 1C DEB,1999-025FX,2026-08-12T23:44:50.701344,14.25286057,.0045016,98.5389,228.7594,228.0830,187.0890,0,U,29877,999,1433,.17951E-3,.384E-5,0
FENGYUN 1C DEB,1999-025GA,2026-08-13T05:02:46.230720,13.94733796,.0229737,98.1843,121.6468,138.6185,12.2518,0,U,29880,999,98955,.25593E-3,.392E-5,0
FENGYUN 1C DEB,1999-025GB,2026-08-12T08:13:27.513120,13.60425339,.0287614,98.7297,175.6933,158.7922,355.0366,0,U,29881,999,96532,.12868306E-2,.1235E-4,0
FENGYUN 1C DEB,1999-025GE,2026-08-13T02:50:12.122304,14.41217952,.0044448,99.5806,292.8359,150.4133,271.8411,0,U,29884,999,2054,.2606E-3,.797E-5,0
FENGYUN 1C DEB,1999-025GF,2026-08-12T14:19:12.353664,14.13720860,.0117724,98.3655,149.0563,184.8564,300.9554,0,U,29885,999,889,.46273581E-4,.54E-6,0
FENGYUN 1C DEB,1999-025GH,2026-08-13T04:56:55.883040,14.35139621,.0282345,98.7063,314.1172,359.8344,28.6222,0,U,29887,999,1464,.13758E-3,.558E-5,0
FENGYUN 1C DEB,1999-025GJ,2026-08-13T00:31:35.327424,14.20529885,.0273599,99.1794,72.4312,53.2443,309.3518,0,U,29888,999,955,.13406E-3,.367E-5,0
FENGYUN 1C DEB,1999-025GK,2026-08-12T22:50:56.362272,14.13853352,.0154265,99.5067,2.2044,81.7018,45.8161,0,U,29889,999,751,.11765E-3,.201E-5,0
FENGYUN 1C DEB,1999-025GL,2026-08-12T22:13:54.465312,14.24253164,.0015853,99.4902,10.1486,115.8221,244.4592,0,U,29890,999,902,.26697E-3,.566E-5,0
FENGYUN 1C DEB,1999-025GM,2026-08-12T23:30:03.160800,14.00232307,.0056625,98.7354,221.1868,309.5535,105.4985,0,U,29891,999,99892,.58169E-4,.45E-6,0
FENGYUN 1C DEB,1999-025GN,2026-08-13T01:45:45.864000,14.36678989,.0175861,99.1977,33.2072,310.5085,171.9359,0,U,29892,999,139,.3873E-3,.1304E-4,0
FENGYUN 1C DEB,1999-025GP,2026-08-13T00:55:34.253760,13.79559498,.0172379,98.5431,302.6431,214.7139,269.5011,0,U,29893,999,98494,.12239E-3,.102E-5,0
FENGYUN 1C DEB,1999-025GQ,2026-08-13T03:50:37.150944,13.81252781,.0169681,99.4602,285.2343,122.4664,263.6653,0,U,29894,999,98437,.18901E-3,.18E-5,0
FENGYUN 1C DEB,1999-025GR,2026-08-12T08:18:15.397920,14.11320595,.02949482,99.9033,2.0745,41.1460,12.3684,0,U,29895,999,98943,.35447129E-3,.907E-5,0
FENGYUN 1C DEB,1999-025GS,2026-08-12T23:25:50.617056,13.65602818,.0237872,99.3983,114.7546,195.3975,179.0744,0,U,29896,999,97362,.21557E-3,.171E-5,0
FENGYUN 1C DEB,1999-025GT,2026-08-13T02:19:34.769280,13.58051778,.029483,98.6119,64.9703,224.7333,265.7083,0,U,29897,999,96242,.10378E-2,.958E-5,0
FENGYUN 1C DEB,1999-025GU,2026-08-12T09:39:02.985696,13.72362754,.04181285,98.2344,188.0647,253.8897,262.3913,0,U,29898,999,96487,.58170905E-3,.956E-5,0
FENGYUN 1C DEB,1999-025GV,2026-08-11T20:21:45.134784,13.37571833,.03529033,98.6978,349.3462,190.1683,169.2175,0,U,29899,999,95321,.15438668E-3,.81E-6,0
FENGYUN 1C DEB,1999-025GX,2026-08-12T23:19:09.962112,13.33394909,.0379084,98.7780,6.0902,39.6713,82.1020,0,U,29901,999,95160,.5965E-4,.1E-6,0
FENGYUN 1C DEB,1999-025HA,2026-08-13T01:00:01.456128,14.45222112,.0205425,99.0120,283.1645,314.8984,43.5687,0,U,29904,999,2571,.81568E-4,.307E-5,0
FENGYUN 1C DEB,1999-025HC,2026-08-12T20:57:25.489152,14.53504982,.0035645,98.7134,341.9942,131.2311,229.1965,0,U,29906,999,1683,.69E-3,.2853E-4,0
FENGYUN 1C DEB,1999-025HD,2026-08-13T04:41:36.410784,14.12766009,.008039,99.0972,300.6223,285.3875,99.3292,0,U,29907,999,36,.64515E-3,.1188E-4,0
FENGYUN 1C DEB,1999-025HF,2026-08-12T07:21:26.021088,14.59544642,.00347291,98.6419,342.1716,352.3531,61.9735,0,U,29909,999,1940,.58318768E-3,.2742E-4,0
FENGYUN 1C DEB,1999-025HH,2026-08-13T02:54:15.293376,14.19511872,.0026686,98.6924,268.8907,168.7683,214.5575,0,U,29911,999,882,.3006E-3,.592E-5,0
FENGYUN 1C DEB,1999-025HJ,2026-08-12T06:17:26.952000,14.45744459,.00399487,98.7413,333.4255,212.2305,213.8725,0,U,29912,999,1539,.52177067E-3,.1819E-4,0
FENGYUN 1C DEB,1999-025HK,2026-08-12T22:23:35.292768,14.07624249,.0061742,98.7967,222.3228,307.4339,114.0548,0,U,29913,999,376,.20045E-3,.301E-5,0
FENGYUN 1C DEB,1999-025HL,2026-08-13T00:19:05.689056,14.03230125,.0036068,98.8214,251.4308,155.2305,263.2957,0,U,29914,999,197,.2969E-3,.423E-5,0
FENGYUN 1C DEB,1999-025HN,2026-08-13T00:03:19.232352,13.57263353,.0271213,99.1846,233.5160,356.5976,58.0487,0,U,29916,999,96752,.30916E-3,.239E-5,0
FENGYUN 1C DEB,1999-025HP,2026-08-12T13:04:59.348640,13.70974742,.02218475,98.8560,72.6861,202.7019,215.2325,0,U,29917,999,97457,.59352903E-3,.591E-5,0
FENGYUN 1C DEB,1999-025HQ,2026-08-13T03:33:15.597216,14.35372924,.0011611,98.8469,318.3955,325.8997,107.0697,0,U,29918,999,1284,.57397E-3,.1602E-4,0
FENGYUN 1C DEB,1999-025HR,2026-08-12T23:04:05.373984,13.85236284,.0138192,98.5163,1.7214,38.3133,80.1656,0,U,29919,999,98902,.52087E-4,.26E-6,0
FENGYUN 1C DEB,1999-025HS,2026-08-11T11:29:06.783936,14.04367265,.01237082,98.3757,64.4702,316.2984,42.8442,0,U,29920,999,99680,.46947094E-3,.76E-5,0
FENGYUN 1C DEB,1999-025HT,2026-08-12T23:17:52.539072,14.06917717,.0046735,98.7876,229.1880,104.6612,318.1779,0,U,29921,999,296,.21176E-3,.314E-5,0
FENGYUN 1C DEB,1999-025HU,2026-08-13T03:04:24.574080,13.98710116,.0093642,99.1046,286.2074,58.3226,302.7028,0,U,29922,999,99843,-.58326E-4,-.131E-5,0
FENGYUN 1C DEB,1999-025HV,2026-08-12T23:39:17.007264,14.14314831,.0016864,98.6865,231.5444,193.2907,222.3899,0,U,29923,999,711,.19732E-3,.335E-5,0
FENGYUN 1C DEB,1999-025HW,2026-08-12T21:45:21.156768,14.08953091,.0025802,98.7279,235.2749,291.6725,185.5188,0,U,29924,999,633,.94477E-4,.121E-5,0
FENGYUN 1C DEB,1999-025HY,2026-08-12T12:13:06.730752,14.33911990,.02463707,98.3035,208.7061,295.6412,188.6203,0,U,29926,999,2058,.87536869E-4,.289E-5,0
FENGYUN 1C DEB,1999-025HZ,2026-08-13T03:32:57.784128,14.83439264,.0017207,99.0677,285.2048,165.8498,221.0691,0,U,29927,999,2245,.78948E-3,.6438E-4,0
FENGYUN 1C DEB,1999-025JA,2026-08-13T02:08:25.754208,13.88426853,.0142569,99.5631,260.6590,174.7454,211.3020,0,U,29928,999,98868,.30706E-3,.353E-5,0
FENGYUN 1C DEB,1999-025JB,2026-08-12T04:58:17.292576,14.02381615,.0129142,98.6240,135.5037,217.7472,300.0793,0,U,29929,999,99353,.64361966E-3,.1022E-4,0
FENGYUN 1C DEB,1999-025JC,2026-08-13T05:00:16.013952,14.21071625,.0164379,99.0148,117.9035,77.3456,72.8765,0,U,29930,999,1347,.94696E-4,.19E-5,0
FENGYUN 1C DEB,1999-025JD,2026-08-13T01:44:28.238784,14.04017622,.0032698,98.8325,258.8774,132.0265,283.3355,0,U,29931,999,226,-.83764E-4,-.176E-5,0
FENGYUN 1C DEB,1999-025JE,2026-08-12T11:25:30.051264,14.17036689,.00387326,98.6302,233.0331,92.3315,64.3249,0,U,29932,999,966,.12791738E-3,.217E-5,0
FENGYUN 1C DEB,1999-025JF,2026-08-13T00:46:48.220320,14.74417246,.0003696,98.7534,350.9483,287.7409,127.7971,0,U,29933,999,2080,.93734E-3,.6167E-4,0
FENGYUN 1C DEB,1999-025JG,2026-08-13T04:10:16.389984,14.65661402,.0097979,98.8761,296.5037,222.1765,137.1869,0,U,29934,999,3333,.27359E-3,.1534E-4,0
FENGYUN 1C DEB,1999-025JH,2026-08-13T02:16:41.671200,14.14336808,.0149585,98.4286,279.0973,236.0403,189.4381,0,U,29935,999,982,.56323E-4,.78E-6,0
FENGYUN 1C DEB,1999-025JJ,2026-08-12T21:47:12.705216,14.35524791,.0113633,98.6785,344.3817,187.4590,172.4910,0,U,29936,999,2420,.67288E-4,.161E-5,0
FENGYUN 1C DEB,1999-025JK,2026-08-13T01:45:03.204000,14.04402493,.003284,98.7870,243.4112,59.4518,10.5250,0,U,29937,999,352,.17704E-3,.241E-5,0
FENGYUN 1C DEB,1999-025JL,2026-08-12T23:15:40.593312,14.07578159,.0033322,98.8201,214.0356,347.2744,72.2255,0,U,29938,999,476,.96082E-4,.12E-5,0
FENGYUN 1C DEB,1999-025JM,2026-08-12T23:02:55.250880,14.12135122,.0066449,98.7184,222.7864,166.6581,248.1428,0,U,29939,999,891,.13287E-4,-.18E-6,0
FENGYUN 1C DEB,1999-025JN,2026-08-12T23:54:14.366304,14.19362137,.0075011,98.6184,233.0820,117.6788,297.9742,0,U,29940,999,915,.22178E-3,.437E-5,0
FENGYUN 1C DEB,1999-025JQ,2026-08-13T04:32:20.195232,14.31168110,.0047667,98.6137,294.0775,280.6764,78.9053,0,U,29942,999,1349,.24723E-3,.616E-5,0
FENGYUN 1C DEB,1999-025JR,2026-08-13T00:42:07.223328,14.09715392,.0034473,98.7263,230.3860,259.1135,165.8585,0,U,29943,999,730,.70645E-4,.82E-6,0
FENGYUN 1C DEB,1999-025JS,2026-08-12T11:13:26.576544,14.92425813,.01544991,99.0268,197.6685,175.7568,184.5000,0,U,29944,999,4069,.20223077E-3,.2525E-4,0
FENGYUN 1C DEB,1999-025JT,2026-08-13T01:12:05.832864,14.05661261,.0031635,98.7738,246.1714,39.3862,15.3476,0,U,29945,999,397,.74179E-5,-.3E-6,0
FENGYUN 1C DEB,1999-025JU,2026-08-12T22:18:05.275008,14.08439989,.0081253,98.7950,215.9422,18.0069,42.5098,0,U,29946,999,458,.11998E-3,.169E-5,0
FENGYUN 1C DEB,1999-025JV,2026-08-13T01:12:04.896288,14.03208152,.0040285,98.8128,253.2291,159.5283,255.2334,0,U,29947,999,161,-.74878E-4,-.16E-5,0
FENGYUN 1C DEB,1999-025JW,2026-08-12T23:14:23.419104,14.06303599,.0083323,98.8453,210.3611,271.5843,151.3181,0,U,29948,999,395,.15625E-3,.222E-5,0
FENGYUN 1C DEB,1999-025JX,2026-08-13T00:22:57.236736,14.06865656,.0023703,98.7528,237.9988,341.8747,73.5077,0,U,29949,999,528,-.70624E-4,-.161E-5,0
FENGYUN 1C DEB,1999-025JY,2026-08-13T01:52:45.342048,14.10432012,.0031923,98.7161,254.0330,273.3791,150.3319,0,U,29950,999,721,.64871E-4,.73E-6,0
FENGYUN 1C DEB,1999-025KB,2026-08-12T22:12:47.590848,13.91043627,.0105246,98.9580,208.0469,324.1840,90.2623,0,U,29953,999,99243,.59229E-4,.35E-6,0
FENGYUN 1C DEB,1999-025KC,2026-08-13T03:57:06.752736,14.35246329,.0072235,100.1306,310.1935,303.4962,55.9329,0,U,29954,999,1675,.33376E-3,.925E-5,0
FENGYUN 1C DEB,1999-025KD,2026-08-12T06:07:36.687072,14.40194854,.00061046,99.2703,329.4300,258.6470,155.7854,0,U,29955,999,1547,.50232949E-3,.1538E-4,0
FENGYUN 1C DEB,1999-025KE,2026-08-13T01:06:38.872800,14.06222964,.0054353,98.7683,251.5332,53.4802,0.7277,0,U,29956,999,465,-.72451E-4,-.163E-5,0
FENGYUN 1C DEB,1999-025KF,2026-08-12T23:46:56.040096,14.58934253,.0034562,98.9204,13.4143,157.5021,324.3411,0,U,29957,999,1001,.13667E-2,.6411E-4,0
FENGYUN 1C DEB,1999-025KG,2026-08-13T00:22:11.712576,14.14678896,.0054583,98.6604,237.2066,358.1346,1.9616,0,U,29958,999,884,.12918E-3,.209E-5,0
FENGYUN 1C DEB,1999-025KH,2026-08-13T00:10:19.057728,14.06145609,.0042115,98.7840,253.6750,5.6673,54.4298,0,U,29959,999,359,.96198E-4,.117E-5,0
FENGYUN 1C DEB,1999-025KJ,2026-08-13T05:23:02.373792,14.16791730,.009042,98.6357,208.4163,307.2837,65.0541,0,U,29960,999,897,.15772E-3,.285E-5,0
FENGYUN 1C DEB,1999-025KK,2026-08-12T22:27:43.037856,14.26402520,.0074059,98.9214,122.2646,321.9779,37.6186,0,U,29961,999,1776,.63847E-4,.111E-5,0
FENGYUN 1C DEB,1999-025KL,2026-08-13T00:15:59.044320,14.07305119,.0108948,98.7675,230.9837,256.2539,167.1244,0,U,29962,999,419,.71411E-4,.83E-6,0
FENGYUN 1C DEB,1999-025KM,2026-08-13T04:59:08.627136,14.30136763,.0050591,98.9750,121.9661,315.8931,196.3618,0,U,29963,999,1619,.23242E-3,.562E-5,0
FENGYUN 1C DEB,1999-025KN,2026-08-12T23:42:59.304960,14.03381042,.012946,98.3662,53.1055,301.2900,57.5644,0,U,29964,999,99728,.28913E-3,.446E-5,0
FENGYUN 1C DEB,1999-025KP,2026-08-13T05:26:23.448192,13.95897486,.0145965,98.9765,218.5722,118.6775,255.7228,0,U,29965,999,99673,-.43744E-4,-.107E-5,0
FENGYUN 1C DEB,1999-025KQ,2026-08-13T03:54:55.004832,14.26135222,.0039916,99.4659,96.9172,14.4299,345.8009,0,U,29966,999,1512,.14875E-3,.308E-5,0
FENGYUN 1C DEB,1999-025KR,2026-08-13T04:32:01.277088,14.25073327,.0072553,98.8559,308.8222,310.3366,78.0593,0,U,29967,999,656,.53303E-3,.1238E-4,0
FENGYUN 1C DEB,1999-025KS,2026-08-12T23:12:30.616128,14.07403221,.0090646,98.8225,213.7916,30.5815,30.4443,0,U,29968,999,467,.94374E-4,.122E-5,0
FENGYUN 1C DEB,1999-025KT,2026-08-13T04:23:30.137280,14.35290304,.004281,98.7658,317.9474,54.3504,7.9689,0,U,29969,999,1133,.52316E-3,.1469E-4,0
FENGYUN 1C DEB,1999-025KU,2026-08-12T14:05:48.463008,14.44764305,.00896537,98.8224,166.8436,181.6140,352.4793,0,U,29970,999,2626,.13721977E-3,.45E-5,0
FENGYUN 1C DEB,1999-025KV,2026-08-13T02:37:55.085376,14.18896329,.0022444,98.6566,264.3588,184.8383,236.6482,0,U,29971,999,788,.32234E-3,.63E-5,0
FENGYUN 1C DEB,1999-025KW,2026-08-13T01:52:15.655008,14.69137025,.0060392,98.9057,263.6550,339.6070,74.1741,0,U,29972,999,3054,.29639E-3,.173E-4,0
FENGYUN 1C DEB,1999-025KX,2026-08-12T22:42:04.857120,14.07036874,.005814,98.8487,225.1263,185.4265,235.1968,0,U,29973,999,137,.37426E-3,.592E-5,0
FENGYUN 1C DEB,1999-025KY,2026-08-13T04:40:23.542752,14.15828606,.0047994,98.8860,313.5572,110.4419,280.1397,0,U,29974,999,369,.66709E-3,.1282E-4,0
FENGYUN 1C DEB,1999-025KZ,2026-08-13T03:02:20.336064,13.98123632,.0114403,99.3076,275.0022,70.0345,316.1701,0,U,29975,999,99838,.45861E-5,-.38E-6,0
FENGYUN 1C DEB,1999-025LA,2026-08-12T22:13:39.900000,13.98357077,.0266327,98.9296,220.9471,287.2844,128.5230,0,U,29976,999,99735,.20681E-3,.354E-5,0
FENGYUN 1C DEB,1999-025LB,2026-08-13T01:19:49.876032,14.05864771,.01265,98.3786,74.1592,286.1205,227.9868,0,U,29977,999,99778,.49702E-3,.833E-5,0
FENGYUN 1C DEB,1999-025LC,2026-08-13T02:36:43.407072,13.95981540,.0077046,99.0283,276.1244,104.6278,310.9941,0,U,29978,999,99712,-.52899E-4,-.117E-5,0
FENGYUN 1C DEB,1999-025LD,2026-08-13T01:35:49.950240,14.26447826,.0106993,98.3547,242.3413,167.0653,258.1977,0,U,29979,999,1542,.16831E-3,.39E-5,0
FENGYUN 1C DEB,1999-025LE,2026-08-13T00:49:00.681024,14.06454616,.0086384,98.5799,26.2283,279.7856,194.1151,0,U,29980,999,409,.14721E-3,.21E-5,0
FENGYUN 1C DEB,1999-025LG,2026-08-13T01:46:26.770080,14.68465344,.0118047,99.3890,87.1553,266.4438,220.1366,0,U,29982,999,3853,.13868E-3,.819E-5,0
FENGYUN 1C DEB,1999-025LK,2026-08-12T23:49:14.745792,14.10367792,.00276,98.7018,237.3429,239.9059,183.3980,0,U,29985,999,777,.34029E-4,.18E-6,0
FENGYUN 1C DEB,1999-025LL,2026-08-13T04:33:25.200000,14.30892682,.0022235,99.3881,316.9176,21.2418,8.4939,0,U,29986,999,961,.5116E-3,.1296E-4,0
FENGYUN 1C DEB,1999-025LM,2026-08-13T04:26:37.479264,14.16369135,.007699,98.8874,121.6330,261.1074,253.4210,0,U,29987,999,99817,.77791E-3,.1545E-4,0
FENGYUN 1C DEB,1999-025LN,2026-08-12T21:41:43.053792,14.54207487,.0112297,98.7055,342.6911,359.4068,113.6188,0,U,29988,999,1594,.38158E-3,.1701E-4,0
FENGYUN 1C DEB,1999-025LP,2026-08-12T21:48:40.508352,14.15992120,.0122446,98.6934,202.6021,219.1133,196.0518,0,U,29989,999,1048,.64951E-4,.94E-6,0
FENGYUN 1C DEB,1999-025LS,2026-08-12T23:01:38.570016,14.11698523,.0088182,98.7432,218.7856,196.9117,219.3366,0,U,29992,999,819,.15444E-4,-.14E-6,0
FENGYUN 1C DEB,1999-025LT,2026-08-13T01:23:12.996384,14.08218277,.0038898,98.7644,260.1535,349.3540,10.6802,0,U,29993,999,595,-.21108E-4,-.79E-6,0
FENGYUN 1C DEB,1999-025LU,2026-08-13T02:16:50.827008,14.02780409,.0129002,98.8028,254.6136,254.6164,123.9020,0,U,29994,999,138,.23048E-3,.34E-5,0
FENGYUN 1C DEB,1999-025LW,2026-08-13T02:48:20.304288,14.10870216,.0132357,99.2931,275.6876,129.0799,287.8246,0,U,29996,999,99567,.66971E-3,.1257E-4,0
FENGYUN 1C DEB,1999-025LX,2026-08-12T23:36:01.630080,14.01287132,.0079633,98.8783,233.9348,12.9942,51.4046,0,U,29997,999,99796,.24405E-3,.335E-5,0
FENGYUN 1C DEB,1999-025LY,2026-08-13T04:54:55.088064,14.29508001,.0004035,99.2881,306.5581,350.5170,9.5933,0,U,29998,999,1352,.30201E-3,.722E-5,0
FENGYUN 1C DEB,1999-025LZ,2026-08-12T22:12:36.934272,14.20576906,.0188434,98.5985,207.3944,142.4126,274.4874,0,U,29999,999,1175,.10329E-3,.222E-5,0
FENGYUN 1C DEB,1999-025MA,2026-08-12T05:40:58.566144,14.42095154,.00377919,98.9541,315.4844,99.9401,286.9430,0,U,30001,999,916,.80776976E-3,.2631E-4,0
FENGYUN 1C DEB,1999-025MC,2026-08-12T23:41:02.821344,13.85820971,.0142075,99.5998,210.4944,195.4416,237.2515,0,U,30003,999,98857,.16648E-3,.16E-5,0
FENGYUN 1C DEB,1999-025MD,2026-08-13T02:24:57.187296,14.17707056,.0038428,99.2255,60.4377,16.9032,104.2319,0,U,30004,999,753,.27364E-3,.514E-5,0
FENGYUN 1C DEB,1999-025ME,2026-08-12T08:16:07.332384,13.52807637,.03432818,99.3211,177.1005,199.5483,159.2219,0,U,30005,999,96226,.5535245E-3,.493E-5,0
FENGYUN 1C DEB,1999-025MG,2026-08-12T08:02:46.141728,14.27076430,.00647846,99.1693,142.1812,38.6528,75.9916,0,U,30007,999,814,.61791066E-3,.1492E-4,0
FENGYUN 1C DEB,1999-025MH,2026-08-12T23:51:50.995008,14.71830489,.0036298,99.3807,222.1608,167.1141,259.2460,0,U,30008,999,2633,.61237E-3,.3804E-4,0
FENGYUN 1C DEB,1999-025MJ,2026-08-13T02:57:11.793888,14.05510000,.0062564,98.9968,283.2902,16.3358,343.9807,0,U,30009,999,99901,.49743E-3,.778E-5,0
FENGYUN 1C DEB,1999-025MK,2026-08-13T03:56:17.666304,14.25113388,.0072197,99.0592,70.3402,229.8037,251.0953,0,U,30010,999,1726,.52035E-4,.78E-6,0
FENGYUN 1C DEB,1999-025MM,2026-08-13T02:43:23.203200,13.85903228,.0135602,99.4316,285.3445,217.7995,209.2219,0,U,30012,999,98919,.1231E-3,.106E-5,0
FENGYUN 1C DEB,1999-025MN,2026-08-13T02:06:15.386112,13.87968205,.012869,99.5609,255.5594,116.3887,309.7913,0,U,30013,999,99057,.1145E-3,.1E-5,0
FENGYUN 1C DEB,1999-025MQ,2026-08-13T00:39:58.870080,14.31513282,.00385,99.2230,247.8823,141.5603,273.4017,0,U,30015,999,1647,.23435E-3,.579E-5,0
FENGYUN 1C DEB,1999-025MR,2026-08-13T02:58:13.580256,14.84617854,.00396,98.8879,268.9497,351.8342,70.5684,0,U,30016,999,3059,.47039E-3,.3963E-4,0
FENGYUN 1C DEB,1999-025MS,2026-08-13T03:18:58.599072,14.61682414,.0216636,98.7222,288.5255,145.0599,216.5040,0,U,30017,999,3999,.75151E-4,.456E-5,0
FENGYUN 1C DEB,1999-025MT,2026-08-13T04:27:12.586176,14.75290340,.0113397,98.7538,332.2037,150.4924,280.2454,0,U,30018,999,4024,.29951E-3,.2185E-4,0
FENGYUN 1C DEB,1999-025MV,2026-08-12T23:34:44.499072,14.04845034,.0183811,98.8499,227.8539,109.3018,306.8604,0,U,30020,999,71,.52697E-5,-.32E-6,0
FENGYUN 1C DEB,1999-025MW,2026-08-12T23:32:33.842400,14.04977397,.0072215,98.8522,215.4268,326.7490,102.0801,0,U,30021,999,348,.14721E-3,.199E-5,0
FENGYUN 1C DEB,1999-025MX,2026-08-13T04:47:21.158880,14.23202283,.0066465,99.0463,85.4057,291.8188,189.0879,0,U,30022,999,1653,.31148E-4,.24E-6,0
FENGYUN 1C DEB,1999-025MY,2026-08-13T03:26:55.832928,14.12198209,.0047437,99.2813,72.4031,103.0080,17.6759,0,U,30023,999,631,.15395E-3,.239E-5,0
FENGYUN 1C DEB,1999-025ND,2026-08-12T22:39:54.340416,14.56547480,.017208,98.1599,216.8048,192.9953,223.2751,0,U,30028,999,3261,.96924E-4,.473E-5,0
FENGYUN 1C DEB,1999-025NL,2026-08-13T01:33:03.155040,14.37083270,.011555,99.2775,163.7135,73.2765,350.1599,0,U,30035,999,2619,.29846E-4,.43E-6,0
FENGYUN 1C DEB,1999-025NM,2026-08-13T00:34:11.339040,14.47034881,.0187948,98.2318,250.6942,185.1779,238.7748,0,U,30036,999,2691,.13257E-3,.55E-5,0
FENGYUN 1C DEB,1999-025NN,2026-08-12T09:51:44.644032,14.34400020,.01739366,98.4101,198.4081,52.6659,97.1454,0,U,30037,999,2266,.83932864E-4,.233E-5,0
FENGYUN 1C DEB,1999-025NP,2026-08-12T22:33:20.727936,14.39908815,.0256302,98.3879,212.5444,91.5269,324.7978,0,U,30038,999,2391,.11146E-3,.464E-5,0
FENGYUN 1C DEB,1999-025NR,2026-08-13T00:15:24.843744,14.39178114,.0029916,98.2254,236.2726,301.9884,112.5312,0,U,30040,999,1411,.56908E-3,.173E-4,0
FENGYUN 1C DEB,1999-025NS,2026-08-12T22:05:52.012032,14.13555655,.0033652,99.4860,350.5994,260.5527,220.2961,0,U,30041,999,719,.16842E-3,.269E-5,0
FENGYUN 1C DEB,1999-025NU,2026-08-12T06:10:27.273504,14.24647857,.02804517,98.6293,323.1096,144.6460,217.3678,0,U,30043,999,790,.36771456E-3,.1239E-4,0
FENGYUN 1C DEB,1999-025NV,2026-08-12T23:57:10.635264,14.54560692,.007598,98.2086,145.2754,136.6036,224.1178,0,U,30044,999,1570,.54309E-3,.2361E-4,0
FENGYUN 1C DEB,1999-025NW,2026-08-13T03:13:21.666720,14.23535593,.0093739,99.1678,275.6416,138.1086,248.2333,0,U,30045,999,150,.75576E-3,.1753E-4,0
FENGYUN 1C DEB,1999-025NY,2026-08-12T23:20:08.979360,13.94784520,.0125984,99.9410,45.2651,36.8953,115.4051,0,U,30047,999,99306,.30875E-3,.392E-5,0
FENGYUN 1C DEB,1999-025NZ,2026-08-13T02:12:45.603936,13.80025288,.0186109,98.6398,75.3808,307.9391,205.0737,0,U,30048,999,98482,.13221E-3,.116E-5,0
FENGYUN 1C DEB,1999-025PB,2026-08-13T03:59:55.110912,13.85585411,.0171282,96.8239,124.5435,54.9828,107.0484,0,U,30050,999,98572,.43588E-3,.533E-5,0
FENGYUN 1C DEB,1999-025PD,2026-08-13T01:35:33.941184,13.73231681,.0287944,99.2793,248.7766,314.6924,107.7456,0,U,30052,999,97894,.19314E-3,.196E-5,0
FENGYUN 1C DEB,1999-025PE,2026-08-13T00:16:09.996384,13.95928348,.0323449,98.6014,26.9326,22.4801,98.8829,0,U,30053,999,98378,.43921E-3,.891E-5,0
FENGYUN 1C DEB,1999-025PF,2026-08-13T01:05:27.127104,13.70118390,.0277101,99.3459,255.8499,92.2503,324.3170,0,U,30054,999,97680,.20395E-3,.194E-5,0
FENGYUN 1C DEB,1999-025PH,2026-08-12T23:10:53.843808,13.75037910,.0294894,98.3425,25.1385,272.7789,83.9650,0,U,30056,999,97317,.84982E-3,.1075E-4,0
FENGYUN 1C DEB,1999-025PJ,2026-08-12T02:47:49.847424,13.57610027,.02891701,98.8658,274.5857,239.3954,146.2695,0,U,30057,999,96524,.9781799E-3,.882E-5,0
FENGYUN 1C DEB,1999-025PK,2026-08-12T23:27:25.826400,13.48541784,.0313436,99.6528,226.4189,268.4272,146.4533,0,U,30058,999,96126,.4581E-3,.34E-5,0
FENGYUN 1C DEB,1999-025PL,2026-08-12T08:53:47.602176,13.45621549,.03282224,98.8428,196.1039,47.2004,116.2319,0,U,30059,999,96060,.15945898E-3,.96E-6,0
FENGYUN 1C DEB,1999-025PM,2026-08-12T13:16:20.934048,13.44372819,.03413357,99.2992,78.6189,186.3174,204.5155,0,U,30060,999,95505,.68984862E-3,.53E-5,0
FENGYUN 1C DEB,1999-025PN,2026-08-13T00:42:36.577728,13.47801407,.0365243,101.8999,25.3283,58.0261,59.7860,0,U,30061,999,95375,.80114E-3,.683E-5,0
FENGYUN 1C DEB,1999-025PP,2026-08-12T23:31:21.720000,14.07406311,.0050089,98.7782,232.2438,82.8716,342.4125,0,U,30062,999,326,.16827E-3,.244E-5,0
FENGYUN 1C DEB,1999-025PQ,2026-08-12T09:44:42.556704,14.15687678,.00326147,98.5485,198.0284,156.0229,357.3860,0,U,30063,999,1099,.32019648E-4,.21E-6,0
FENGYUN 1C DEB,1999-025PR,2026-08-13T00:12:29.968416,14.14424357,.0066404,98.6574,233.6771,135.4699,280.2433,0,U,30064,999,944,.72198E-4,.99E-6,0
FENGYUN 1C DEB,1999-025PS,2026-08-12T07:47:50.305056,13.87004553,.01321368,98.7129,185.4371,89.3392,272.2905,0,U,30065,999,99034,.69250233E-4,.48E-6,0
FENGYUN 1C DEB,1999-025PT,2026-08-12T23:48:01.227168,14.19266084,.0116316,98.6516,214.5577,280.6912,144.5857,0,U,30066,999,1286,.55691E-4,.81E-6,0
FENGYUN 1C DEB,1999-025PU,2026-08-13T04:54:34.676064,14.44295637,.0150484,98.7392,123.3858,9.4852,141.7467,0,U,30067,999,2709,.14571E-3,.521E-5,0
FENGYUN 1C DEB,1999-025PV,2026-08-12T22:58:42.771936,14.12202721,.0190241,98.7564,212.0586,17.4919,343.2688,0,U,30068,999,774,.73134E-4,.116E-5,0
FENGYUN 1C DEB,1999-025PW,2026-08-12T22:01:13.338336,14.05413353,.0050209,98.8250,205.0310,90.6418,324.5088,0,U,30069,999,261,-.36918E-4,-.103E-5,0
FENGYUN 1C DEB,1999-025PX,2026-08-13T02:52:12.906048,14.11727626,.0322944,98.2617,271.0606,338.1446,44.3342,0,U,30070,999,99311,.30865E-3,.872E-5,0
FENGYUN 1C DEB,1999-025PY,2026-08-13T00:03:54.144000,14.56556865,.003778,98.6637,337.7949,87.8190,327.9431,0,U,30071,999,1761,.66377E-3,.2934E-4,0
FENGYUN 1C DEB,1999-025PZ,2026-08-13T00:01:06.741408,14.41905290,.005349,99.0918,32.9626,276.4009,83.1089,0,U,30072,999,673,.86149E-3,.2819E-4,0
FENGYUN 1C DEB,1999-025QA,2026-08-12T22:04:46.703136,14.20022076,.0051967,99.4249,218.3600,316.8640,100.8702,0,U,30073,999,370,.57825E-3,.1197E-4,0
FENGYUN 1C DEB,1999-025QB,2026-08-12T00:01:43.094208,14.13986127,.00959254,99.1153,299.9456,188.4301,171.5264,0,U,30074,999,55,.68400867E-3,.1311E-4,0
FENGYUN 1C DEB,1999-025QC,2026-08-12T23:32:55.080384,13.92611766,.0089978,99.3289,282.3639,240.4085,243.1886,0,U,30075,999,99450,.12564E-3,.121E-5,0
FENGYUN 1C DEB,1999-025QD,2026-08-12T21:53:36.234816,13.76446587,.0174651,99.2591,209.8728,172.5650,257.2653,0,U,30076,999,98239,.16746E-3,.141E-5,0
FENGYUN 1C DEB,1999-025QE,2026-08-13T00:36:57.527712,14.07111150,.0020466,98.7485,237.9634,300.9073,113.9063,0,U,30077,999,533,-.19276E-4,-.75E-6,0
FENGYUN 1C DEB,1999-025QF,2026-08-13T04:25:44.502240,14.24760051,.0048872,98.8215,305.9948,296.0522,128.6842,0,U,30078,999,578,.64779E-3,.1483E-4,0
FENGYUN 1C DEB,1999-025QG,2026-08-13T02:39:59.853888,14.00952632,.008518,98.9976,282.3495,346.9084,80.8747,0,U,30079,999,99945,.20951E-3,.279E-5,0
FENGYUN 1C DEB,1999-025QH,2026-08-12T22:09:00.210240,14.10994617,.013392,98.7228,203.2277,89.8779,325.9977,0,U,30080,999,667,.28207E-4,.14E-6,0
FENGYUN 1C DEB,1999-025QJ,2026-08-12T23:39:10.916064,13.98493222,.0076747,98.9338,219.8448,27.5597,31.9322,0,U,30081,999,99754,.1624E-3,.196E-5,0
FENGYUN 1C DEB,1999-025QK,2026-08-12T21:14:56.184000,15.31914646,.0051291,98.8327,200.3476,66.0183,294.6412,0,U,30082,999,4996,.70932E-3,.22718E-3,0
FENGYUN 1C DEB,1999-025QP,2026-08-13T01:29:23.023392,14.04065027,.0061478,98.8843,258.6172,174.2993,241.0538,0,U,30086,999,106,.24569E-4,-.4E-7,0
FENGYUN 1C DEB,1999-025QQ,2026-08-13T00:41:21.941952,14.36174830,.0229298,98.3551,255.3805,114.0913,307.6030,0,U,30087,999,2185,.11229E-3,.393E-5,0
FENGYUN 1C DEB,1999-025QR,2026-08-12T22:22:30.993888,14.36509262,.0199014,98.3764,207.3915,240.2732,174.6287,0,U,30088,999,2161,.84008E-4,.258E-5,0
FENGYUN 1C DEB,1999-025QS,2026-08-12T14:08:00.178944,14.30592219,.00727522,98.8924,140.5659,222.2817,262.2472,0,U,30089,999,1950,.75576812E-4,.156E-5,0
FENGYUN 1C DEB,1999-025QT,2026-08-13T01:59:04.606080,14.29505525,.0057633,99.4135,62.5424,134.4567,343.6310,0,U,30090,999,1745,.18539E-3,.432E-5,0
FENGYUN 1C DEB,1999-025QV,2026-08-13T00:48:16.171200,14.39823726,.0081247,98.9265,59.3642,251.2358,239.3459,0,U,30092,999,2241,.15693E-3,.462E-5,0
FENGYUN 1C DEB,1999-025QW,2026-08-13T03:46:07.815360,14.44865813,.0068527,98.8428,114.7951,331.6142,189.8506,0,U,30093,999,2318,.27458E-3,.933E-5,0
FENGYUN 1C DEB,1999-025QY,2026-08-12T10:23:26.422944,14.90004136,.01433275,99.2330,189.3534,286.1729,72.3751,0,U,30095,999,2939,.44862948E-3,.5169E-4,0
FENGYUN 1C DEB,1999-025QZ,2026-08-13T04:35:23.176608,14.32052397,.0078314,99.1385,322.2966,246.4534,112.8407,0,U,30096,999,2026,.11695E-3,.276E-5,0
FENGYUN 1C DEB,1999-025RC,2026-08-13T03:47:59.565984,14.26234593,.0060462,98.5164,295.9811,252.6681,136.1592,0,U,30099,999,1654,.10722E-3,.219E-5,0
FENGYUN 1C DEB,1999-025RF,2026-08-13T00:15:47.396736,14.22396529,.0141657,98.3808,225.9045,10.0522,50.7557,0,U,30102,999,1415,.12634E-3,.27E-5,0
FENGYUN 1C DEB,1999-025RG,2026-08-12T22:31:19.773984,14.25346683,.006356,99.2624,224.6659,144.3754,279.7672,0,U,30103,999,1383,.14117E-3,.291E-5,0
FENGYUN 1C DEB,1999-025RH,2026-08-13T02:40:42.238272,14.26336109,.0073834,98.3554,56.0580,112.7448,9.6883,0,U,30104,999,1359,.26408E-3,.612E-5,0
FENGYUN 1C DEB,1999-025RJ,2026-08-12T21:38:35.824128,14.21821046,.0199078,98.6145,210.1127,88.7662,273.6313,0,U,30105,999,1216,.12599E-3,.295E-5,0
FENGYUN 1C DEB,1999-025RK,2026-08-12T14:43:35.243040,15.15097149,.00333975,98.9121,171.9543,117.6033,56.9292,0,U,30106,999,2172,.24479839E-2,.46656E-3,0
FENGYUN 1C DEB,1999-025RL,2026-08-12T14:16:11.540928,14.14527209,.01263522,98.8143,283.8009,304.9913,53.9451,0,U,30107,999,993,.50513315E-4,.6E-6,0
FENGYUN 1C DEB,1999-025RM,2026-08-12T21:51:01.463040,14.17487265,.0197675,98.6812,210.0685,43.4261,18.9035,0,U,30108,999,1042,.10555E-3,.215E-5,0
FENGYUN 1C DEB,1999-025RN,2026-08-12T23:01:15.774240,14.17945630,.0165977,98.5234,213.6490,250.0456,165.2032,0,U,30109,999,999,.11125E-3,.217E-5,0
FENGYUN 1C DEB,1999-025RP,2026-08-13T04:43:46.733088,13.56344205,.0268839,98.9127,316.0766,85.8518,277.3297,0,U,30110,999,96815,.36361E-4,-.4E-7,0
FENGYUN 1C DEB,1999-025RR,2026-08-12T22:00:23.451840,14.22972352,.0200029,99.3019,217.2975,135.7265,226.0110,0,U,30112,999,1039,.17717E-3,.439E-5,0
FENGYUN 1C DEB,1999-025RS,2026-08-13T04:13:47.568000,14.48123733,.0039365,99.0270,98.5277,358.5658,123.1754,0,U,30113,999,1427,.60247E-3,.2214E-4,0
FENGYUN 1C DEB,1999-025RT,2026-08-12T22:57:47.596032,14.09820219,.0081676,98.7523,225.5934,151.0721,282.8614,0,U,30114,999,581,.11622E-3,.168E-5,0
FENGYUN 1C DEB,1999-025RU,2026-08-13T00:58:36.778080,14.20673167,.0068252,98.6037,250.9373,77.4348,345.0767,0,U,30115,999,782,.37255E-3,.779E-5,0
FENGYUN 1C DEB,1999-025RV,2026-08-12T04:45:53.339328,14.30926152,.00186646,99.3893,319.2456,11.3902,18.5485,0,U,30116,999,969,.57417385E-3,.1461E-4,0
FENGYUN 1C DEB,1999-025RW,2026-08-12T23:23:34.105920,14.07338925,.0162707,98.8231,212.5595,244.9234,178.7218,0,U,30117,999,410,.14963E-3,.239E-5,0
FENGYUN 1C DEB,1999-025RX,2026-08-12T23:04:30.715104,14.05209763,.0085497,98.8070,226.6711,97.4481,326.4956,0,U,30118,999,345,.1118E-3,.145E-5,0
FENGYUN 1C DEB,1999-025RY,2026-08-12T12:51:24.867072,14.23719935,.01277278,97.9348,199.5755,294.8400,187.8714,0,U,30119,999,614,.42299619E-3,.1012E-4,0
FENGYUN 1C DEB,1999-025RZ,2026-08-13T04:32:29.291424,14.29372237,.0060772,98.8446,315.4413,221.9862,167.7529,0,U,30120,999,844,.70262E-3,.1781E-4,0
FENGYUN 1C DEB,1999-025SA,2026-08-12T23:37:54.679296,14.43501856,.0029829,102.1598,353.3260,239.6662,238.8214,0,U,30121,999,1036,.93853E-3,.3116E-4,0
FENGYUN 1C DEB,1999-025SC,2026-08-12T03:17:11.636736,14.27513073,.02270498,96.9248,119.6306,64.7732,297.6803,0,U,30123,999,702,.5852998E-3,.1861E-4,0
FENGYUN 1C DEB,1999-025SD,2026-08-13T04:25:49.259424,14.15055543,.0142986,99.1105,289.3065,138.3696,244.2458,0,U,30124,999,355,.39957E-3,.809E-5,0
FENGYUN 1C DEB,1999-025SE,2026-08-12T12:42:05.798592,14.24494921,.03363347,98.7279,326.8801,359.3520,12.4913,0,U,30125,999,375,.16273284E-3,.623E-5,0
FENGYUN 1C DEB,1999-025SG,2026-08-12T13:32:57.101856,14.41363971,.00837593,98.1982,75.9558,66.9857,294.0140,0,U,30127,999,729,.79058057E-3,.2627E-4,0
FENGYUN 1C DEB,1999-025SH,2026-08-13T04:02:56.456736,14.51726715,.0102272,96.9847,187.3197,75.2236,58.7736,0,U,30128,999,824,.13154E-2,.5623E-4,0
FENGYUN 1C DEB,1999-025SJ,2026-08-12T08:22:28.885152,14.01945832,.01850891,98.0403,142.7120,119.9938,3.2868,0,U,30129,999,99877,.37286968E-4,.31E-6,0
FENGYUN 1C DEB,1999-025SL,2026-08-13T05:30:45.571968,14.23415622,.008113,99.0757,329.1761,180.5221,209.7799,0,U,30131,999,150,.10192E-2,.2347E-4,0
FENGYUN 1C DEB,1999-025SM,2026-08-12T12:13:37.820928,13.95100279,.01055069,99.6035,192.6806,116.3162,8.1238,0,U,30132,999,99474,.34359386E-3,.438E-5,0
FENGYUN 1C DEB,1999-025SN,2026-08-12T23:31:13.059264,14.07691043,.0081641,98.3465,17.9040,286.7256,196.2854,0,U,30133,999,99799,.3678E-3,.601E-5,0
FENGYUN 1C DEB,1999-025SP,2026-08-13T00:38:35.183040,14.13736693,.0018152,98.6808,242.0751,208.2235,206.7357,0,U,30134,999,680,.19676E-3,.33E-5,0
FENGYUN 1C DEB,1999-025SR,2026-08-11T15:44:03.808032,13.95573453,.01290931,98.5297,104.0151,116.6315,271.7211,0,U,30136,999,99465,.12369018E-3,.142E-5,0
FENGYUN 1C DEB,1999-025ST,2026-08-13T02:13:13.753056,14.20781641,.0021803,98.7372,280.6965,154.6494,235.2359,0,U,30138,999,856,.39756E-3,.816E-5,0
FENGYUN 1C DEB,1999-025SU,2026-08-12T08:09:07.253856,14.04456871,.01292116,98.3586,53.7837,322.7576,161.5355,0,U,30139,999,99654,.54075152E-3,.888E-5,0
FENGYUN 1C DEB,1999-025SV,2026-08-10T10:14:05.254944,14.22042489,.00389704,98.8105,289.9722,341.8257,81.0713,0,U,30140,999,552,.54077327E-3,.116E-4,0
FENGYUN 1C DEB,1999-025SW,2026-08-13T02:34:14.965824,14.56138452,.0018613,99.0161,170.5613,26.1106,334.1024,0,U,30141,999,1776,.79508E-3,.3465E-4,0
FENGYUN 1C DEB,1999-025SX,2026-08-13T03:57:23.436576,14.11843498,.0098778,99.1191,309.8049,347.1406,12.7248,0,U,30142,999,99732,.66729E-3,.1229E-4,0
FENGYUN 1C DEB,1999-025SY,2026-08-12T23:52:28.240320,14.03366629,.0100952,98.7456,43.7009,330.5733,182.9517,0,U,30143,999,99630,.29607E-3,.441E-5,0
FENGYUN 1C DEB,1999-025SZ,2026-08-12T22:52:53.791104,13.92110528,.0126062,99.0247,216.1540,348.4020,65.2875,0,U,30144,999,99224,.17306E-3,.193E-5,0
FENGYUN 1C DEB,1999-025TA,2026-08-12T21:34:24.871008,14.16400609,.009002,99.2748,349.0469,183.0103,293.9622,0,U,30145,999,99635,.12242E-2,.2483E-4,0
FENGYUN 1C DEB,1999-025TB,2026-08-12T22:24:10.227744,13.86954509,.0178514,98.0502,355.5810,166.5493,315.0719,0,U,30146,999,98788,.28759E-3,.347E-5,0
FENGYUN 1C DEB,1999-025TD,2026-08-12T10:08:37.324608,13.88884963,.01328449,99.5739,24.8448,270.0500,115.5067,0,U,30148,999,98885,.3191875E-3,.366E-5,0
FENGYUN 1C DEB,1999-025TF,2026-08-12T21:34:48.013248,13.86921842,.0146914,99.0233,357.0182,39.3849,79.8152,0,U,30150,999,98828,.14485E-3,.142E-5,0
FENGYUN 1C DEB,1999-025TG,2026-08-13T00:04:44.450400,13.84879481,.016242,99.0626,229.7074,345.1747,68.4798,0,U,30151,999,98612,.35559E-3,.401E-5,0
FENGYUN 1C DEB,1999-025TH,2026-08-12T13:02:57.906528,13.98011218,.01608723,99.0808,84.6009,138.1323,223.2275,0,U,30152,999,98769,.11300769E-2,.1749E-4,0
FENGYUN 1C DEB,1999-025TJ,2026-08-13T00:31:27.413184,13.79274786,.0199742,100.4698,245.8077,107.5182,309.5468,0,U,30153,999,98128,.30514E-3,.312E-5,0
FENGYUN 1C DEB,1999-025TK,2026-08-13T01:28:51.875328,13.86755699,.0177728,98.4326,248.1770,250.0287,168.5486,0,U,30154,999,98356,.63038E-3,.793E-5,0
FENGYUN 1C DEB,1999-025TL,2026-08-13T04:58:27.092064,13.75151122,.0237774,99.7487,308.9843,77.0273,285.7310,0,U,30155,999,97209,.29546E-3,.302E-5,0
FENGYUN 1C DEB,1999-025TM,2026-08-12T09:00:04.377024,13.81624628,.01992206,98.9299,183.3314,331.7523,182.4266,0,U,30156,999,98040,.64266609E-3,.755E-5,0
FENGYUN 1C DEB,1999-025TN,2026-08-11T19:58:10.153344,14.48138380,.00358398,98.7179,332.8343,183.6375,301.1320,0,U,30157,999,1568,.69495603E-3,.2561E-4,0
FENGYUN 1C DEB,1999-025TR,2026-08-12T06:20:32.517600,13.43241645,.03400431,98.8964,149.8892,236.5665,281.1823,0,U,30160,999,95669,.1825829E-3,.108E-5,0
FENGYUN 1C DEB,1999-025TS,2026-08-12T23:59:44.874816,13.50416928,.0327795,100.5162,231.1844,30.0850,24.9510,0,U,30161,999,95842,.68265E-3,.562E-5,0
FENGYUN 1C DEB,1999-025TT,2026-08-13T02:07:50.399328,13.54356218,.0315865,99.4719,276.3929,96.2243,297.3848,0,U,30162,999,95954,.70927E-3,.625E-5,0
FENGYUN 1C DEB,1999-025TU,2026-08-13T04:04:10.435872,13.39357974,.0366661,98.7050,311.2212,339.2537,80.3341,0,U,30163,999,95203,.30889E-3,.209E-5,0
FENGYUN 1C DEB,1999-025TY,2026-08-12T13:06:22.380768,14.49310263,.01428868,98.9660,329.7408,146.4648,227.5082,0,U,30167,999,2874,.20317021E-3,.826E-5,0
FENGYUN 1C DEB,1999-025TZ,2026-08-13T02:34:12.829152,14.55919121,.0096627,97.3686,273.9676,105.9349,255.2524,0,U,30168,999,1841,.53083E-3,.2443E-4,0
FENGYUN 1C DEB,1999-025UA,2026-08-13T03:59:10.392000,14.63920617,.019687,98.3166,301.3523,187.9377,202.8645,0,U,30169,999,1273,.82835E-3,.5694E-4,0
FENGYUN 1C DEB,1999-025UB,2026-08-12T21:51:25.148736,14.00602729,.0076686,98.8724,209.4069,321.3440,101.2399,0,U,30170,999,99819,.24177E-3,.325E-5,0
FENGYUN 1C DEB,1999-025UC,2026-08-13T02:31:57.165600,13.97012623,.0184116,98.3764,66.6965,306.0528,52.3700,0,U,30171,999,99668,.79261E-4,.87E-6,0
FENGYUN 1C DEB,1999-025UD,2026-08-12T22:26:56.318784,14.13762464,.0066503,99.2499,216.9628,240.4151,174.0182,0,U,30172,999,99952,.58338E-3,.1079E-4,0
FENGYUN 1C DEB,1999-025UE,2026-08-13T04:52:17.198976,14.12581248,.007855,98.9633,301.0028,323.3858,60.3695,0,U,30173,999,99985,.58225E-3,.1064E-4,0
FENGYUN 1C DEB,1999-025UF,2026-08-13T01:44:57.859296,15.03912906,.0011523,98.7774,46.7542,341.4588,147.0177,0,U,30174,999,1998,.15692E-2,.21641E-3,0
FENGYUN 1C DEB,1999-025UG,2026-08-13T03:10:36.690240,13.84067895,.0144364,99.3514,285.3510,285.3704,101.7242,0,U,30175,999,98707,.20491E-3,.201E-5,0
FENGYUN 1C DEB,1999-025UJ,2026-08-12T08:20:43.040832,13.63486561,.04447816,98.6355,146.5245,219.0559,267.3942,0,U,30177,999,96768,.21802631E-3,.297E-5,0
FENGYUN 1C DEB,1999-025UK,2026-08-12T02:32:40.140960,13.59457912,.02815081,102.2528,162.6833,295.3489,74.6805,0,U,30178,999,96464,.50185967E-3,.415E-5,0
FENGYUN 1C DEB,1999-025UN,2026-08-13T04:20:25.192032,14.30930161,.0038917,98.8370,317.1452,9.9118,52.1164,0,U,30181,999,973,.50808E-3,.13E-4,0
FENGYUN 1C DEB,1999-025UP,2026-08-13T02:57:47.049408,13.96554099,.0075697,99.0328,277.0168,74.8229,312.7108,0,U,30182,999,99705,-.77402E-4,-.153E-5,0
FENGYUN 1C DEB,1999-025UQ,2026-08-13T02:38:12.228000,14.13087639,.0024945,98.7634,267.4741,282.7291,134.8089,0,U,30183,999,574,.23195E-3,.391E-5,0
FENGYUN 1C DEB,1999-025UY,2026-08-12T06:00:37.651392,14.81206980,.00916149,98.7633,322.4560,214.1779,200.5171,0,U,30191,999,3862,.31910198E-3,.2601E-4,0
FENGYUN 1C DEB,1999-025VA,2026-08-12T13:39:09.746784,14.50604990,.01056273,98.7500,147.2211,119.4400,54.5197,0,U,30193,999,2686,.23360097E-3,.932E-5,0
FENGYUN 1C DEB,1999-025VD,2026-08-13T04:24:59.548320,14.25919235,.0087001,98.6363,319.1120,73.3925,350.6912,0,U,30196,999,1831,.23184E-4,.15E-6,0
FENGYUN 1C DEB,1999-025VE,2026-08-12T09:24:35.399232,14.38262962,.00557527,98.9485,164.5720,219.7539,267.1812,0,U,30197,999,1974,.24116945E-3,.699E-5,0
FENGYUN 1C DEB,1999-025VF,2026-08-13T01:30:31.479840,14.53044065,.0103025,98.4742,2.8818,174.0777,242.2622,0,U,30198,999,2025,.57595E-3,.25E-4,0
FENGYUN 1C DEB,1999-025VG,2026-08-13T01:12:14.814144,14.39777049,.0075584,98.3684,248.1733,298.4931,116.2912,0,U,30199,999,1910,.29914E-3,.925E-5,0
FENGYUN 1C DEB,1999-025VH,2026-08-13T00:55:16.065696,14.22448548,.0147218,99.0991,72.9244,123.5381,237.9956,0,U,30200,999,1437,.55526E-4,.92E-6,0
FENGYUN 1C DEB,1999-025VJ,2026-08-12T23:34:25.688928,14.23397589,.0028635,99.4320,20.9876,344.9322,15.0998,0,U,30201,999,1276,.14881E-3,.289E-5,0
FENGYUN 1C DEB,1999-025VK,2026-08-12T21:03:43.807104,14.56629332,.0035754,98.6436,335.1809,38.1606,322.2112,0,U,30202,999,1821,.67043E-3,.2966E-4,0
FENGYUN 1C DEB,1999-025VN,2026-08-12T06:47:30.157152,13.88202223,.01197816,99.0113,332.1153,242.7801,172.8742,0,U,30205,999,99003,.15912247E-3,.158E-5,0
FENGYUN 1C DEB,1999-025VP,2026-08-12T23:35:08.113056,14.49946054,.0143768,98.2395,223.7444,10.9191,349.5068,0,U,30206,999,2924,.15504E-3,.634E-5,0
FENGYUN 1C DEB,1999-025VQ,2026-08-13T05:12:03.330144,13.79251826,.025937,98.5813,318.2557,209.6084,179.2014,0,U,30207,999,98419,.14698E-3,.155E-5,0
FENGYUN 1C DEB,1999-025VR,2026-08-13T00:15:46.365120,14.24010556,.0032337,98.5682,224.6986,282.6952,143.7210,0,U,30208,999,1290,.17984E-3,.372E-5,0
FENGYUN 1C DEB,1999-025VS,2026-08-13T05:20:42.906048,14.13169418,.0037841,98.7245,220.7875,266.2462,107.1906,0,U,30209,999,646,.12016E-3,.183E-5,0
FENGYUN 1C DEB,1999-025VT,2026-08-13T03:40:06.626208,14.08725998,.0056438,99.1649,284.0679,176.5679,208.7327,0,U,30210,999,184,.27758E-3,.439E-5,0
FENGYUN 1C DEB,1999-025VV,2026-08-13T03:17:48.534720,13.97286638,.0096553,99.4280,102.1668,297.5974,61.5408,0,U,30212,999,99624,.12621E-3,.136E-5,0
FENGYUN 1C DEB,1999-025VW,2026-08-13T05:25:20.930016,14.12784038,.0067262,99.1135,310.7665,280.0051,105.8092,0,U,30213,999,99952,.6648E-3,.1215E-4,0
FENGYUN 1C DEB,1999-025VX,2026-08-11T16:43:35.891616,14.32644647,.0021477,98.7116,302.8730,54.4669,98.4238,0,U,30214,999,963,.49840787E-3,.1313E-4,0
FENGYUN 1C DEB,1999-025WA,2026-08-12T10:53:52.907712,14.25164101,.01402462,98.4546,204.1937,109.0136,252.6298,0,U,30217,999,1528,.99698608E-4,.218E-5,0
FENGYUN 1C DEB,1999-025WB,2026-08-11T18:08:32.760672,14.31390830,.00660427,98.9856,325.9419,270.5766,243.8470,0,U,30218,999,566,.79438119E-3,.211E-4,0
FENGYUN 1C DEB,1999-025WE,2026-08-12T06:48:43.391520,14.46312798,.01443601,98.9562,330.4630,37.4140,323.6996,0,U,30221,999,2907,.64844987E-4,.208E-5,0
FENGYUN 1C DEB,1999-025WF,2026-08-13T01:30:01.797984,14.04146434,.0038595,98.8147,256.5295,75.8745,347.0500,0,U,30222,999,254,-.97562E-4,-.198E-5,0
FENGYUN 1C DEB,1999-025WH,2026-08-13T02:52:57.918720,13.90056312,.0112082,99.4555,273.1336,51.8492,4.0573,0,U,30224,999,99122,.97761E-4,.81E-6,0
FENGYUN 1C DEB,1999-025WJ,2026-08-13T01:20:27.816864,14.15337122,.0100542,98.6388,249.5176,108.7486,307.8651,0,U,30225,999,973,.8171E-4,.126E-5,0
FENGYUN 1C DEB,1999-025WN,2026-08-13T04:37:05.163168,14.64293015,.0034764,99.0459,313.1171,18.5619,39.4258,0,U,30229,999,2475,.50555E-3,.2632E-4,0
FENGYUN 1C DEB,1999-025WQ,2026-08-13T02:39:57.383712,14.12182977,.0128603,98.7763,270.0806,58.6332,357.3976,0,U,30231,999,453,.20803E-3,.371E-5,0
FENGYUN 1C DEB,1999-025WR,2026-08-12T13:31:16.457952,14.65447855,.0131089,98.6739,83.2026,317.0386,104.5653,0,U,30232,999,3303,.183846E-3,.1065E-4,0
FENGYUN 1C DEB,1999-025WT,2026-08-12T23:24:53.871264,14.17166857,.0067215,98.6296,233.6598,95.7754,324.7383,0,U,30234,999,899,.1253E-3,.216E-5,0
FENGYUN 1C DEB,1999-025WU,2026-08-13T00:38:39.326784,14.09097641,.0152312,98.7370,241.0337,270.8664,142.7345,0,U,30235,999,318,.11442E-3,.177E-5,0
FENGYUN 1C DEB,1999-025WW,2026-08-12T06:24:39.359808,14.44095374,.00117999,98.8323,340.5212,307.4542,113.2700,0,U,30237,999,1192,.58765123E-3,.1967E-4,0
FENGYUN 1C DEB,1999-025WY,2026-08-12T03:56:12.523776,11.41804240,.13557515,99.5026,297.8153,325.2648,26.6682,0,U,30239,999,57300,.11029833E-1,.4075E-4,0
FENGYUN 1C DEB,1999-025XA,2026-08-12T22:32:37.442400,14.09798334,.0146665,99.1814,7.2475,121.3292,1.1013,0,U,30241,999,339,.10198E-3,.153E-5,0
FENGYUN 1C DEB,1999-025XB,2026-08-13T02:00:09.049248,14.18142723,.0012116,98.6594,258.5118,75.5135,345.5475,0,U,30242,999,872,.23803E-3,.446E-5,0
FENGYUN 1C DEB,1999-025XC,2026-08-13T00:43:23.337408,14.13334283,.0012853,98.6882,234.4351,141.5426,283.7569,0,U,30243,999,708,.15584E-3,.25E-5,0
FENGYUN 1C DEB,1999-025XD,2026-08-13T05:31:39.171072,14.15328042,.0009956,99.1198,125.6337,350.4943,161.9210,0,U,30244,999,787,.15585E-3,.257E-5,0
FENGYUN 1C DEB,1999-025XE,2026-08-12T21:19:21.089856,13.79648717,.0192179,98.9062,203.0260,320.1860,38.5324,0,U,30245,999,98046,.43867E-3,.478E-5,0
FENGYUN 1C DEB,1999-025XF,2026-08-12T13:13:20.983584,13.37147609,.0369761,98.7036,338.2075,209.6214,162.4408,0,U,30246,999,95385,.29680714E-3,.193E-5,0
FENGYUN 1C DEB,1999-025XG,2026-08-13T05:32:09.520800,14.66785602,.0171352,98.2646,138.3179,309.8921,203.9023,0,U,30247,999,843,.85309E-3,.587E-4,0
FENGYUN 1C DEB,1999-025XH,2026-08-12T12:51:51.876576,14.67761590,.00266154,99.0887,78.8024,125.2018,235.1681,0,U,30248,999,939,.1188069E-2,.6754E-4,0
FENGYUN 1C DEB,1999-025XJ,2026-08-13T00:35:40.082208,14.65265484,.002372,98.9645,54.8358,23.7704,99.4908,0,U,30249,999,1107,.94949E-3,.5084E-4,0
FENGYUN 1C DEB,1999-025XK,2026-08-12T22:48:58.712256,14.01875996,.006418,98.7675,212.3220,265.8972,149.6220,0,U,30250,999,99899,.72118E-4,.69E-6,0
FENGYUN 1C DEB,1999-025XL,2026-08-13T02:45:27.868032,14.29825553,.0051529,99.0313,77.6478,345.7385,141.0056,0,U,30251,999,1619,.1617E-3,.374E-5,0
FENGYUN 1C DEB,1999-025XM,2026-08-12T23:31:44.024160,14.10067372,.006493,98.7343,238.0312,273.4587,152.4347,0,U,30252,999,391,.22798E-3,.367E-5,0
FENGYUN 1C DEB,1999-025XN,2026-08-13T04:17:53.700864,13.73905863,.0221835,98.7394,297.6399,111.3578,305.7096,0,U,30253,999,97356,.61689E-3,.654E-5,0
FENGYUN 1C DEB,1999-025XS,2026-08-12T22:17:35.174112,14.09843757,.0059462,98.7592,221.9082,130.6126,291.1165,0,U,30257,999,641,.11201E-3,.158E-5,0
FENGYUN 1C DEB,1999-025XU,2026-08-12T14:36:35.712288,14.52344349,.0239254,98.7345,91.7092,251.1550,163.7158,0,U,30259,999,2998,.6724802E-4,.33E-5,0
FENGYUN 1C DEB,1999-025XY,2026-08-13T00:55:02.697024,14.02348842,.0143962,98.9481,340.5342,45.4068,9.0732,0,U,30263,999,99434,.56536E-3,.907E-5,0
FENGYUN 1C DEB,1999-025XZ,2026-08-13T03:24:41.094720,14.08475425,.0104352,98.9533,283.5391,326.5431,60.6795,0,U,30264,999,99983,.45906E-3,.783E-5,0
FENGYUN 1C DEB,1999-025YA,2026-08-12T07:35:08.646720,14.63880538,.00244453,98.6751,350.0120,347.2972,42.3186,0,U,30265,999,1946,.58334086E-3,.3009E-4,0
FENGYUN 1C DEB,1999-025YB,2026-08-13T03:59:43.903104,14.16274738,.0084388,99.0280,297.6738,96.4282,293.4817,0,U,30266,999,235,.56979E-3,.1124E-4,0
FENGYUN 1C DEB,1999-025YC,2026-08-13T04:08:39.774048,14.25008305,.0056169,98.8376,302.8766,259.3501,100.1349,0,U,30267,999,759,.56227E-3,.1292E-4,0
FENGYUN 1C DEB,1999-025YF,2026-08-13T00:45:14.654304,14.11371713,.0006829,98.6948,236.2174,185.9033,234.0495,0,U,30270,999,792,.61765E-4,.69E-6,0
FENGYUN 1C DEB,1999-025YH,2026-08-13T03:27:18.296928,14.15724183,.0052367,98.8863,297.0829,132.2190,228.3445,0,U,30272,999,298,.48408E-3,.918E-5,0
FENGYUN 1C DEB,1999-025YJ,2026-08-13T00:40:58.657152,14.03051420,.0059456,98.8322,237.4297,291.8529,130.8569,0,U,30273,999,99940,.21344E-3,.294E-5,0
FENGYUN 1C DEB,1999-025YK,2026-08-13T03:19:55.260192,14.56096821,.0003032,99.3140,25.9022,165.7722,249.9440,0,U,30274,999,1747,.70327E-3,.3046E-4,0
FENGYUN 1C DEB,1999-025YL,2026-08-12T23:13:37.036992,14.48459497,.0038161,98.6222,318.7069,170.1437,246.3183,0,U,30275,999,1589,.65667E-3,.2438E-4,0
FENGYUN 1C DEB,1999-025YM,2026-08-13T04:06:51.096672,14.28416325,.0026588,98.8464,304.8860,102.0570,258.3592,0,U,30276,999,982,.53808E-3,.1305E-4,0
FENGYUN 1C DEB,1999-025YN,2026-08-12T11:50:17.191392,14.14552288,.01215151,98.9563,300.9164,209.5957,278.7937,0,U,30277,999,217,.54369005E-3,.1075E-4,0
FENGYUN 1C DEB,1999-025YQ,2026-08-12T14:28:13.567584,14.23945049,.02180704,99.1685,174.5161,97.7040,75.4214,0,U,30279,999,1066,.24205233E-3,.659E-5,0
FENGYUN 1C DEB,1999-025YR,2026-08-12T22:06:41.451840,13.98526224,.0081025,98.7938,209.1218,15.3330,39.2820,0,U,30280,999,99805,.10463E-3,.112E-5,0
FENGYUN 1C DEB,1999-025YS,2026-08-12T23:40:34.855392,14.10651772,.0027414,98.7746,213.8295,269.5107,159.7100,0,U,30281,999,651,.11189E-3,.157E-5,0
FENGYUN 1C DEB,1999-025YT,2026-08-12T22:46:28.015104,14.13248971,.021019,98.5084,221.3684,24.6104,38.3800,0,U,30282,999,785,.11691E-3,.228E-5,0
FENGYUN 1C DEB,1999-025YU,2026-08-13T05:35:41.368416,14.02090374,.0184931,98.8812,217.6185,84.8795,289.9129,0,U,30283,999,104,-.11821E-3,-.251E-5,0
FENGYUN 1C DEB,1999-025YV,2026-08-13T04:27:14.977728,14.30318722,.0038643,98.7062,298.6460,117.1129,270.2811,0,U,30284,999,948,.63105E-3,.1607E-4,0
FENGYUN 1C DEB,1999-025YX,2026-08-12T23:10:02.281152,14.12808053,.006427,98.6935,227.2093,159.5520,254.9197,0,U,30286,999,891,.43279E-4,.4E-6,0
FENGYUN 1C DEB,1999-025YY,2026-08-13T00:36:11.638080,13.69255257,.0413219,98.6172,239.4575,84.9761,332.1284,0,U,30287,999,97187,.40713E-3,.61E-5,0
FENGYUN 1C DEB,1999-025YZ,2026-08-13T04:52:17.796000,14.34788950,.0019797,99.3937,332.5378,349.0590,74.9397,0,U,30288,999,1054,.57356E-3,.1579E-4,0
FENGYUN 1C DEB,1999-025ZA,2026-08-12T14:07:05.142144,14.28066187,.00333979,98.9286,331.0053,350.4991,137.5225,0,U,30289,999,537,.76927266E-3,.1876E-4,0
FENGYUN 1C DEB,1999-025ZB,2026-08-12T15:35:57.619680,14.95758303,.00141251,102.6139,112.2330,98.6714,291.1395,0,U,30290,999,1484,.17816079E-2,.19844E-3,0
FENGYUN 1C DEB,1999-025ZC,2026-08-12T13:50:53.634624,14.60429035,.01008696,97.2164,86.7461,325.8654,63.0380,0,U,30291,999,1233,.63008924E-3,.3237E-4,0
FENGYUN 1C DEB,1999-025ZE,2026-08-12T20:47:24.096768,14.50200392,.0075469,99.2401,84.2784,111.4993,16.6998,0,U,30293,999,2498,.23812E-3,.905E-5,0
FENGYUN 1C DEB,1999-025ZF,2026-08-12T22:34:42.508128,14.35445486,.0195823,98.3746,210.9652,303.7953,81.2104,0,U,30294,999,2024,.89908E-4,.27E-5,0
FENGYUN 1C DEB,1999-025ZG,2026-08-12T12:25:29.938368,14.25230163,.00944472,98.4916,244.4136,92.5415,61.1188,0,U,30295,999,1627,.6961179E-4,.13E-5,0
FENGYUN 1C DEB,1999-025ZJ,2026-08-12T07:47:05.244000,14.26549383,.03627863,98.8289,182.6464,131.6903,26.8506,0,U,30297,999,98606,.45784439E-3,.2171E-4,0
FENGYUN 1C DEB,1999-025ZK,2026-08-13T05:05:09.964032,14.21714542,.0048929,99.0003,325.5908,149.3062,240.6272,0,U,30298,999,285,.80829E-3,.1752E-4,0
FENGYUN 1C DEB,1999-025ZL,2026-08-13T04:45:20.643840,14.08926725,.0103547,99.0820,304.1848,48.5494,338.9689,0,U,30299,999,99717,.45382E-3,.78E-5,0
FENGYUN 1C DEB,1999-025ZM,2026-08-12T04:12:08.279712,14.29227222,.00690853,99.0338,306.9199,315.0288,74.5482,0,U,30300,999,415,.66419764E-3,.1684E-4,0
FENGYUN 1C DEB,1999-025ZN,2026-08-13T04:17:06.408096,14.61554450,.0057669,98.6405,30.5511,260.6520,156.3114,0,U,30301,999,764,.12377E-2,.6241E-4,0
FENGYUN 1C DEB,1999-025ZP,2026-08-13T04:48:28.283040,14.14913280,.0102253,98.5465,127.5050,138.8122,222.0826,0,U,30302,999,99484,.71684E-3,.1416E-4,0
FENGYUN 1C DEB,1999-025ZQ,2026-08-13T04:46:23.936160,14.28328285,.0071334,99.0128,314.9610,299.7889,59.6210,0,U,30303,999,429,.78253E-3,.196E-4,0
FENGYUN 1C DEB,1999-025ZR,2026-08-13T04:13:40.058112,14.16622257,.0074094,99.0206,305.8044,78.5165,282.4317,0,U,30304,999,258,.43412E-3,.845E-5,0
FENGYUN 1C DEB,1999-025ZS,2026-08-13T00:28:41.378304,13.60338260,.0264233,98.5951,140.8538,184.0522,309.6518,0,U,30305,999,97081,.10841E-3,.66E-6,0
FENGYUN 1C DEB,1999-025ZT,2026-08-12T02:15:26.332128,14.29357235,.01109416,98.5678,266.1999,7.0635,353.2079,0,U,30306,999,1130,.32846904E-3,.85E-5,0
FENGYUN 1C DEB,1999-025ZW,2026-08-13T03:17:00.911904,13.93683804,.0092099,99.1960,286.2892,250.7845,108.3332,0,U,30309,999,99423,.50139E-4,.23E-6,0
FENGYUN 1C DEB,1999-025ZX,2026-08-12T23:01:42.074400,14.08994529,.0240122,98.6520,240.2326,27.9769,333.4073,0,U,30310,999,155,.26167E-3,.548E-5,0
FENGYUN 1C DEB,1999-025ZY,2026-08-13T04:24:18.643104,13.78067485,.0163534,99.1366,316.8103,271.3371,86.9052,0,U,30311,999,98313,.22791E-3,.209E-5,0
FENGYUN 1C DEB,1999-025ZZ,2026-08-12T06:37:07.082688,14.49530229,.00112616,98.8603,320.1023,193.9397,231.8504,0,U,30312,999,1429,.71619062E-3,.27E-4,0
FENGYUN 1C DEB,1999-025AAA,2026-08-13T05:19:56.346816,14.27397099,.0054448,98.8704,319.5857,352.4049,36.8027,0,U,30313,999,557,.64826E-3,.1569E-4,0
FENGYUN 1C DEB,1999-025AAB,2026-08-13T04:08:01.194720,14.02069416,.0143828,98.3982,41.7292,30.8264,330.1252,0,U,30314,999,99519,.28988E-3,.446E-5,0
FENGYUN 1C DEB,1999-025AAC,2026-08-12T23:08:36.447072,14.19367887,.0035583,98.5991,232.3738,18.5643,40.8350,0,U,30315,999,1157,.12841E-3,.229E-5,0
FENGYUN 1C DEB,1999-025AAD,2026-08-12T06:29:24.823680,14.60751897,.00326492,98.6557,341.5498,16.4730,343.7522,0,U,30316,999,1872,.60171466E-3,.2905E-4,0
FENGYUN 1C DEB,1999-025AAE,2026-08-12T22:22:45.469344,14.07058104,.0024323,98.7939,223.6711,314.2117,45.7054,0,U,30317,999,430,.15819E-3,.222E-5,0
FENGYUN 1C DEB,1999-025AAH,2026-08-13T03:50:44.291040,13.98682327,.0085096,99.1575,289.4755,347.7028,38.1722,0,U,30320,999,99810,-.17884E-4,-.72E-6,0
FENGYUN 1C DEB,1999-025AAJ,2026-08-12T22:25:12.057312,14.16923897,.005927,98.6649,222.5867,259.1615,159.0373,0,U,30321,999,988,.11159E-3,.184E-5,0
FENGYUN 1C DEB,1999-025AAK,2026-08-13T03:00:20.674656,14.06931809,.0124459,98.3797,70.2872,281.0833,77.6363,0,U,30322,999,99621,.47644E-3,.812E-5,0
FENGYUN 1C DEB,1999-025AAL,2026-08-09T18:15:48.034368,14.09179908,.00151718,98.7194,238.5632,297.5431,62.4198,0,U,30325,999,385,.11020886E-3,.149E-5,0
FENGYUN 1C DEB,1999-025AAM,2026-08-13T03:26:19.767840,13.85566534,.014278,98.6223,98.5813,86.5454,275.2022,0,U,30326,999,98826,.81613E-4,.63E-6,0
FENGYUN 1C DEB,1999-025AAN,2026-08-13T04:08:53.736288,14.19762113,.0114528,98.4310,112.9286,156.5450,355.2711,0,U,30327,999,99895,.73674E-3,.1625E-4,0
FENGYUN 1C DEB,1999-025AAP,2026-08-13T00:46:45.477120,14.12587944,.0005231,98.6832,232.7248,176.3935,247.9198,0,U,30328,999,693,.68594E-4,.84E-6,0
FENGYUN 1C DEB,1999-025AAQ,2026-08-12T08:07:17.090400,13.86953041,.01421608,99.2620,146.4811,104.5868,23.1700,0,U,30329,999,98773,.18264318E-3,.188E-5,0
FENGYUN 1C DEB,1999-025AAR,2026-08-12T22:31:48.590112,13.82838743,.0184106,98.9001,208.8996,249.9701,166.2754,0,U,30330,999,98018,.58376E-3,.682E-5,0
FENGYUN 1C DEB,1999-025AAS,2026-08-13T01:32:34.615392,13.98081307,.0097225,98.9315,258.3952,56.6727,358.3238,0,U,30331,999,99519,-.36546E-4,-.97E-6,0
FENGYUN 1C DEB,1999-025AAT,2026-08-12T22:31:29.989056,13.76943989,.0176734,99.7413,207.0633,191.1134,227.6763,0,U,30332,999,98062,.18258E-3,.155E-5,0
FENGYUN 1C DEB,1999-025AAV,2026-08-03T05:55:29.897184,13.93321712,.0143388,99.0228,313.9282,65.8509,323.1719,0,U,30334,999,98472,.6936E-3,.944E-5,0
FENGYUN 1C DEB,1999-025AAW,2026-08-12T22:22:56.112960,14.01476721,.0135536,98.9179,215.6057,175.4599,249.1061,0,U,30335,999,99997,.10339E-3,.126E-5,0
FENGYUN 1C DEB,1999-025AAX,2026-08-13T01:00:27.605088,14.19630208,.0043887,98.5854,243.7559,26.2062,28.8035,0,U,30336,999,1051,.14415E-3,.265E-5,0
FENGYUN 1C DEB,1999-025AAZ,2026-08-12T04:16:05.392416,14.49939000,.02643841,98.4375,299.3462,175.0881,241.9929,0,U,30338,999,1656,.38117716E-3,.2254E-4,0
FENGYUN 1C DEB,1999-025ABA,2026-08-12T06:59:49.044768,14.41551169,.0022387,98.9772,347.2841,89.9974,329.0836,0,U,30339,999,915,.72814566E-3,.2326E-4,0
FENGYUN 1C DEB,1999-025ABB,2026-08-13T02:17:29.929056,14.04700352,.0145508,98.9694,284.3587,176.4217,251.8267,0,U,30340,999,197,.13407E-3,.192E-5,0
FENGYUN 1C DEB,1999-025ABC,2026-08-12T05:19:38.309952,14.37403297,.00499084,99.2123,133.9287,73.1497,79.9698,0,U,30341,999,561,.87455114E-3,.2603E-4,0
FENGYUN 1C DEB,1999-025ABD,2026-08-13T03:03:03.281184,13.80351466,.0167078,100.1932,68.5202,217.0132,265.1482,0,U,30342,999,98246,.29686E-3,.293E-5,0
FENGYUN 1C DEB,1999-025ABF,2026-08-12T06:46:57.146304,14.56196994,.00088032,98.8160,324.1899,112.4376,311.4117,0,U,30344,999,1602,.710297E-3,.309E-4,0
FENGYUN 1C DEB,1999-025ABG,2026-08-13T03:18:06.494688,14.44453187,.001553,98.9085,300.6683,234.9987,124.9746,0,U,30345,999,1285,.64245E-3,.2172E-4,0
FENGYUN 1C DEB,1999-025ABH,2026-08-12T05:42:54.766368,14.36414832,.00533866,98.8106,330.9056,30.7035,359.3297,0,U,30346,999,891,.6068596E-3,.1761E-4,0
FENGYUN 1C DEB,1999-025ABJ,2026-08-13T00:54:04.814208,13.92887359,.0151035,98.3955,31.1789,77.0179,42.1706,0,U,30347,999,99347,.24756E-4,-.2E-7,0
FENGYUN 1C DEB,1999-025ABK,2026-08-12T06:37:49.513728,14.37452396,.00182575,98.8649,330.9480,24.2790,2.6858,0,U,30348,999,1012,.51142682E-3,.1486E-4,0
FENGYUN 1C DEB,1999-025ABL,2026-08-12T09:18:10.360224,14.12653600,.00887985,98.5974,181.7733,40.1068,90.3727,0,U,30349,999,99655,.78296361E-3,.1464E-4,0
FENGYUN 1C DEB,1999-025ABM,2026-08-12T21:57:27.558720,13.83273512,.0217916,98.1194,14.9023,358.3684,152.4919,0,U,30350,999,98343,.22115E-3,.256E-5,0
FENGYUN 1C DEB,1999-025ABP,2026-08-12T23:55:59.026080,14.07741057,.0028282,98.7489,243.6611,354.6450,35.3681,0,U,30352,999,325,.14794E-3,.209E-5,0
FENGYUN 1C DEB,1999-025ABS,2026-08-12T22:25:11.253792,14.19437243,.0052705,98.5917,226.8890,328.4566,59.8307,0,U,30355,999,788,.27102E-3,.535E-5,0
FENGYUN 1C DEB,1999-025ABT,2026-08-12T21:58:42.615264,14.13626617,.0051824,98.6933,218.1637,316.6800,105.8123,0,U,30356,999,439,.28333E-3,.498E-5,0
FENGYUN 1C DEB,1999-025ABU,2026-08-13T01:22:14.845728,14.05367859,.004946,98.7848,250.0027,8.1644,46.7801,0,U,30357,999,219,-.82828E-5,-.56E-6,0
FENGYUN 1C DEB,1999-025ABV,2026-08-13T01:09:13.818240,14.22079232,.0080796,98.5572,51.7520,212.4566,271.5831,0,U,30358,999,371,.59676E-3,.1322E-4,0
FENGYUN 1C DEB,1999-025ABW,2026-08-12T15:00:51.262848,13.95421525,.0142769,101.6187,117.7544,96.4862,265.2567,0,U,30359,999,98455,.11564878E-2,.1644E-4,0
FENGYUN 1C DEB,1999-025ABX,2026-08-13T03:39:26.737056,14.27965169,.0030632,98.7506,300.0725,155.9241,268.8770,0,U,30360,999,871,.51621E-3,.1242E-4,0
FENGYUN 1C DEB,1999-025ABY,2026-08-13T02:05:58.494048,14.26300736,.0065486,98.5487,260.3116,41.3535,319.2577,0,U,30361,999,1085,.31651E-3,.734E-5,0
FENGYUN 1C DEB,1999-025ABZ,2026-08-12T08:41:56.261472,14.13519620,.00959568,99.0501,154.7770,20.1871,340.3055,0,U,30362,999,99594,.91613989E-3,.1757E-4,0
FENGYUN 1C DEB,1999-025ACA,2026-08-13T04:23:29.688000,14.18205499,.0078558,99.0185,305.0824,67.6082,293.3392,0,U,30363,999,256,.59523E-3,.1216E-4,0
FENGYUN 1C DEB,1999-025ACB,2026-08-12T04:45:45.214272,14.20230718,.03216411,98.1272,126.1330,330.4484,184.7047,0,U,30364,999,99079,.62281712E-3,.2193E-4,0
FENGYUN 1C DEB,1999-025ACC,2026-08-12T23:18:37.848096,14.19498975,.0167495,98.6324,218.1538,129.1296,288.2689,0,U,30365,999,1044,.83484E-4,.16E-5,0
FENGYUN 1C DEB,1999-025ACD,2026-08-12T07:51:47.683008,14.34132346,.0061035,98.9266,154.5074,229.0179,252.8512,0,U,30366,999,1800,.14520608E-3,.368E-5,0
FENGYUN 1C DEB,1999-025ACF,2026-08-12T05:10:38.296128,13.75527833,.01860228,99.1972,326.5454,28.7127,0.6750,0,U,30368,999,97995,.64254406E-4,.28E-6,0
FENGYUN 1C DEB,1999-025ACG,2026-08-12T23:07:53.246208,14.12244556,.0098338,98.7319,220.9454,224.0729,191.4873,0,U,30369,999,680,.67815E-4,.87E-6,0
FENGYUN 1C DEB,1999-025ACH,2026-08-13T02:10:01.683264,14.20201115,.0098438,99.0379,291.3043,344.0088,80.2760,0,U,30370,999,547,.31919E-3,.668E-5,0
FENGYUN 1C DEB,1999-025ACJ,2026-08-13T02:10:55.017984,14.31292660,.0006248,98.5549,269.4799,343.3077,70.9157,0,U,30371,999,1381,.33659E-3,.847E-5,0
FENGYUN 1C DEB,1999-025ACM,2026-08-13T04:21:09.072000,14.64656500,.0037856,99.2533,123.4748,145.9239,8.4728,0,U,30374,999,2481,.49733E-3,.2612E-4,0
FENGYUN 1C DEB,1999-025ACQ,2026-08-13T00:18:24.559200,13.99420875,.0117876,98.8809,242.3548,313.5887,100.2677,0,U,30377,999,99609,.4137E-4,.2E-6,0
FENGYUN 1C DEB,1999-025ACS,2026-08-13T00:37:09.964128,14.08263740,.0035371,98.7496,237.4864,314.0919,101.6078,0,U,30379,999,234,.1139E-3,.153E-5,0
FENGYUN 1C DEB,1999-025ACT,2026-08-13T03:24:03.790656,14.51220921,.0175699,98.8817,291.7810,203.5201,155.7886,0,U,30380,999,3094,.10099E-3,.429E-5,0
FENGYUN 1C DEB,1999-025ACU,2026-08-12T12:48:54.042048,14.13812065,.00560858,98.7940,260.6243,104.8844,255.8549,0,U,30381,999,95596,.50382447E-3,.925E-5,0
FENGYUN 1C DEB,1999-025ACV,2026-08-13T02:25:22.505088,14.26291923,.0152921,98.4768,260.8941,4.6443,57.2093,0,U,30382,999,1000,.27643E-3,.706E-5,0
FENGYUN 1C DEB,1999-025ACY,2026-08-13T02:37:22.344960,14.39185032,.0123787,99.0595,264.7510,293.9388,129.2028,0,U,30385,999,2267,.831E-4,.227E-5,0
FENGYUN 1C DEB,1999-025ACZ,2026-08-12T14:56:52.448064,13.56302775,.03021088,98.6744,96.4932,246.3095,137.1809,0,U,30386,999,96121,.48782717E-3,.422E-5,0
FENGYUN 1C DEB,1999-025ADA,2026-08-12T12:27:39.218688,14.15301343,.00016312,98.6477,237.3141,97.5469,54.9775,0,U,30387,999,758,.11431541E-3,.18E-5,0
FENGYUN 1C DEB,1999-025ADB,2026-08-13T00:26:31.564896,14.20337102,.0221003,98.5842,243.8767,78.6719,336.3059,0,U,30388,999,881,.20424E-3,.515E-5,0
FENGYUN 1C DEB,1999-025ADC,2026-08-12T05:50:21.784416,14.47474815,.00125405,98.8327,320.4656,207.6928,181.1891,0,U,30389,999,1289,.66937557E-3,.2413E-4,0
FENGYUN 1C DEB,1999-025ADD,2026-08-12T04:48:02.918592,14.31571832,.00673106,98.8164,315.8152,174.5561,216.1083,0,U,30390,999,851,.57871071E-3,.1533E-4,0
FENGYUN 1C DEB,1999-025ADE,2026-08-12T22:27:36.252864,14.17163053,.0069189,98.7611,272.4739,286.6276,198.5008,0,U,30391,999,310,.40181E-3,.785E-5,0
FENGYUN 1C DEB,1999-025ADF,2026-08-12T23:45:34.029216,14.07960558,.0180721,98.7725,241.9436,31.3377,31.8435,0,U,30392,999,85,.28671E-3,.523E-5,0
FENGYUN 1C DEB,1999-025ADG,2026-08-13T02:50:17.658816,13.99073655,.0069993,99.1335,287.4233,312.6925,75.8696,0,U,30393,999,99733,.15513E-3,.184E-5,0
FENGYUN 1C DEB,1999-025ADH,2026-08-13T02:19:44.675040,13.95949295,.0089647,99.4090,263.8292,161.7098,216.9993,0,U,30394,999,99499,.14843E-3,.164E-5,0
FENGYUN 1C DEB,1999-025ADJ,2026-08-12T13:23:39.473664,13.97004686,.01609983,98.9206,238.0915,76.7324,43.2336,0,U,30395,999,99413,.36145776E-3,.521E-5,0
FENGYUN 1C DEB,1999-025ADK,2026-08-13T05:34:04.785312,13.87241046,.0134042,98.2368,206.1660,175.8798,198.1499,0,U,30396,999,98955,.54935E-4,.33E-6,0
FENGYUN 1C DEB,1999-025ADL,2026-08-12T22:20:33.317952,13.99452565,.0149892,98.4311,358.5751,129.8254,359.7768,0,U,30397,999,99165,.16725E-3,.23E-5,0
FENGYUN 1C DEB,1999-025ADM,2026-08-11T16:19:51.689568,13.78915917,.01739918,99.6974,131.0067,25.1463,36.0207,0,U,30398,999,98091,.23132336E-3,.217E-5,0
FENGYUN 1C DEB,1999-025ADP,2026-08-12T07:26:55.320864,14.12502178,.02215033,99.1588,161.9820,15.4570,135.1885,0,U,30400,999,98936,.92749631E-3,.2114E-4,0
FENGYUN 1C DEB,1999-025ADQ,2026-08-12T02:47:49.715232,14.28174099,.01074458,98.9155,111.5784,144.3109,216.5317,0,U,30401,999,1764,.59851944E-4,.113E-5,0
FENGYUN 1C DEB,1999-025ADS,2026-08-13T05:21:27.066816,14.23483995,.0074426,99.0533,315.3291,47.1779,313.5621,0,U,30403,999,268,.65423E-3,.1484E-4,0
FENGYUN 1C DEB,1999-025ADT,2026-08-12T04:19:41.975616,13.34647877,.03785945,99.8270,311.9148,271.1967,84.5820,0,U,30404,999,61270,.13543863E-2,.974E-5,0
FENGYUN 1C DEB,1999-025ADU,2026-08-13T05:16:09.105312,14.30644534,.0050618,98.7944,326.5705,160.7622,229.3999,0,U,30405,999,869,.60564E-3,.1559E-4,0
FENGYUN 1C DEB,1999-025ADV,2026-08-13T04:06:12.708288,13.59873709,.027997,98.6102,91.9376,83.2233,43.0066,0,U,30406,999,96474,.93183E-3,.864E-5,0
FENGYUN 1C DEB,1999-025ADX,2026-08-10T21:31:29.948160,14.37964635,.00478253,99.0186,197.7224,330.0392,86.4309,0,U,30408,999,64999,.15519988E-2,.4708E-4,0
FENGYUN 1C DEB,1999-025ADY,2026-08-12T22:03:55.460160,14.04262750,.0168029,98.4937,201.4150,38.5260,21.8499,0,U,30409,999,99842,.17207E-3,.27E-5,0
FENGYUN 1C DEB,1999-025AEA,2026-08-13T03:48:32.523264,14.09121859,.0121032,98.5718,128.9893,135.3207,225.7794,0,U,30411,999,99410,.68633E-3,.1234E-4,0
FENGYUN 1C DEB,1999-025AEC,2026-08-11T21:27:59.756832,14.35200210,.00449149,102.0605,196.2395,306.1731,127.4721,0,U,30413,999,604,.84935217E-3,.2382E-4,0
FENGYUN 1C DEB,1999-025AED,2026-08-12T10:14:20.839776,14.36810282,.0055437,99.0991,39.6776,196.7242,163.2116,0,U,30414,999,561,.66726975E-3,.1957E-4,0
FENGYUN 1C DEB,1999-025AEE,2026-08-13T03:21:49.371264,13.69536223,.0231023,99.6358,290.6416,5.3262,23.0925,0,U,30415,999,97209,.27015E-3,.238E-5,0
FENGYUN 1C DEB,1999-025AEF,2026-08-13T00:37:39.163008,14.02799914,.0053893,98.8167,246.9430,230.6038,129.0349,0,U,30416,999,35,-.5129E-4,-.123E-5,0
FENGYUN 1C DEB,1999-025AEG,2026-08-12T23:19:04.091232,14.14913321,.0064142,98.7105,213.9318,144.5176,279.3019,0,U,30417,999,822,.10654E-3,.167E-5,0
FENGYUN 1C DEB,1999-025AEH,2026-08-12T12:29:25.823328,14.87591146,.01050782,98.8532,56.5172,61.3813,324.9192,0,U,30418,999,4198,.19042433E-3,.184E-4,0
FENGYUN 1C DEB,1999-025AEJ,2026-08-12T03:42:08.874432,14.18622800,.00532614,99.2590,186.2025,59.5795,313.2173,0,U,30419,999,786,.19478881E-3,.361E-5,0
FENGYUN 1C DEB,1999-025AET,2026-08-13T04:29:54.335616,14.41533527,.0081708,98.8205,137.0489,335.7889,23.9468,0,U,30432,999,2241,.21354E-3,.672E-5,0
FENGYUN 1C DEB,1999-025AEV,2026-08-12T22:04:46.926048,13.90858662,.0120143,99.0191,209.4771,290.1820,124.3289,0,U,30434,999,99087,.11023E-3,.102E-5,0
FENGYUN 1C DEB,1999-025AEW,2026-08-13T04:15:47.823840,13.80805036,.0205292,99.0260,205.5689,181.1446,311.0188,0,U,30435,999,97518,.12213E-2,.1466E-4,0
FENGYUN 1C DEB,1999-025AEX,2026-08-13T03:47:21.478272,14.24547352,.0095277,98.4128,113.8358,141.1408,12.3225,0,U,30436,999,99900,.85928E-3,.2049E-4,0
FENGYUN 1C DEB,1999-025AEY,2026-08-12T15:30:27.165600,14.99373104,.00253513,98.8976,281.7820,43.0422,107.8840,0,U,30437,999,2812,.10227366E-2,.12538E-3,0
FENGYUN 1C DEB,1999-025AEZ,2026-08-12T11:03:19.524960,13.92887665,.01317487,98.7421,233.0421,239.2454,119.5679,0,U,30438,999,98684,.67124406E-3,.893E-5,0
FENGYUN 1C DEB,1999-025AFA,2026-08-12T23:44:54.300768,14.09132815,.0038689,98.7446,234.5900,9.2717,45.2176,0,U,30439,999,205,.16242E-3,.241E-5,0
FENGYUN 1C DEB,1999-025AFC,2026-08-12T05:32:20.581728,13.77928421,.0182669,99.1255,309.3340,334.9061,24.3296,0,U,30441,999,98209,.1754245E-3,.156E-5,0
FENGYUN 1C DEB,1999-025AFD,2026-08-12T06:45:16.758144,14.30896118,.0051519,98.8669,327.2483,301.5672,58.0485,0,U,30442,999,627,.63758551E-3,.1652E-4,0
FENGYUN 1C DEB,1999-025AFE,2026-08-12T08:15:34.427808,14.39653675,.00262889,98.8572,183.9950,344.7227,15.3163,0,U,30443,999,921,.65763707E-3,.2018E-4,0
FENGYUN 1C DEB,1999-025AFG,2026-08-12T10:51:46.532160,14.49796876,.01040568,98.8618,192.7321,8.0270,352.2558,0,U,30445,999,2698,.21821315E-3,.847E-5,0
FENGYUN 1C DEB,1999-025AFH,2026-08-12T04:50:44.414016,14.47262730,.00342764,98.6063,315.3539,87.6529,272.8587,0,U,30446,999,1682,.48528727E-3,.1741E-4,0
FENGYUN 1C DEB,1999-025AFJ,2026-08-11T15:53:10.943808,14.61228915,.00558457,98.9603,109.5119,15.9650,38.6375,0,U,30447,999,1615,.7562547E-3,.3755E-4,0
FENGYUN 1C DEB,1999-025AFK,2026-08-12T06:24:10.533312,14.37506090,.00166737,98.8308,326.8754,22.5619,4.0674,0,U,30448,999,821,.58690943E-3,.1714E-4,0
FENGYUN 1C DEB,1999-025AFM,2026-08-13T00:34:25.501728,14.63589047,.0185139,98.0712,238.9863,162.9454,264.0511,0,U,30450,999,3093,.1614E-3,.1018E-4,0
FENGYUN 1C DEB,1999-025AFP,2026-08-13T01:11:37.212000,14.73865521,.0040792,99.3358,43.2676,224.8178,264.4461,0,U,30452,999,1666,.10835E-2,.7134E-4,0
FENGYUN 1C DEB,1999-025AFQ,2026-08-13T00:28:46.252128,14.26148700,.0112284,98.7983,302.7361,240.4735,246.4502,0,U,30453,999,701,.51088E-3,.1261E-4,0
FENGYUN 1C DEB,1999-025AFR,2026-08-12T07:42:25.021152,14.18079994,.01639684,98.1339,179.0947,207.7231,311.5165,0,U,30454,999,99395,.72556923E-3,.166E-4,0
FENGYUN 1C DEB,1999-025AFZ,2026-08-12T23:07:28.331040,14.06435463,.013835,98.8360,212.2950,287.5504,136.5671,0,U,30462,999,208,.10145E-3,.138E-5,0
FENGYUN 1C DEB,1999-025AGB,2026-08-12T09:47:04.593984,14.10320477,.01081109,98.8037,275.0594,292.9975,78.4551,0,U,30464,999,480,.3395489E-4,.19E-6,0
FENGYUN 1C DEB,1999-025AGC,2026-08-13T04:46:20.638272,14.36045239,.0016786,98.8267,323.8176,38.2262,22.6670,0,U,30465,999,848,.59781E-3,.1695E-4,0
FENGYUN 1C DEB,1999-025AGD,2026-08-13T02:06:10.387008,14.23554887,.0116743,98.6353,265.7442,39.1162,15.1913,0,U,30466,999,812,.34189E-3,.792E-5,0
FENGYUN 1C DEB,1999-025AGE,2026-08-13T01:34:19.029792,14.18051039,.0064612,98.6590,251.7297,147.2891,276.0881,0,U,30467,999,613,.35057E-3,.691E-5,0
FENGYUN 1C DEB,1999-025AGF,2026-08-13T04:24:57.455712,14.22202177,.0072789,98.9138,314.1194,61.9470,328.2546,0,U,30468,999,248,.48647E-3,.1064E-4,0
FENGYUN 1C DEB,1999-025AGG,2026-08-13T00:01:26.336064,13.97154180,.0157184,98.4645,61.7580,210.0161,309.2545,0,U,30469,999,99102,.6289E-3,.937E-5,0
FENGYUN 1C DEB,1999-025AGJ,2026-08-13T04:49:41.766240,14.14942130,.0078803,99.0506,320.9998,286.7786,101.9444,0,U,30471,999,99884,.60546E-3,.116E-4,0
FENGYUN 1C DEB,1999-025AGK,2026-08-12T06:57:05.071392,14.58379760,.00358095,98.6589,339.4229,58.9988,354.9040,0,U,30472,999,1566,.64541071E-3,.2965E-4,0
FENGYUN 1C DEB,1999-025AGM,2026-08-12T05:44:20.242752,14.40649422,.00232262,98.9229,317.9730,12.9373,14.2093,0,U,30474,999,879,.62236596E-3,.1945E-4,0
FENGYUN 1C DEB,1999-025AGN,2026-08-13T01:16:32.642976,14.16351753,.0040575,98.7728,268.0682,317.7992,104.0633,0,U,30475,999,393,.32543E-3,.607E-5,0
FENGYUN 1C DEB,1999-025AGP,2026-08-13T03:04:47.546112,14.22190276,.0043608,99.1080,275.2292,326.7691,89.2542,0,U,30476,999,300,.52144E-3,.112E-4,0
FENGYUN 1C DEB,1999-025AGQ,2026-08-13T02:52:24.499200,13.24381904,.043038,99.4201,290.6050,53.2740,338.8040,0,U,30477,999,93940,-.45608E-3,-.358E-5,0
FENGYUN 1C DEB,1999-025AGS,2026-08-13T00:01:39.353952,14.33964118,.0165829,98.2175,232.8899,138.3769,278.4761,0,U,30480,999,2154,.92125E-4,.256E-5,0
FENGYUN 1C DEB,1999-025AGT,2026-08-12T12:28:07.556160,14.39918468,.02203028,98.3254,240.2890,249.2359,266.7935,0,U,30481,999,1968,.11114322E-3,.41E-5,0
FENGYUN 1C DEB,1999-025AHB,2026-08-12T23:05:37.006368,14.16079735,.0138245,98.4620,232.8844,283.9640,136.0355,0,U,30489,999,828,.98668E-4,.171E-5,0
FENGYUN 1C DEB,1999-025AHE,2026-08-12T08:00:03.751200,14.59314247,.00931287,102.3242,0.7303,139.7991,221.0130,0,U,30492,999,420,.14153697E-2,.7022E-4,0
FENGYUN 1C DEB,1999-025AHF,2026-08-12T23:31:42.327264,13.94152990,.0180005,98.5802,42.9189,262.6371,251.5523,0,U,30493,999,98483,.96847E-3,.1427E-4,0
FENGYUN 1C DEB,1999-025AHG,2026-08-11T01:31:08.412384,13.80024662,.0184229,99.2623,258.5673,302.8862,55.4679,0,U,30494,999,97814,.52151497E-3,.57E-5,0
FENGYUN 1C DEB,1999-025AHH,2026-08-12T13:34:10.788960,12.95326509,.0593619,102.2692,347.7887,129.1705,236.3688,0,U,30495,999,91816,.17327874E-2,.1043E-4,0
FENGYUN 1C DEB,1999-025AHJ,2026-08-12T06:43:27.378336,14.98016637,.01216499,98.7842,164.6738,29.8038,331.0037,0,U,30496,999,4771,.25689854E-3,.3451E-4,0
FENGYUN 1C DEB,1999-025AHL,2026-08-13T02:57:50.064768,14.07338331,.0099921,99.2291,286.2249,199.3579,190.4440,0,U,30498,999,99191,.79896E-3,.1358E-4,0
FENGYUN 1C DEB,1999-025AHN,2026-08-12T05:29:39.145920,14.27636857,.00642427,99.0729,329.4118,136.0167,254.6972,0,U,30500,999,135,.81941314E-3,.2017E-4,0
FENGYUN 1C DEB,1999-025AHP,2026-08-12T22:28:25.637376,14.26882454,.0039018,99.0930,229.8552,220.9363,201.7823,0,U,30501,999,385,.45601E-3,.1068E-4,0
FENGYUN 1C DEB,1999-025AHR,2026-08-12T22:06:36.360288,14.16358847,.0008169,99.1831,81.3251,305.1130,184.6327,0,U,30503,999,789,.10534E-3,.162E-5,0
FENGYUN 1C DEB,1999-025AHS,2026-08-13T03:14:05.337600,14.21024135,.0109635,98.9977,281.0487,241.2982,117.7140,0,U,30504,999,849,.22085E-3,.462E-5,0
FENGYUN 1C DEB,1999-025AHT,2026-08-13T05:31:50.777184,14.23439615,.0061495,98.9175,312.9447,261.9746,125.2362,0,U,30505,999,378,.51714E-3,.1151E-4,0
FENGYUN 1C DEB,1999-025AHU,2026-08-12T23:08:07.408896,14.08887306,.0070833,98.7593,228.1497,21.2676,43.5621,0,U,30506,999,247,.1526E-3,.227E-5,0
FENGYUN 1C DEB,1999-025AHV,2026-08-12T03:57:36.576288,14.14062463,.01271863,98.9962,295.3171,210.1163,178.8295,0,U,30507,999,99923,.6365739E-3,.1263E-4,0
FENGYUN 1C DEB,1999-025AHX,2026-08-12T14:47:36.096864,14.08972499,.01013328,98.4568,86.5406,92.1632,333.0996,0,U,30509,999,99141,.7495083E-3,.1321E-4,0
FENGYUN 1C DEB,1999-025AHY,2026-08-13T00:12:23.160096,14.13949314,.0077233,99.2353,249.9724,202.8460,219.9102,0,U,30510,999,8,.56252E-3,.1051E-4,0
FENGYUN 1C DEB,1999-025AJC,2026-08-12T23:35:57.710112,14.35144106,.0173086,98.3953,247.1033,89.4340,272.6676,0,U,30514,999,1711,.22369E-3,.711E-5,0
FENGYUN 1C DEB,1999-025AJD,2026-08-12T10:03:54.179712,13.64532869,.04937248,98.4851,76.2484,150.7807,334.4348,0,U,30515,999,96639,.28612662E-3,.494E-5,0
FENGYUN 1C DEB,1999-025AJE,2026-08-13T00:52:33.915360,14.44637601,.0006296,98.8638,343.6685,281.1153,135.0365,0,U,30516,999,1224,.70273E-3,.2387E-4,0
FENGYUN 1C DEB,1999-025AJJ,2026-08-12T20:23:58.759296,15.24994146,.0054991,98.7088,80.2096,1.1755,358.9598,0,U,30520,999,4734,.35365E-3,.9117E-4,0
FENGYUN 1C DEB,1999-025AJK,2026-08-13T03:12:23.152320,14.59701737,.0132495,99.0194,25.8491,222.6139,136.4719,0,U,30521,999,3129,.2276E-3,.1162E-4,0
FENGYUN 1C DEB,1999-025AJM,2026-08-12T21:43:59.549376,14.28298015,.0243106,98.4916,201.5681,113.0017,304.2530,0,U,30523,999,1571,.734E-4,.204E-5,0
FENGYUN 1C DEB,1999-025AJN,2026-08-11T17:06:52.820640,13.94915185,.01989148,99.3218,42.8347,314.6546,43.8547,0,U,30524,999,97256,.14916735E-2,.2317E-4,0
FENGYUN 1C DEB,1999-025AJP,2026-08-12T13:29:25.271520,13.59218397,.02944218,98.5876,85.1546,34.8160,327.1864,0,U,30525,999,96415,.48349954E-3,.438E-5,0
FENGYUN 1C DEB,1999-025AJQ,2026-08-13T04:38:49.592256,13.50220418,.0306005,99.5353,302.5622,15.7823,345.2597,0,U,30526,999,95943,.13348E-3,.72E-6,0
FENGYUN 1C DEB,1999-025AJR,2026-08-12T01:31:05.600064,13.31516225,.04093295,100.0457,267.4613,10.0063,18.5193,0,U,30527,999,94581,.32110136E-3,.201E-5,0
FENGYUN 1C DEB,1999-025AJS,2026-08-13T01:29:46.683168,14.13806591,.0142369,98.2086,80.3005,242.6544,273.3061,0,U,30528,999,573,.14289E-3,.258E-5,0
FENGYUN 1C DEB,1999-025AJT,2026-08-13T03:47:39.523776,13.72256769,.0229669,98.4792,124.3167,290.6795,66.9871,0,U,30529,999,97346,.50016E-3,.512E-5,0
FENGYUN 1C DEB,1999-025AJU,2026-08-13T02:15:21.739104,14.37117575,.0100048,98.3684,262.1612,129.0248,256.7532,0,U,30530,999,2281,.96869E-4,.261E-5,0
FENGYUN 1C DEB,1999-025AJV,2026-08-12T08:21:12.145536,14.71056967,.00214184,102.3046,175.5800,266.8716,93.0024,0,U,30531,999,1244,.11921673E-2,.7262E-4,0
FENGYUN 1C DEB,1999-025AJX,2026-08-12T22:16:34.269024,14.59489604,.007513,98.8438,13.4665,127.0863,28.7291,0,U,30533,999,1351,.916E-3,.4468E-4,0
FENGYUN 1C DEB,1999-025AKD,2026-08-12T23:21:23.744736,14.56527770,.011327,98.8963,226.2995,256.2489,102.6078,0,U,30539,999,2883,.12501E-3,.547E-5,0
FENGYUN 1C DEB,1999-025AKE,2026-08-13T01:12:22.393152,14.34662541,.0052216,98.8871,344.7397,69.8571,346.2813,0,U,30540,999,772,.5821E-3,.1626E-4,0
FENGYUN 1C DEB,1999-025AKF,2026-08-12T13:30:29.168640,14.24044254,.00184023,98.6750,272.9662,100.3965,259.9289,0,U,30541,999,776,.36024669E-3,.786E-5,0
FENGYUN 1C DEB,1999-025AKG,2026-08-13T00:57:00.554400,14.07085610,.0028088,98.7641,251.6181,10.2187,44.3451,0,U,30542,999,325,.11921E-4,-.23E-6,0
FENGYUN 1C DEB,1999-025AKH,2026-08-12T07:26:43.700928,14.03907626,.00732006,98.8306,232.0218,75.1812,50.5969,0,U,30543,999,99908,-.2779314E-5,-.47E-6,0
FENGYUN 1C DEB,1999-025AKK,2026-08-12T23:15:39.267072,13.20933529,.0472377,98.9905,48.6472,141.3608,222.2327,0,U,30545,999,94141,.21707E-3,.127E-5,0
FENGYUN 1C DEB,1999-025AKL,2026-08-13T04:25:45.653088,14.90725839,.0087993,98.8794,116.1914,103.1571,47.2355,0,U,30546,999,4080,.27051E-3,.2783E-4,0
FENGYUN 1C DEB,1999-025AKM,2026-08-12T13:36:33.051744,14.38069462,.00945113,98.8809,81.0437,220.7639,195.0200,0,U,30547,999,2210,.80321673E-4,.206E-5,0
FENGYUN 1C DEB,1999-025AKN,2026-08-11T17:59:37.036608,14.28785721,.00675034,99.6751,152.1986,10.6359,19.7513,0,U,30548,999,17549,.70220587E-3,.176E-4,0
FENGYUN 1C DEB,1999-025AKP,2026-08-12T05:57:17.497152,14.00177947,.02846039,98.4900,332.4040,296.1857,61.0300,0,U,30549,999,98686,.43398147E-3,.865E-5,0
FENGYUN 1C DEB,1999-025AKQ,2026-08-12T04:21:01.406592,14.03991699,.01310475,99.0466,123.3036,344.8221,173.6698,0,U,30550,999,98795,.91925761E-3,.1523E-4,0
FENGYUN 1C DEB,1999-025AKS,2026-08-12T08:46:24.427200,14.60856408,.00124283,98.8435,16.1973,229.4926,130.5190,0,U,30552,999,1187,.88139616E-3,.4262E-4,0
FENGYUN 1C DEB,1999-025AKT,2026-08-12T22:16:56.930016,14.82237527,.001839,99.1320,356.8210,109.1692,251.1509,0,U,30553,999,2052,.9037E-3,.717E-4,0
FENGYUN 1C DEB,1999-025AKV,2026-08-12T02:51:58.974912,14.21981246,.00403943,98.7386,280.4079,293.6490,118.7455,0,U,30555,999,380,.4966714E-3,.1062E-4,0
FENGYUN 1C DEB,1999-025AKW,2026-08-12T21:36:00.229824,14.01639684,.0066193,98.7989,214.2902,283.3641,136.7645,0,U,30556,999,99663,.21185E-3,.284E-5,0
FENGYUN 1C DEB,1999-025AKX,2026-08-13T03:42:14.658048,14.11784672,.0066403,98.9055,293.5265,264.0243,95.3358,0,U,30557,999,99734,.5706E-3,.1017E-4,0
FENGYUN 1C DEB,1999-025AKY,2026-08-12T07:32:15.373248,13.29400098,.04232071,99.4741,350.8271,47.4876,316.1194,0,U,30558,999,93980,-.28948512E-3,-.257E-5,0
FENGYUN 1C DEB,1999-025ALA,2026-08-12T22:04:39.968256,14.17312173,.0114062,98.6781,217.7642,233.5278,184.5287,0,U,30560,999,814,.84029E-4,.137E-5,0
FENGYUN 1C DEB,1999-025ALB,2026-08-12T23:17:49.477056,14.11534499,.0060373,98.7302,225.4272,142.7594,273.1279,0,U,30561,999,410,.1112E-3,.163E-5,0
FENGYUN 1C DEB,1999-025ALC,2026-08-13T04:25:14.785824,14.24480269,.0056763,98.7485,296.8511,280.4963,104.8563,0,U,30562,999,457,.54493E-3,.1239E-4,0
FENGYUN 1C DEB,1999-025ALE,2026-08-13T00:08:06.874368,14.06348879,.0201662,98.7905,234.9544,154.7320,264.6435,0,U,30564,999,99714,.91097E-4,.139E-5,0
FENGYUN 1C DEB,1999-025ALF,2026-08-12T14:07:13.946304,14.11413562,.01416089,98.4462,85.5467,22.2031,5.6874,0,U,30565,999,99351,.61183992E-3,.1177E-4,0
FENGYUN 1C DEB,1999-025ALG,2026-08-12T15:42:49.642272,14.12681136,.00669402,99.1997,284.7151,219.8908,293.0510,0,U,30566,999,99811,.50118432E-3,.902E-5,0
FENGYUN 1C DEB,1999-025ALH,2026-08-12T21:48:45.148896,14.09142571,.0107694,98.7929,214.5671,222.7389,166.5435,0,U,30567,999,198,.17483E-3,.277E-5,0
FENGYUN 1C DEB,1999-025ALJ,2026-08-13T02:02:21.586848,14.60869248,.0016875,98.9463,58.6973,161.9199,321.2507,0,U,30568,999,1198,.77642E-3,.3751E-4,0
FENGYUN 1C DEB,1999-025ALK,2026-08-13T00:46:55.534944,14.85788369,.0004326,98.7432,30.5064,41.3074,318.8465,0,U,30569,999,1797,.10934E-2,.9454E-4,0
FENGYUN 1C DEB,1999-025ALL,2026-08-13T00:23:19.741344,14.14646074,.0034292,98.6911,256.3192,236.8815,184.6172,0,U,30570,999,431,.188E-3,.32E-5,0
FENGYUN 1C DEB,1999-025ALM,2026-08-13T00:20:04.231104,14.10905373,.0020112,98.7111,249.0723,265.0679,114.3992,0,U,30571,999,311,.12935E-3,.19E-5,0
FENGYUN 1C DEB,1999-025ALN,2026-08-13T01:29:30.954048,14.09125468,.0021469,98.7487,252.8853,328.8271,85.7354,0,U,30572,999,184,.20725E-4,-.7E-7,0
FENGYUN 1C DEB,1999-025ALP,2026-08-13T02:14:25.229184,14.15296416,.0085829,99.2109,275.6684,310.0123,78.9004,0,U,30573,999,99638,.6686E-3,.1301E-4,0
FENGYUN 1C DEB,1999-025ALQ,2026-08-11T09:18:14.582592,13.78863042,.02177517,99.3249,27.6407,70.3890,292.0626,0,U,30574,999,97097,.90051125E-3,.1052E-4,0
FENGYUN 1C DEB,1999-025ALR,2026-08-12T13:27:21.156192,14.41347478,.00523054,99.1746,337.8370,242.3211,182.0562,0,U,30575,999,1705,.31723697E-3,.993E-5,0
FENGYUN 1C DEB,1999-025ALT,2026-08-12T14:24:20.049984,14.11521588,.00280317,98.7463,257.5876,315.2969,196.8428,0,U,30577,999,199,.1902607E-3,.303E-5,0
FENGYUN 1C DEB,1999-025ALV,2026-08-13T00:05:11.046048,14.05483724,.0053661,98.7884,247.4609,140.2232,280.0415,0,U,30579,999,99874,.31466E-3,.475E-5,0
FENGYUN 1C DEB,1999-025ALZ,2026-08-12T13:28:46.814016,14.17518042,.01935007,99.1216,92.7297,348.3505,11.3224,0,U,30594,999,953,.56096693E-4,.87E-6,0
FENGYUN 1C DEB,1999-025AMB,2026-08-12T22:39:24.799392,14.34904886,.0245583,98.4232,221.7922,284.5375,102.5395,0,U,30596,999,2047,.90486E-4,.306E-5,0
FENGYUN 1C DEB,1999-025AMC,2026-08-12T22:26:31.735392,16.05781289,.0018766,98.9029,210.4724,180.2560,179.8710,0,U,30597,999,2206,.10837E-1,.5847966E-1,.71958E-1
FENGYUN 1C DEB,1999-025AME,2026-08-12T12:36:33.433344,14.20653782,.02996641,98.5974,234.8444,1.6178,358.5899,0,U,30599,999,612,.28443342E-3,.913E-5,0
FENGYUN 1C DEB,1999-025AMF,2026-08-12T06:13:24.479040,14.11667566,.03137687,98.3908,158.1182,273.0295,83.5021,0,U,30600,999,97849,.56762273E-3,.1594E-4,0
FENGYUN 1C DEB,1999-025AMJ,2026-08-12T23:59:03.725088,13.84865393,.0180054,98.4004,227.6208,258.9386,158.9401,0,U,30603,999,98242,.56866E-3,.689E-5,0
FENGYUN 1C DEB,1999-025AMK,2026-08-13T00:46:01.362144,14.24003510,.0208937,98.3770,253.9040,14.4608,48.3062,0,U,30604,999,1270,.11311E-3,.28E-5,0
FENGYUN 1C DEB,1999-025AMM,2026-08-12T23:23:09.849120,14.59634005,.0208942,98.0908,234.0951,97.5145,322.5052,0,U,30606,999,2789,.30506E-3,.1918E-4,0
FENGYUN 1C DEB,1999-025AMP,2026-08-13T03:50:04.656768,14.29549460,.0014356,98.6856,292.2020,175.4903,212.5639,0,U,30608,999,915,.40621E-3,.995E-5,0
FENGYUN 1C DEB,1999-025AMQ,2026-08-12T11:07:36.581376,14.12979165,.01174905,98.5631,135.4838,79.0242,282.4122,0,U,30609,999,99154,.8810007E-3,.1713E-4,0
FENGYUN 1C DEB,1999-025AMX,2026-08-13T01:18:50.456160,13.36569333,.0381929,98.6256,251.5542,5.0410,355.4400,0,U,30616,999,94950,.50245E-3,.359E-5,0
FENGYUN 1C DEB,1999-025ANA,2026-08-13T00:47:58.929216,14.41681097,.0214238,98.2783,245.8691,43.2588,318.5204,0,U,30619,999,2443,.1403E-3,.551E-5,0
FENGYUN 1C DEB,1999-025ANC,2026-08-12T07:35:22.748064,14.05238464,.01368658,98.7002,162.7772,345.2980,166.3004,0,U,30621,999,98995,.6752608E-3,.1145E-4,0
FENGYUN 1C DEB,1999-025AND,2026-08-13T04:34:59.236896,14.34766999,.0069621,100.9945,306.7396,75.9479,314.1293,0,U,30622,999,72285,.1065E-2,.3039E-4,0
FENGYUN 1C DEB,1999-025ANE,2026-08-12T21:44:15.848736,13.29549801,.0403268,98.8502,14.3633,227.2554,289.3908,0,U,30623,999,94447,.56235E-3,.371E-5,0
FENGYUN 1C DEB,1999-025ANF,2026-08-10T17:56:11.867712,14.73907008,.00159638,98.8811,330.3721,235.9014,124.0677,0,U,30624,999,1024,.13430324E-2,.8775E-4,0
FENGYUN 1C DEB,1999-025ANG,2026-08-13T03:58:52.748256,14.47016094,.0043306,98.9215,198.2347,299.3720,60.3149,0,U,30625,999,200,.12256E-2,.4463E-4,0
FENGYUN 1C DEB,1999-025ANK,2026-08-12T14:23:00.267360,14.76472470,.00184811,99.3428,181.6304,212.0281,147.9802,0,U,30628,999,2040,.7612929E-3,.5251E-4,0
FENGYUN 1C DEB,1999-025ANL,2026-08-13T01:45:59.567040,14.66649167,.0008949,99.2547,355.4705,162.2933,253.5722,0,U,30629,999,1448,.98927E-3,.5447E-4,0
FENGYUN 1C DEB,1999-025ANM,2026-08-12T12:04:35.014656,14.23210041,.00267593,99.1836,52.7104,100.7901,286.4055,0,U,30630,999,663,.29009097E-3,.611E-5,0
FENGYUN 1C DEB,1999-025ANP,2026-08-12T22:48:25.847424,14.72723041,.0016234,98.8341,20.4041,131.5459,359.3550,0,U,30632,999,1259,.10649E-2,.6756E-4,0
FENGYUN 1C DEB,1999-025ANQ,2026-08-12T13:36:39.719232,14.05009863,.01289402,98.4026,77.0058,292.3945,136.2092,0,U,30633,999,99301,.31251468E-3,.501E-5,0
FENGYUN 1C DEB,1999-025ANR,2026-08-12T22:38:04.697088,14.11455483,.0119072,99.3074,221.3098,138.2920,286.2035,0,U,30634,999,99046,.75046E-3,.1407E-4,0
FENGYUN 1C DEB,1999-025ANW,2026-08-12T21:19:59.211264,14.35942012,.0061585,99.0260,352.4649,291.0127,68.4477,0,U,30639,999,203,.88871E-3,.2587E-4,0
FENGYUN 1C DEB,1999-025ANX,2026-08-13T04:27:16.569216,14.15822621,.0081547,99.0432,304.9077,131.1567,258.8365,0,U,30640,999,99889,.52755E-3,.1026E-4,0
FENGYUN 1C DEB,1999-025ANY,2026-08-12T21:46:23.888352,14.81441168,.0131168,98.9652,192.3330,80.2801,343.0978,0,U,30641,999,4130,.22265E-3,.1948E-4,0
FENGYUN 1C DEB,1999-025APD,2026-08-13T00:44:32.752032,14.10183851,.004937,98.6391,241.0706,61.7917,298.8227,0,U,30646,999,29,.29913E-3,.494E-5,0
FENGYUN 1C DEB,1999-025APE,2026-08-12T08:00:37.035936,14.61719551,.00277359,98.9950,181.5518,151.8533,4.9324,0,U,30647,999,1527,.70332616E-3,.3469E-4,0
FENGYUN 1C DEB,1999-025APF,2026-08-12T06:29:43.298592,14.51520313,.00338315,98.6435,330.0483,112.4114,275.7166,0,U,30648,999,1382,.6386524E-3,.2525E-4,0
FENGYUN 1C DEB,1999-025APG,2026-08-13T05:31:38.313984,14.31390991,.0049907,98.8108,328.6201,178.5355,213.4977,0,U,30649,999,544,.6429E-3,.1683E-4,0
FENGYUN 1C DEB,1999-025APH,2026-08-13T02:12:31.703040,14.15044977,.007068,99.1893,277.8709,224.4046,206.1542,0,U,30650,999,99739,.5416E-3,.1027E-4,0
FENGYUN 1C DEB,1999-025APJ,2026-08-13T00:45:10.978848,14.07880143,.0007298,98.7587,256.2043,304.7428,118.8066,0,U,30652,999,115,.1275E-3,.174E-5,0
FENGYUN 1C DEB,1999-025APL,2026-08-12T07:47:39.239808,14.18035309,.00343918,99.2478,162.3591,130.8753,229.5409,0,U,30654,999,115,.40392946E-3,.785E-5,0
FENGYUN 1C DEB,1999-025APN,2026-08-13T01:03:22.700736,14.49025202,.0031425,99.0215,60.1541,82.3049,278.1709,0,U,30656,999,599,.65487E-3,.245E-4,0
FENGYUN 1C DEB,1999-025APP,2026-08-12T06:58:15.155616,14.41520280,.00146998,98.8408,335.0787,350.7966,35.5763,0,U,30657,999,722,.63372489E-3,.2014E-4,0
FENGYUN 1C DEB,1999-025APQ,2026-08-12T11:19:41.507616,13.88195420,.01787196,98.4223,238.4975,279.4008,78.6988,0,U,30658,999,98051,.73179414E-3,.953E-5,0
FENGYUN 1C DEB,1999-025APS,2026-08-12T06:37:04.266912,14.91027232,.01280991,98.1444,332.7640,259.7461,154.9955,0,U,30660,999,4395,.17182533E-3,.1915E-4,0
FENGYUN 1C DEB,1999-025APT,2026-08-12T11:57:17.290656,14.21308541,.01447533,99.4898,63.2599,81.1207,280.6325,0,U,30661,999,1351,.56922603E-4,.88E-6,0
FENGYUN 1C DEB,1999-025APU,2026-08-13T04:00:49.105728,14.23692656,.0031093,99.0358,292.9632,293.6403,122.9974,0,U,30662,999,93,.53029E-3,.1169E-4,0
FENGYUN 1C DEB,1999-025APV,2026-08-13T03:40:31.429920,13.24753006,.0647379,99.2958,122.8305,267.6383,85.0527,0,U,30663,999,92269,.53713E-3,.68E-5,0
FENGYUN 1C DEB,1999-025APX,2026-08-12T21:31:37.196256,14.13597788,.0065859,99.2195,208.6092,240.4972,179.1191,0,U,30665,999,99404,.49588E-3,.907E-5,0
FENGYUN 1C DEB,1999-025APY,2026-08-12T22:49:07.943232,14.02793318,.0060426,98.8466,206.3686,185.3909,236.6673,0,U,30666,999,99520,.22786E-3,.315E-5,0
FENGYUN 1C DEB,1999-025AQA,2026-08-12T03:59:36.491712,14.13637149,.00767602,99.1214,306.8604,284.1903,104.6085,0,U,30668,999,99479,.58825543E-3,.1095E-4,0
FENGYUN 1C DEB,1999-025AQB,2026-08-12T07:02:33.071712,14.03808351,.01156182,98.6405,153.8952,215.2144,297.6308,0,U,30669,999,98855,.35980066E-3,.56E-5,0
FENGYUN 1C DEB,1999-025AQC,2026-08-13T02:38:10.698720,14.15917857,.0040268,98.6785,268.6304,92.0122,325.5916,0,U,30670,999,574,.56528E-4,.7E-6,0
FENGYUN 1C DEB,1999-025AQD,2026-08-13T03:30:32.624352,13.96284896,.0127484,99.2354,295.6799,90.3943,301.9760,0,U,30671,999,98591,.59523E-3,.833E-5,0
FENGYUN 1C DEB,1999-025AQF,2026-08-12T14:27:51.132096,14.03568085,.00518497,98.8874,273.6187,185.1620,329.2699,0,U,30673,999,99938,.2683537E-3,.383E-5,0
FENGYUN 1C DEB,1999-025AQH,2026-08-13T04:43:40.088064,14.29021058,.0052539,98.7451,309.8325,175.9269,239.4616,0,U,30675,999,365,.67048E-3,.1678E-4,0
FENGYUN 1C DEB,1999-025AQJ,2026-08-13T04:37:57.169920,13.74925289,.0469608,98.2870,24.6618,107.3205,257.9871,0,U,30676,999,97268,.40685E-3,.836E-5,0
FENGYUN 1C DEB,1999-025AQK,2026-08-12T14:16:14.812032,14.39646080,.00651863,98.2365,265.2999,191.4005,320.9414,0,U,30677,999,1461,.41901797E-3,.1301E-4,0
FENGYUN 1C DEB,1999-025AQL,2026-08-12T21:57:37.721088,14.27392737,.0067108,99.0759,199.3944,251.1136,134.0187,0,U,30678,999,99341,.85503E-3,.2099E-4,0
FENGYUN 1C DEB,1999-025AQM,2026-08-12T11:18:20.378016,13.80027658,.01721896,99.3569,278.8355,156.9222,329.5630,0,U,30679,999,97867,.27312222E-3,.274E-5,0
FENGYUN 1C DEB,1999-025AQN,2026-08-12T01:23:19.473792,13.57617000,.03143317,99.6480,267.0522,276.5817,79.9637,0,U,30680,999,95540,.2434483E-2,.2365E-4,0
FENGYUN 1C DEB,1999-025AQR,2026-08-12T12:37:42.289824,14.01242294,.01350797,99.4049,248.3950,281.4373,235.9254,0,U,30683,999,98950,.69868461E-3,.1089E-4,0
FENGYUN 1C DEB,1999-025AQS,2026-08-12T14:20:28.584384,13.67284219,.0234633,99.5136,267.3486,6.3242,354.0776,0,U,30684,999,96947,.43831339E-3,.401E-5,0
FENGYUN 1C DEB,1999-025AQU,2026-08-13T02:08:06.650304,14.76295214,.0139213,99.0126,91.9907,81.3910,72.4990,0,U,30686,999,3190,.24265E-3,.19E-4,0
FENGYUN 1C DEB,1999-025AQW,2026-08-13T04:57:13.097376,14.34594917,.0013725,98.6895,304.7339,321.6355,94.6717,0,U,30688,999,750,.5771E-3,.1587E-4,0
FENGYUN 1C DEB,1999-025AQX,2026-08-12T22:11:39.795360,14.12128625,.0111124,98.7288,209.5332,131.6051,292.4191,0,U,30689,999,314,.13648E-3,.223E-5,0
FENGYUN 1C DEB,1999-025AQY,2026-08-12T12:59:52.525824,14.03455262,.01027777,99.1664,161.5916,124.4150,292.5414,0,U,30690,999,99112,.51759993E-3,.804E-5,0
FENGYUN 1C DEB,1999-025AQZ,2026-08-12T23:29:50.257824,13.90074021,.0136867,98.7417,226.7731,287.5622,126.9902,0,U,30691,999,98495,.47156E-3,.586E-5,0
FENGYUN 1C DEB,1999-025ARB,2026-08-12T21:55:35.140224,14.13556663,.002858,98.7077,208.3511,193.5585,166.4823,0,U,30693,999,368,.12264E-3,.189E-5,0
FENGYUN 1C DEB,1999-025ARC,2026-08-12T11:01:59.791584,14.91315767,.01197018,99.0633,230.5340,240.3981,118.5264,0,U,30694,999,3708,.10967971E-3,.1167E-4,0
FENGYUN 1C DEB,1999-025ARE,2026-08-12T15:29:10.030272,14.46026272,.00888373,98.3641,275.4624,109.3151,42.1428,0,U,30696,999,1800,.32101865E-3,.1155E-4,0
FENGYUN 1C DEB,1999-025ARF,2026-08-13T03:47:26.733120,14.14638330,.0085878,98.8910,285.9665,214.1815,170.8540,0,U,30697,999,99701,.53421E-3,.1019E-4,0
FENGYUN 1C DEB,1999-025ARH,2026-08-12T08:50:54.616416,14.50671342,.00026174,99.3262,13.9390,219.9066,140.1933,0,U,30699,999,1128,.61298163E-3,.2355E-4,0
FENGYUN 1C DEB,1999-025ARJ,2026-08-13T01:26:23.395200,14.23991744,.0086806,98.5195,251.1528,153.7754,206.7860,0,U,30700,999,1026,.78996E-4,.147E-5,0
FENGYUN 1C DEB,1999-025ARK,2026-08-13T01:58:05.193120,14.13949505,.0035515,98.6863,264.9268,127.6922,287.8188,0,U,30701,999,559,.143E-4,-.15E-6,0
FENGYUN 1C DEB,1999-025ARL,2026-08-12T21:56:27.158208,14.04210089,.0070052,98.7571,241.0779,340.9433,136.3651,0,U,30702,999,99574,.36887E-3,.556E-5,0
FENGYUN 1C DEB,1999-025ARM,2026-08-12T23:24:59.018976,14.20337420,.0115149,99.1562,223.2402,321.0224,113.4999,0,U,30703,999,99992,.42368E-3,.921E-5,0
FENGYUN 1C DEB,1999-025ARN,2026-08-12T23:45:37.631232,14.02229126,.0082112,98.8829,222.4226,141.6982,281.7240,0,U,30704,999,99520,.66868E-4,.63E-6,0
FENGYUN 1C DEB,1999-025ARP,2026-08-12T23:23:39.645888,13.82498704,.0198314,102.1946,44.4663,65.1670,83.4613,0,U,30705,999,97369,.6217E-3,.716E-5,0
FENGYUN 1C DEB,1999-025ARQ,2026-08-13T04:12:04.207680,14.27280536,.0026225,99.0488,133.3208,145.1040,215.1865,0,U,30706,999,1099,.26585E-3,.605E-5,0
FENGYUN 1C DEB,1999-025ARR,2026-08-13T04:19:53.114304,14.28139692,.0028074,99.3977,302.8387,95.9914,319.1971,0,U,30707,999,272,.5686E-3,.137E-4,0
FENGYUN 1C DEB,1999-025ARS,2026-08-11T23:22:52.804992,14.12309158,.00073873,98.6833,235.1487,225.9396,196.9406,0,U,30708,999,212,.89742764E-4,.123E-5,0
FENGYUN 1C DEB,1999-025ART,2026-08-12T21:47:37.737888,14.19536548,.0079883,99.1553,215.5667,301.1166,58.2190,0,U,30709,999,99444,.71242E-3,.1503E-4,0
FENGYUN 1C DEB,1999-025ARU,2026-08-12T04:44:34.057824,13.96041914,.02186177,102.7479,210.1386,229.8597,198.6290,0,U,30710,999,98170,.81661313E-3,.1293E-4,0
FENGYUN 1C DEB,1999-025ARY,2026-08-11T19:03:38.947392,14.03719619,.00648224,98.8114,270.1054,329.0166,101.1135,0,U,30714,999,99388,.36896092E-3,.548E-5,0
FENGYUN 1C DEB,1999-025ARZ,2026-08-13T03:47:29.325984,14.16007439,.006587,98.9623,300.6987,195.6645,164.2492,0,U,30715,999,99625,.66248E-3,.1289E-4,0
FENGYUN 1C DEB,1999-025ASA,2026-08-13T02:17:05.120160,14.94249478,.0016421,98.8594,81.5068,35.7301,115.1356,0,U,30716,999,1440,.11972E-2,.12825E-3,0
FENGYUN 1C DEB,1999-025ASB,2026-08-12T03:42:42.880608,14.21867201,.00444509,99.0056,304.7665,283.4312,76.1912,0,U,30717,999,99980,.53224147E-3,.1138E-4,0
FENGYUN 1C DEB,1999-025ASC,2026-08-12T23:00:36.842400,14.25820230,.0056461,98.8830,313.3845,172.8458,187.3540,0,U,30718,999,204,.52881E-3,.1233E-4,0
FENGYUN 1C DEB,1999-025ASD,2026-08-12T22:03:53.987904,14.67074408,.0010811,98.8959,30.6744,158.9464,201.2185,0,U,30719,999,994,.10014E-2,.5572E-4,0
FENGYUN 1C DEB,1999-025ASE,2026-08-13T00:05:04.256736,14.29955323,.0031289,99.0460,52.6888,346.4600,165.5076,0,U,30720,999,926,.21723E-3,.515E-5,0
FENGYUN 1C DEB,1999-025ASF,2026-08-13T03:48:40.463424,14.82910273,.0021238,98.7186,21.2251,289.3174,124.9632,0,U,30721,999,1419,.94905E-3,.7669E-4,0
FENGYUN 1C DEB,1999-025ASH,2026-08-12T13:45:49.918752,14.44414686,.0013665,98.8410,324.6085,251.1323,236.2044,0,U,30723,999,872,.7629258E-3,.2586E-4,0
FENGYUN 1C DEB,1999-025ASJ,2026-08-11T08:13:01.475616,14.37549214,.00918741,99.3068,72.9410,277.0579,259.3766,0,U,30724,999,1916,.12038237E-3,.325E-5,0
FENGYUN 1C DEB,1999-025ASK,2026-08-13T04:04:40.986048,14.17288556,.0087316,98.9939,301.7554,60.3308,329.9881,0,U,30725,999,99795,.5615E-3,.1133E-4,0
FENGYUN 1C DEB,1999-025ASL,2026-08-13T00:19:54.334848,14.10174603,.0076777,99.2670,238.9482,269.0117,117.6628,0,U,30726,999,99411,.38306E-3,.649E-5,0
FENGYUN 1C DEB,1999-025ASN,2026-08-12T10:36:19.089504,14.23557661,.00995534,98.5303,228.8084,94.7540,266.5016,0,U,30728,999,1139,.36146936E-4,.45E-6,0
FENGYUN 1C DEB,1999-025ASQ,2026-08-13T02:08:21.410016,14.26465912,.0078154,98.5979,264.9435,60.0136,354.8432,0,U,30730,999,464,.30185E-3,.708E-5,0
FENGYUN 1C DEB,1999-025ASR,2026-08-12T06:12:46.590048,14.44868787,.00124513,98.8539,318.2488,236.7193,185.6817,0,U,30731,999,849,.7306868E-3,.2498E-4,0
FENGYUN 1C DEB,1999-025ASS,2026-08-12T23:44:04.282944,14.04156726,.0122619,98.7898,242.4148,248.1329,140.5943,0,U,30732,999,99605,.31159E-3,.485E-5,0
FENGYUN 1C DEB,1999-025ASV,2026-08-11T03:53:44.670048,14.25416357,.00573631,98.7503,298.5453,264.7010,124.6683,0,U,30735,999,179,.54942243E-3,.1274E-4,0
FENGYUN 1C DEB,1999-025ASW,2026-08-12T13:16:20.083008,13.62357640,.02798142,98.7628,243.3899,139.3145,12.0205,0,U,30736,999,96158,.76098838E-3,.731E-5,0
FENGYUN 1C DEB,1999-025ASX,2026-08-11T21:44:02.301216,14.18548921,.0023759,98.6024,203.6300,151.9913,237.8044,0,U,30737,999,462,.12234E-3,.211E-5,0
FENGYUN 1C DEB,1999-025ASZ,2026-08-12T22:42:27.677952,14.15267917,.0100556,98.7122,211.2353,342.1391,73.3236,0,U,30739,999,291,.14656E-3,.256E-5,0
FENGYUN 1C DEB,1999-025ATA,2026-08-12T06:46:00.264864,14.56355849,.00310324,98.6965,343.7392,116.5616,243.8767,0,U,30740,999,1165,.68759831E-3,.3018E-4,0
FENGYUN 1C DEB,1999-025ATB,2026-08-12T23:57:50.804352,14.13365942,.000691,98.6771,231.9675,138.7011,277.5021,0,U,30741,999,241,.64652E-4,.79E-6,0
FENGYUN 1C DEB,1999-025ATC,2026-08-12T01:30:50.631264,14.11375593,.00694192,98.8536,270.1674,261.4920,167.4008,0,U,30742,999,99459,.52356032E-3,.924E-5,0
FENGYUN 1C DEB,1999-025ATE,2026-08-13T00:42:05.142816,15.26840395,.0008426,98.7309,48.5515,219.7508,263.1686,0,U,30744,999,1745,.25665E-2,.68227E-3,0
FENGYUN 1C DEB,1999-025ATG,2026-08-13T00:08:33.590112,14.28016867,.0045892,99.0605,59.5643,336.9685,177.6396,0,U,30746,999,917,.17507E-3,.391E-5,0
FENGYUN 1C DEB,1999-025ATK,2026-08-12T07:47:42.694080,13.99891969,.00576043,98.8623,248.7984,276.2163,83.2442,0,U,30749,999,99360,-.71189401E-4,-.149E-5,0
FENGYUN 1C DEB,1999-025ATL,2026-08-12T04:41:37.731840,14.30508645,.00410083,98.9101,309.3316,112.8590,277.4517,0,U,30750,999,244,.6129074E-3,.1566E-4,0
FENGYUN 1C DEB,1999-025ATM,2026-08-13T03:06:25.141824,14.16320844,.0053445,98.8392,287.5445,120.7241,269.6138,0,U,30751,999,99720,.53552E-3,.1034E-4,0
FENGYUN 1C DEB,1999-025ATP,2026-08-13T01:44:17.890656,14.13397861,.0055696,98.7885,264.4632,25.4717,334.9182,0,U,30753,999,99788,.37251E-3,.667E-5,0
FENGYUN 1C DEB,1999-025ATR,2026-08-12T22:22:24.119040,14.45933561,.0148312,98.2714,218.2827,248.9723,140.0478,0,U,30755,999,1944,.12408E-3,.455E-5,0
FENGYUN 1C DEB,1999-025ATS,2026-08-13T04:01:29.914176,14.19592440,.0070223,98.9774,300.8020,344.0224,45.1248,0,U,30756,999,99857,.5114E-3,.106E-4,0
FENGYUN 1C DEB,1999-025ATU,2026-08-13T01:08:20.579424,14.18094916,.0039616,99.0372,352.6031,34.0583,18.7042,0,U,30758,999,99938,.38447E-3,.749E-5,0
FENGYUN 1C DEB,1999-025ATV,2026-08-12T09:12:05.363424,14.59667909,.00094896,99.2668,4.1245,156.4814,270.4084,0,U,30759,999,1190,.77730661E-3,.365E-4,0
FENGYUN 1C DEB,1999-025ATW,2026-08-12T22:52:12.942048,14.05349946,.0053537,98.8335,220.2437,22.3345,338.0137,0,U,30760,999,99638,-.2046E-4,-.77E-6,0
FENGYUN 1C DEB,1999-025ATX,2026-08-13T02:19:01.608096,14.36888574,.0082902,98.9764,166.2564,319.6644,39.8411,0,U,30761,999,1236,.28874E-3,.839E-5,0
FENGYUN 1C DEB,1999-025ATY,2026-08-12T21:51:26.110368,13.98405819,.0197645,98.8914,213.2003,342.7075,77.5003,0,U,30762,999,99036,.27343E-3,.418E-5,0
FENGYUN 1C DEB,1999-025ATZ,2026-08-13T00:01:32.715840,14.71192420,.0018907,98.8881,321.5072,230.6945,183.4936,0,U,30763,999,707,.13215E-2,.8114E-4,0
FENGYUN 1C DEB,1999-025AUA,2026-08-13T00:13:37.763040,15.53470142,.0044837,98.7786,249.4424,48.7817,311.7283,0,U,30764,999,4968,.64387E-3,.42691E-3,0
FENGYUN 1C DEB,1999-025AUB,2026-08-13T02:10:10.710336,14.15363032,.0066465,98.7649,272.1077,234.2186,154.8351,0,U,30765,999,241,.3178E-3,.589E-5,0
FENGYUN 1C DEB,1999-025AUC,2026-08-12T05:45:53.084736,14.10082050,.00837303,98.6804,221.0094,106.0935,266.7088,0,U,30766,999,66214,.22808968E-3,.375E-5,0
FENGYUN 1C DEB,1999-025AUE,2026-08-12T23:35:31.499808,14.51209818,.0025412,98.6165,325.0264,83.7980,336.6412,0,U,30768,999,1396,.67334E-3,.2639E-4,0
FENGYUN 1C DEB,1999-025AUG,2026-08-12T23:09:24.781824,14.15954755,.0012679,98.6555,229.0738,311.8992,111.8804,0,U,30770,999,340,.12655E-3,.207E-5,0
FENGYUN 1C DEB,1999-025AUH,2026-08-12T21:55:05.289024,14.46755300,.0020085,98.9123,217.0353,295.9728,63.9393,0,U,30771,999,572,.74399E-3,.265E-4,0
FENGYUN 1C DEB,1999-025AUL,2026-08-13T04:39:43.612128,14.34496986,.0018687,98.8342,321.9893,51.0306,19.0642,0,U,30802,999,689,.59606E-3,.1638E-4,0
FENGYUN 1C DEB,1999-025AUM,2026-08-13T01:16:44.241312,14.12313481,.0103661,99.2291,270.4127,240.4542,187.9856,0,U,30803,999,99432,.60617E-3,.1126E-4,0
FENGYUN 1C DEB,1999-025AUN,2026-08-12T11:27:47.522304,14.55495186,.01835513,98.8738,310.1825,173.4333,199.6555,0,U,30804,999,3002,.174016E-3,.888E-5,0
FENGYUN 1C DEB,1999-025AUP,2026-08-13T02:07:54.149088,14.03390792,.0071431,98.7993,264.9800,326.1627,60.3877,0,U,30805,999,99373,.24585E-3,.35E-5,0
FENGYUN 1C DEB,1999-025AUQ,2026-08-13T00:18:25.772256,13.70893230,.0266649,99.0201,242.0532,209.5454,178.5485,0,U,30806,999,97028,.46361E-3,.49E-5,0
FENGYUN 1C DEB,1999-025AUT,2026-08-12T05:21:28.984896,14.31028628,.00510194,98.7864,320.5808,181.7315,178.3698,0,U,30809,999,548,.56791919E-3,.1471E-4,0
FENGYUN 1C DEB,1999-025AUU,2026-08-12T09:35:49.945632,14.07593421,.01759523,98.6755,31.0798,90.7784,271.3550,0,U,30810,999,97793,.15447405E-2,.2964E-4,0
FENGYUN 1C DEB,1999-025AUV,2026-08-13T00:25:44.284224,13.62555314,.027908,98.7622,245.3036,130.0111,232.5889,0,U,30811,999,96179,.73449E-3,.706E-5,0
FENGYUN 1C DEB,1999-025AUY,2026-08-12T13:17:18.383136,14.66426702,.00277235,99.0898,230.7544,205.9096,280.2831,0,U,30814,999,1294,.65733385E-3,.3599E-4,0
FENGYUN 1C DEB,1999-025AUZ,2026-08-12T12:19:30.937728,14.85873121,.00014382,99.3006,63.7465,117.8034,272.4240,0,U,30815,999,1337,.10584284E-2,.9161E-4,0
FENGYUN 1C DEB,1999-025AVA,2026-08-13T04:39:32.621184,14.19394075,.0052874,98.9001,301.6967,79.9215,307.5993,0,U,30816,999,99846,.65668E-3,.1355E-4,0
FENGYUN 1C DEB,1999-025AVB,2026-08-12T22:32:32.641152,14.00865262,.0057801,98.7846,210.8672,289.0096,70.4814,0,U,30817,999,99314,.52952E-4,.38E-6,0
FENGYUN 1C DEB,1999-025AVE,2026-08-13T05:19:20.947872,14.23141090,.0051976,98.6770,322.6722,199.5085,190.4532,0,U,30820,999,99885,.79495E-3,.1777E-4,0
FENGYUN 1C DEB,1999-025AVF,2026-08-12T10:52:15.573792,14.50819460,.0084757,99.1323,31.9719,199.5698,186.3332,0,U,30821,999,2307,.24427433E-3,.951E-5,0
FENGYUN 1C DEB,1999-025AVG,2026-08-12T13:54:31.654656,14.11618750,.00728185,98.7139,250.8773,316.3539,195.7341,0,U,30822,999,123,.12783452E-3,.195E-5,0
FENGYUN 1C DEB,1999-025AVH,2026-08-12T08:26:20.554656,14.02817988,.01343252,98.7955,1.7212,126.0666,290.9927,0,U,30823,999,99435,-.39531563E-4,-.107E-5,0
FENGYUN 1C DEB,1999-025AVL,2026-08-12T14:14:22.493760,14.84550003,.01385903,98.8455,91.1113,304.9549,83.0039,0,U,30826,999,3887,.13919507E-3,.1313E-4,0
FENGYUN 1C DEB,1999-025AVM,2026-08-12T23:21:44.993088,14.41411222,.0042101,99.0132,227.9451,178.8515,181.2776,0,U,30827,999,37,.79606E-3,.256E-4,0
FENGYUN 1C DEB,1999-025AVN,2026-08-11T19:24:56.262528,14.82262163,.01942188,98.3915,346.4094,123.0018,239.0025,0,U,30828,999,2222,.58212556E-3,.6402E-4,0
FENGYUN 1C DEB,1999-025AVP,2026-08-12T10:12:42.978816,14.08968908,.0036222,98.7916,215.9246,10.4228,349.7685,0,U,30829,999,99850,.16446299E-3,.243E-5,0
FENGYUN 1C DEB,1999-025AVQ,2026-08-12T22:01:39.480384,14.12456517,.0029919,98.7482,212.3237,217.6174,172.1436,0,U,30830,999,29,.10267E-3,.147E-5,0
FENGYUN 1C DEB,1999-025AVR,2026-08-11T05:57:28.177056,14.31592742,.0055696,99.3535,39.1240,58.4794,302.1811,0,U,30831,999,68705,.16295E-3,.391E-5,0
FENGYUN 1C DEB,1999-025AVT,2026-08-08T06:11:56.681952,14.27230331,.0031776,99.8684,41.3430,229.8606,129.9786,0,U,30833,999,67813,.13559E-3,.278E-5,0
FENGYUN 1C DEB,1999-025AVW,2026-08-11T19:42:55.453824,14.12215752,.00248775,98.7205,255.1629,277.8447,81.9902,0,U,30836,999,65420,.15746296E-3,.247E-5,0
FENGYUN 1C DEB,1999-025AVX,2026-08-12T22:29:09.404160,14.14807586,.0032547,98.6992,209.7510,157.5490,258.5054,0,U,30837,999,249,.13588E-3,.221E-5,0
FENGYUN 1C DEB,1999-025AVY,2026-08-13T01:57:10.692000,14.51681069,.0033285,99.0409,161.6294,146.9078,213.4207,0,U,30838,999,836,.686E-3,.2721E-4,0
FENGYUN 1C DEB,1999-025AWA,2026-08-12T11:12:03.045024,14.63049731,.0210839,98.0172,233.9519,326.6252,32.1804,0,U,30840,999,76678,.21203727E-3,.1439E-4,0
FENGYUN 1C DEB,1999-025AWD,2026-08-13T01:15:34.831008,14.52848481,.0148453,98.8247,314.4456,102.9940,258.7876,0,U,30843,999,2823,.54619E-4,.202E-5,0
FENGYUN 1C DEB,1999-025AWF,2026-08-11T21:54:02.376000,13.77030748,.0192408,98.3956,201.1833,335.0488,52.7306,0,U,30845,999,97576,.14176E-3,.123E-5,0
FENGYUN 1C DEB,1999-025AWG,2026-08-13T00:13:54.897888,14.42718130,.0052898,99.3239,65.6486,344.2239,173.0510,0,U,30846,999,1427,.24089E-3,.762E-5,0
FENGYUN 1C DEB,1999-025AWH,2026-08-12T09:46:54.105888,14.18646122,.0061501,98.7528,25.8097,353.6636,35.5109,0,U,30847,999,99494,.59300133E-3,.1209E-4,0
FENGYUN 1C DEB,1999-025AWJ,2026-08-12T12:31:49.636992,14.35841624,.00429765,99.0452,76.2337,347.1336,12.8748,0,U,30848,999,790,.37654043E-3,.1054E-4,0
FENGYUN 1C DEB,1999-025AWK,2026-08-13T03:51:04.685760,14.20087543,.0048308,99.0320,295.1109,34.4038,354.6071,0,U,30849,999,99826,.46722E-3,.961E-5,0
FENGYUN 1C DEB,1999-025AWL,2026-08-13T02:27:58.813920,14.17948828,.0106402,98.3869,82.1021,212.7381,279.9305,0,U,30850,999,99245,.69905E-3,.1471E-4,0
FENGYUN 1C DEB,1999-025AWN,2026-08-12T12:50:20.059296,14.10667801,.00548889,98.7220,240.2337,266.8743,92.6147,0,U,30852,999,99805,.22748834E-3,.369E-5,0
FENGYUN 1C DEB,1999-025AWS,2026-08-12T11:25:40.598976,14.53466020,.00776498,98.2031,48.0097,211.5896,178.1394,0,U,30856,999,34,.14322347E-2,.6168E-4,0
FENGYUN 1C DEB,1999-025AWT,2026-08-08T23:14:01.500288,14.59509467,.0032631,98.9709,233.5259,291.7983,67.9744,0,U,30857,999,205,.18502E-2,.8804E-4,0
FENGYUN 1C DEB,1999-025AWU,2026-08-12T15:07:35.963040,14.18121101,.00310544,98.7716,284.6322,132.6946,21.8345,0,U,30858,999,422,.15156915E-3,.269E-5,0
FENGYUN 1C DEB,1999-025AWV,2026-08-13T03:28:30.234432,14.53854411,.0026632,98.9168,295.0888,21.3377,338.8921,0,U,30859,999,563,.87558E-3,.3646E-4,0
FENGYUN 1C DEB,1999-025AWW,2026-08-11T16:25:22.577376,14.26962811,.00384059,98.8937,305.9486,206.2671,153.6562,0,U,30860,999,99965,.5289273E-3,.125E-4,0
FENGYUN 1C DEB,1999-025AWY,2026-08-12T13:46:49.761984,14.47655408,.00506024,98.9577,333.6961,157.0595,216.8165,0,U,30862,999,201,.10565023E-2,.3909E-4,0
FENGYUN 1C DEB,1999-025AWZ,2026-08-11T20:38:35.046240,12.41284636,.08738514,99.1509,3.1009,99.9547,46.1196,0,U,30863,999,62743,.4578476E-3,.218E-5,0
FENGYUN 1C DEB,1999-025AXD,2026-08-12T04:45:58.398048,14.30084624,.0052119,97.8666,112.7155,351.8893,160.3717,0,U,30867,999,1,.61723652E-3,.1581E-4,0
FENGYUN 1C DEB,1999-025AXE,2026-08-13T02:57:52.985952,14.11233898,.0134668,98.2311,88.5332,232.6612,280.5900,0,U,30868,999,142,.30181E-4,.2E-6,0
FENGYUN 1C DEB,1999-025AXJ,2026-08-13T04:21:13.447296,14.40692252,.004218,99.1684,299.9284,34.9970,20.3615,0,U,30872,999,1225,.30996E-3,.951E-5,0
FENGYUN 1C DEB,1999-025AXK,2026-08-12T23:03:34.657056,14.19333048,.0107494,98.6194,223.6480,307.0675,52.0709,0,U,30873,999,643,.76321E-4,.126E-5,0
FENGYUN 1C DEB,1999-025AXL,2026-08-12T13:07:20.868384,14.20064138,.00425776,98.4688,249.9742,56.8918,96.0744,0,U,30874,999,462,.18536363E-3,.357E-5,0
FENGYUN 1C DEB,1999-025AXN,2026-08-11T22:23:47.584032,13.99353455,.0066658,98.8317,205.1767,326.0190,58.7318,0,U,30876,999,99097,.61807E-4,.49E-6,0
FENGYUN 1C DEB,1999-025AXQ,2026-08-12T23:20:53.934144,14.12338158,.0039788,98.7262,224.9316,324.2851,101.0927,0,U,30878,999,99800,.21094E-3,.348E-5,0
FENGYUN 1C DEB,1999-025AXR,2026-08-10T13:35:00.773088,14.79766001,.01649138,99.3335,120.8775,257.0524,101.2223,0,U,30879,999,65487,.78402255E-3,.7359E-4,0
FENGYUN 1C DEB,1999-025AXS,2026-08-13T04:10:47.552736,14.26927744,.0023152,98.7801,302.7667,118.7347,241.6163,0,U,30880,999,182,.49723E-3,.1167E-4,0
FENGYUN 1C DEB,1999-025AXU,2026-08-12T10:10:37.542432,14.91875060,.01382592,97.9118,285.2824,321.7418,37.4051,0,U,30882,999,3262,.21179633E-3,.2503E-4,0
FENGYUN 1C DEB,1999-025AXV,2026-08-11T21:57:23.079744,14.14711062,.0111047,98.3362,250.3796,235.0443,246.0283,0,U,30883,999,326,.86873E-4,.137E-5,0
FENGYUN 1C DEB,1999-025AXW,2026-08-13T00:29:52.869120,14.78714960,.0058788,98.8882,248.2406,291.5244,67.9704,0,U,30884,999,2224,.4457E-3,.33E-4,0
FENGYUN 1C DEB,1999-025AXX,2026-08-12T13:44:11.834016,14.53055329,.00487563,99.0142,87.8060,207.7610,182.3381,0,U,30885,999,473,.60196107E-3,.2472E-4,0
FENGYUN 1C DEB,1999-025AXY,2026-08-13T04:39:40.582080,14.24217883,.0036383,99.1971,134.3573,59.9157,300.5620,0,U,30886,999,99860,.53397E-3,.1192E-4,0
FENGYUN 1C DEB,1999-025AXZ,2026-08-12T14:37:03.717120,14.46257639,.02587978,98.3387,281.9835,269.6869,87.4668,0,U,30887,999,1630,.1341974E-3,.667E-5,0
FENGYUN 1C DEB,1999-025AYA,2026-08-12T13:24:48.382848,15.00538748,.00731597,99.4808,260.0957,94.4038,266.5543,0,U,30888,999,3551,.39934186E-3,.5242E-4,0
FENGYUN 1C DEB,1999-025AYD,2026-08-12T14:36:47.830752,14.06316497,.00548449,98.7551,269.5540,224.8201,287.7489,0,U,30891,999,99395,.99541853E-4,.124E-5,0
FENGYUN 1C DEB,1999-025AYE,2026-08-10T03:46:13.280160,14.19308968,.00371125,99.6881,192.2582,238.7639,120.9895,0,U,30892,999,67713,.1509324E-3,.267E-5,0
FENGYUN 1C DEB,1999-025AYF,2026-08-12T06:07:44.666976,13.94710550,.03080645,98.2429,231.0616,132.8230,246.0987,0,U,30893,999,98265,.31902413E-3,.599E-5,0
FENGYUN 1C DEB,1999-025AYH,2026-08-13T03:32:17.845728,14.32037638,.0216912,98.6937,299.5251,128.3424,264.4722,0,U,30895,999,1270,.142E-3,.445E-5,0
FENGYUN 1C DEB,1999-025AYM,2026-08-11T14:03:46.054080,14.35244306,.0030942,99.1647,140.8552,309.8060,173.2148,0,U,30899,999,58,.71221036E-3,.2E-4,0
FENGYUN 1C DEB,1999-025AYQ,2026-08-02T06:28:24.499200,14.30182942,.00916347,100.2631,232.3059,354.3064,5.7063,0,U,30902,999,74816,.10025392E-2,.2659E-4,0
FENGYUN 1C DEB,1999-025AYR,2026-08-03T22:33:19.509696,13.97705413,.00956399,99.3452,110.9611,175.3403,184.8672,0,U,30903,999,71976,.12014148E-3,.13E-5,0
FENGYUN 1C DEB,1999-025AYT,2026-08-11T11:39:58.827456,14.19310120,.00571153,98.8808,304.2070,112.4685,248.2552,0,U,30905,999,99550,.67079087E-3,.1387E-4,0
FENGYUN 1C DEB,1999-025AYU,2026-08-01T05:15:43.956000,14.19003491,.00747931,99.1754,211.2644,316.0268,43.4971,0,U,30906,999,67360,.70102864E-3,.1456E-4,0
FENGYUN 1C DEB,1999-025AYV,2026-08-07T23:53:48.609600,14.15811389,.00566239,99.9317,272.2028,201.6642,158.2132,0,U,30907,999,4920,.38719058E-3,.719E-5,0
FENGYUN 1C DEB,1999-025AZA,2026-08-13T03:24:11.363616,14.95815276,.005268,98.9730,105.8161,38.3476,322.1468,0,U,30912,999,3033,.51163E-3,.5798E-4,0
FENGYUN 1C DEB,1999-025AZB,2026-08-11T23:59:34.600128,14.05384130,.00472095,98.7270,247.0486,219.9994,139.7694,0,U,30913,999,99320,.42556345E-3,.654E-5,0
FENGYUN 1C DEB,1999-025AZC,2026-08-11T21:16:23.307168,13.09492409,.0501978,99.9848,97.6335,157.3156,205.1008,0,U,30914,999,62244,.19505841E-2,.1213E-4,0
FENGYUN 1C DEB,1999-025AZD,2026-08-13T04:24:19.547712,14.26669474,.0053023,98.9334,311.1079,180.7666,179.3440,0,U,30915,999,99982,.72061E-3,.1722E-4,0
FENGYUN 1C DEB,1999-025AZE,2026-08-13T03:35:07.365120,14.09623346,.0062564,98.9773,289.9290,297.3512,91.4217,0,U,30916,999,99272,.34424E-3,.569E-5,0
FENGYUN 1C DEB,1999-025AZG,2026-08-13T05:32:49.192224,13.97546851,.0157932,98.4238,322.1862,163.0163,227.3407,0,U,30918,999,98453,.40586E-3,.597E-5,0
FENGYUN 1C DEB,1999-025AZJ,2026-08-12T21:13:52.894272,14.19496365,.0109714,98.9134,12.3165,123.7355,237.4333,0,U,30920,999,98540,.92941E-3,.2035E-4,0
FENGYUN 1C DEB,1999-025AZK,2026-08-12T06:46:17.575104,14.34812168,.00175782,98.8397,322.0242,50.3092,18.8107,0,U,30921,999,288,.58395435E-3,.1614E-4,0
FENGYUN 1C DEB,1999-025AZL,2026-08-12T23:56:03.538752,14.18028902,.0015272,98.6303,239.1014,72.6494,317.3548,0,U,30922,999,11,.25908E-3,.489E-5,0
FENGYUN 1C DEB,1999-025AZP,2026-08-12T08:54:01.586880,14.46734891,.00312941,98.8935,12.3822,229.4102,160.1176,0,U,30925,999,572,.74706761E-3,.267E-4,0
FENGYUN 1C DEB,1999-025AZQ,2026-08-12T10:45:22.614624,14.91856057,.01577309,98.8287,198.4571,320.5387,38.4425,0,U,30926,999,4383,.15099225E-3,.185E-4,0
FENGYUN 1C DEB,1999-025AZR,2026-08-13T03:45:59.886432,14.10236853,.0097373,99.1702,295.2676,47.0127,313.9153,0,U,30927,999,99113,.52269E-3,.922E-5,0
FENGYUN 1C DEB,1999-025AZS,2026-08-11T03:07:16.820256,13.22708334,.04539949,98.8702,281.9663,163.1533,259.8883,0,U,30928,999,93539,.97459125E-3,.672E-5,0
FENGYUN 1C DEB,1999-025AZU,2026-08-12T00:38:09.727872,14.37921663,.01092391,98.1946,246.3646,97.4182,327.5538,0,U,30930,999,1804,.15888347E-3,.472E-5,0
FENGYUN 1C DEB,1999-025AZV,2026-08-11T22:18:02.956032,14.01999390,.0093447,99.1470,287.4035,92.7560,81.6711,0,U,30931,999,99318,.60056E-3,.907E-5,0
FENGYUN 1C DEB,1999-025AZW,2026-08-12T07:49:31.308384,14.29373013,.00558822,98.9102,167.2303,310.9897,48.6457,0,U,30932,999,99857,.78893699E-3,.1998E-4,0
FENGYUN 1C DEB,1999-025AZX,2026-08-12T23:43:49.632960,14.42268938,.0067285,99.0538,226.2014,328.2259,56.3563,0,U,30933,999,99372,.13066E-2,.438E-4,0
FENGYUN 1C DEB,1999-025AZY,2026-08-13T01:35:08.093760,13.47454292,.0337904,98.7483,77.2417,181.1018,178.9410,0,U,30934,999,94984,.70847E-3,.578E-5,0
FENGYUN 1C DEB,1999-025BAA,2026-08-12T00:35:51.474048,14.23856994,.00452723,98.5589,253.5856,306.3649,113.0068,0,U,30936,999,580,.20120347E-3,.422E-5,0
FENGYUN 1C DEB,1999-025BAB,2026-08-13T02:50:07.232928,13.95648149,.0076028,99.0555,278.6324,106.4854,310.1402,0,U,30937,999,99111,-.77034E-4,-.15E-5,0
FENGYUN 1C DEB,1999-025BAC,2026-08-13T00:19:27.523200,14.20150872,.0045992,98.5837,236.3344,0.8271,54.6954,0,U,30938,999,572,.13432E-3,.247E-5,0
FENGYUN 1C DEB,1999-025BAE,2026-08-12T22:48:23.276160,14.08636209,.0041769,98.6314,219.7846,34.7384,354.6100,0,U,30940,999,99556,.11897E-3,.165E-5,0
FENGYUN 1C DEB,1999-025BAF,2026-08-11T13:20:45.806208,14.33075329,.00321041,98.5362,81.7253,324.8472,35.0594,0,U,30941,999,83,.67288477E-3,.1811E-4,0
FENGYUN 1C DEB,1999-025BAG,2026-08-12T11:25:52.749408,14.15074602,.01375278,98.6893,221.3604,131.7528,19.7275,0,U,30942,999,32,.91929969E-4,.153E-5,0
FENGYUN 1C DEB,1999-025BAH,2026-08-12T05:56:15.016128,14.04687931,.00510706,98.7898,235.5880,105.5186,255.1629,0,U,30943,999,99146,.31090214E-3,.461E-5,0
FENGYUN 1C DEB,1999-025BAJ,2026-08-13T03:51:25.770816,14.52781417,.0148639,98.8213,298.7007,83.7412,308.0837,0,U,30944,999,2586,.58587E-4,.221E-5,0
FENGYUN 1C DEB,1999-025BAK,2026-08-11T21:49:31.054080,14.31503766,.0030711,99.3804,256.6701,64.5989,57.8499,0,U,30945,999,99900,.61102E-3,.1582E-4,0
FENGYUN 1C DEB,1999-025BAL,2026-08-12T08:25:44.929344,14.49193263,.00877792,99.0650,1.8810,187.7310,228.5832,0,U,30946,999,1848,.23341801E-3,.878E-5,0
FENGYUN 1C DEB,1999-025BAM,2026-08-13T04:37:52.671936,14.38426427,.0095056,98.7842,125.7647,246.8232,112.2919,0,U,30947,999,1988,.89849E-4,.24E-5,0
FENGYUN 1C DEB,1999-025BAP,2026-08-12T23:17:38.453280,14.14251799,.0116388,98.7111,218.1554,335.8167,48.5554,0,U,30949,999,99954,.8836E-4,.136E-5,0
FENGYUN 1C DEB,1999-025BAU,2026-08-12T12:44:59.059104,14.15783058,.01265479,98.7157,324.1694,212.4085,160.1651,0,U,30954,999,99822,.42298996E-3,.854E-5,0
FENGYUN 1C DEB,1999-025BAW,2026-08-12T13:16:30.635040,14.14976957,.00496908,98.7390,258.6713,11.3021,144.5056,0,U,30956,999,99740,.35125758E-3,.644E-5,0
FENGYUN 1C DEB,1999-025BAZ,2026-08-11T18:43:28.961184,14.40904222,.00465016,99.7026,208.8604,229.0634,130.6521,0,U,30959,999,63868,.66699483E-3,.2113E-4,0
FENGYUN 1C DEB,1999-025BBA,2026-08-12T05:14:41.023968,14.70656329,.01858472,99.0254,10.0966,131.9172,229.8048,0,U,30960,999,2235,.33878972E-3,.2626E-4,0
FENGYUN 1C DEB,1999-025BBH,2026-08-11T20:47:30.655392,14.58859307,.00919322,98.7875,188.4474,218.5378,140.9233,0,U,30967,999,2534,.19185982E-3,.894E-5,0
FENGYUN 1C DEB,1999-025BBM,2026-08-13T04:09:06.581376,14.73465792,.015997,99.1828,305.9215,158.3227,233.0042,0,U,30971,999,3299,.26801E-3,.2059E-4,0
FENGYUN 1C DEB,1999-025BBU,2026-08-05T08:36:54.092160,14.39097659,.00382588,98.2304,255.1617,228.0048,131.7880,0,U,30978,999,1827,.58644821E-3,.1787E-4,0
FENGYUN 1C DEB,1999-025BBV,2026-08-12T13:14:27.330144,14.82887424,.01799707,97.8083,122.2430,169.4497,312.4590,0,U,30979,999,2716,.24231914E-3,.2548E-4,0
FENGYUN 1C DEB,1999-025BBY,2026-08-12T11:07:42.538656,14.51542556,.01786448,98.2346,214.6350,285.8588,227.1959,0,U,30982,999,74574,.74400469E-4,.31E-5,0
FENGYUN 1C DEB,1999-025BCA,2026-08-11T13:32:44.927232,14.51899368,.01241112,98.2400,260.4398,345.5737,14.1927,0,U,30984,999,98671,.2563431E-3,.1091E-4,0
FENGYUN 1C DEB,1999-025BCE,2026-08-11T10:44:31.035552,15.78595503,.00374865,98.5400,219.0307,193.4530,166.5738,0,U,30988,999,3277,.11754861E-2,.218668E-2,0
FENGYUN 1C DEB,1999-025BCF,2026-08-11T17:26:54.927168,14.15059158,.00904601,99.0414,305.4135,134.2331,226.6314,0,U,30989,999,99409,.5164959E-3,.996E-5,0
FENGYUN 1C DEB,1999-025BCK,2026-08-13T05:25:42.804768,14.37845631,.0015937,98.8471,329.2700,23.3042,6.7707,0,U,30993,999,417,.62814E-3,.185E-4,0
FENGYUN 1C DEB,1999-025BCL,2026-08-12T23:29:33.484992,14.11900937,.0017216,98.6986,231.1214,202.6749,157.3665,0,U,30994,999,17,.51405E-4,.51E-6,0
FENGYUN 1C DEB,1999-025BCN,2026-08-10T17:42:37.941696,14.36455857,.0049043,98.9351,141.6012,304.5784,110.7641,0,U,30996,999,1020,.2989446E-3,.841E-5,0
FENGYUN 1C DEB,1999-025BCQ,2026-08-12T12:47:28.423968,14.51986221,.00139426,98.8254,324.4906,173.7575,318.0392,0,U,30998,999,694,.77625492E-3,.309E-4,0
FENGYUN 1C DEB,1999-025BCR,2026-08-12T06:46:22.557792,14.59823677,.01100534,99.0929,66.1003,321.8124,37.5313,0,U,30999,999,2354,.15322629E-3,.733E-5,0
FENGYUN 1C DEB,1999-025BCS,2026-08-11T23:21:58.036032,14.10143184,.01656,97.5572,219.1975,77.6340,311.4160,0,U,31000,999,73370,.24011E-3,.451E-5,0
FENGYUN 1C DEB,1999-025BCT,2026-08-12T04:11:22.993152,14.43521902,.01453996,99.2445,123.0824,158.7648,201.9660,0,U,31001,999,1682,.11357489E-3,.379E-5,0
FENGYUN 1C DEB,1999-025BCU,2026-08-12T12:08:53.619360,13.99426491,.01006009,98.8817,234.2243,35.1819,116.4581,0,U,31002,999,99000,.10825163E-3,.122E-5,0
FENGYUN 1C DEB,1999-025BCV,2026-08-13T05:06:30.551904,14.26154904,.0039597,98.8334,308.8395,225.0354,134.7613,0,U,31003,999,99978,.61544E-3,.144E-4,0
FENGYUN 1C DEB,1999-025BCX,2026-08-12T06:21:57.238848,13.84090642,.01793806,98.6300,343.1070,26.0511,3.2681,0,U,31005,999,97635,.3433666E-3,.394E-5,0
FENGYUN 1C DEB,1999-025BCZ,2026-08-12T22:30:54.933120,14.63316258,.0061173,98.0974,216.5313,357.2654,2.8205,0,U,31007,999,1638,.75038E-3,.393E-4,0
FENGYUN 1C DEB,1999-025BDB,2026-08-12T22:50:15.442368,14.00570480,.0052877,98.9148,219.5495,282.7695,133.0297,0,U,31009,999,99265,-.2266E-4,-.78E-6,0
FENGYUN 1C DEB,1999-025BDC,2026-08-13T02:58:21.981792,14.29572701,.0106696,101.7231,99.7865,78.2634,283.0484,0,U,31010,999,99103,.98929E-3,.2622E-4,0
FENGYUN 1C DEB,1999-025BDE,2026-08-13T05:34:43.736160,14.28066641,.0080955,98.8927,133.0426,264.9244,248.2578,0,U,31012,999,1203,.62642E-4,.114E-5,0
FENGYUN 1C DEB,1999-025BDG,2026-08-12T21:54:37.810368,13.98570794,.0087357,98.8941,197.9541,240.9326,146.6175,0,U,31014,999,99235,.16238E-4,-.19E-6,0
FENGYUN 1C DEB,1999-025BDJ,2026-08-12T07:49:09.175296,14.30824701,.01111831,98.4264,237.8738,277.0986,94.8039,0,U,31016,999,939,.86959936E-4,.199E-5,0
FENGYUN 1C DEB,1999-025BDK,2026-08-13T05:18:02.512224,14.09105469,.0113467,98.7011,207.7915,20.9033,352.2838,0,U,31017,999,99725,.14317E-3,.221E-5,0
FENGYUN 1C DEB,1999-025BDL,2026-08-13T05:27:56.314368,14.18370765,.0059384,99.0216,320.7437,151.6473,208.7955,0,U,31018,999,99505,.69201E-3,.1407E-4,0
FENGYUN 1C DEB,1999-025BDM,2026-08-11T02:05:03.918624,11.83620181,.11123742,98.7275,344.0199,177.7596,358.7462,0,U,31019,999,58035,.32644861E-2,.1196E-4,0
FENGYUN 1C DEB,1999-025BDP,2026-08-05T13:46:07.115808,14.78574386,.02574061,98.3683,341.7777,208.1690,150.5395,0,U,31021,999,76914,.52818935E-3,.6703E-4,0
FENGYUN 1C DEB,1999-025BDQ,2026-08-07T23:07:43.272192,13.90690989,.0108548,99.4916,113.9994,204.1004,155.5053,0,U,31022,999,65319,.15261E-3,.153E-5,0
FENGYUN 1C DEB,1999-025BDR,2026-08-11T04:27:35.864064,14.06814368,.0080624,98.8350,207.8187,263.1659,96.0331,0,U,31023,999,72896,.11611E-3,.155E-5,0
FENGYUN 1C DEB,1999-025BDS,2026-08-09T13:52:44.560128,14.21150640,.00743805,99.0400,145.5382,158.9764,201.4497,0,U,31024,999,108,.10420402E-3,.187E-5,0
FENGYUN 1C DEB,1999-025BDT,2026-08-12T05:45:11.911680,14.21150184,.01724043,98.5975,212.8562,30.3724,330.7308,0,U,31025,999,67809,.23025275E-3,.538E-5,0
FENGYUN 1C DEB,1999-025BDU,2026-08-13T00:33:52.255008,13.83501074,.0133332,98.7899,149.7280,244.7080,176.1583,0,U,31026,999,71390,.51949E-4,.2E-6,0
FENGYUN 1C DEB,1999-025BDW,2026-08-10T13:42:57.547296,13.89230507,.01653401,98.7117,143.9822,355.1897,4.7667,0,U,31028,999,65347,.11232808E-3,.112E-5,0
FENGYUN 1C DEB,1999-025BDX,2026-08-13T00:19:01.891776,14.34753641,.0089817,98.8397,132.8273,79.0041,294.8924,0,U,31029,999,1278,.12533E-3,.325E-5,0
FENGYUN 1C DEB,1999-025BDY,2026-08-13T03:29:20.190048,14.24578064,.0028582,98.7461,291.1042,98.6913,318.0954,0,U,31030,999,165,.3414E-3,.752E-5,0
FENGYUN 1C DEB,1999-025BDZ,2026-08-11T14:55:39.154080,14.21393491,.00269823,99.0736,152.3032,215.6395,267.1578,0,U,31031,999,285,.15502842E-3,.293E-5,0
FENGYUN 1C DEB,1999-025BEA,2026-08-12T23:47:02.635872,14.03241021,.0135699,99.3938,246.5829,248.5082,139.9185,0,U,31032,999,98392,.78229E-3,.1275E-4,0
FENGYUN 1C DEB,1999-025BEB,2026-08-12T10:08:20.740992,14.27747017,.01536085,98.4639,199.9596,116.8659,33.9320,0,U,31033,999,803,.75927714E-4,.17E-5,0
FENGYUN 1C DEB,1999-025BEE,2026-08-12T14:22:14.482272,14.49480098,.01366748,98.9357,350.0617,255.0642,116.8525,0,U,31036,999,60825,.67691287E-4,.233E-5,0
FENGYUN 1C DEB,1999-025BEG,2026-08-12T05:43:08.559264,14.46680755,.00828792,99.0105,328.3813,225.3379,134.1036,0,U,31038,999,1736,.19930957E-3,.698E-5,0
FENGYUN 1C DEB,1999-025BEJ,2026-08-12T22:48:25.895808,14.17975301,.0061463,98.6754,214.0132,215.0103,202.4565,0,U,31040,999,150,.11303E-3,.192E-5,0
FENGYUN 1C DEB,1999-025BEK,2026-08-12T13:35:13.046208,14.19741536,.00836703,99.1919,267.1724,354.2620,5.7588,0,U,31041,999,98933,.65062041E-3,.1378E-4,0
FENGYUN 1C DEB,1999-025BEM,2026-08-12T23:51:37.594368,14.08787050,.004206,98.7524,240.8202,37.7652,351.6995,0,U,31043,999,99412,.21871E-3,.338E-5,0
FENGYUN 1C DEB,1999-025BEQ,2026-08-13T02:20:52.472256,14.77008244,.0035345,98.9639,13.9969,71.3743,344.2848,0,U,31046,999,214,.16272E-2,.11543E-3,0
FENGYUN 1C DEB,1999-025BER,2026-08-12T10:45:22.503168,14.14198735,.00247408,98.7105,220.6388,205.0253,311.5822,0,U,31047,999,99789,.16028441E-3,.263E-5,0
FENGYUN 1C DEB,1999-025BET,2026-08-09T06:23:29.263488,14.04467229,.00504023,98.7971,229.5929,176.2390,183.9166,0,U,31049,999,64477,-.23302222E-3,-.418E-5,0
FENGYUN 1C DEB,1999-025BEV,2026-08-10T20:41:00.170592,14.03169957,.00525982,98.7956,250.6157,181.0600,179.0463,0,U,31051,999,67200,.28629679E-3,.409E-5,0
FENGYUN 1C DEB,1999-025BEX,2026-08-11T06:36:29.046816,13.76850473,.0305916,98.8137,333.0972,168.2190,192.6333,0,U,31053,999,96799,.10459E-2,.1415E-4,0
FENGYUN 1C DEB,1999-025BEY,2026-08-12T23:56:58.979040,14.12302648,.0010423,98.6836,235.5410,144.8295,270.5911,0,U,31054,999,180,.62189E-4,.72E-6,0
FENGYUN 1C DEB,1999-025BEZ,2026-08-13T01:22:56.493120,14.10637144,.0023612,98.7361,254.7089,304.4726,111.8760,0,U,31055,999,99552,.108E-3,.15E-5,0
FENGYUN 1C DEB,1999-025BFA,2026-08-11T09:56:30.964992,14.14604536,.0026238,98.6904,204.2510,12.9576,140.7139,0,U,31056,999,230,.14418631E-3,.235E-5,0
FENGYUN 1C DEB,1999-025BFB,2026-08-12T11:11:53.016576,14.82741330,.01300807,99.2318,305.8689,211.9592,147.3680,0,U,31057,999,65546,.28236715E-3,.2564E-4,0
FENGYUN 1C DEB,1999-025BFC,2026-08-11T06:34:09.259392,14.80479248,.008899,99.5851,223.2513,81.8667,279.2623,0,U,31058,999,3063,.32545E-3,.2586E-4,0
FENGYUN 1C DEB,1999-025BFG,2026-08-11T10:46:15.631392,13.75801228,.01722186,99.0121,37.6729,36.6721,353.0077,0,U,31062,999,97557,.61677917E-4,.26E-6,0
FENGYUN 1C DEB,1999-025BFJ,2026-08-12T05:27:12.854304,14.22509360,.02408518,98.5970,205.9432,17.0612,355.6824,0,U,31064,999,698,.12872583E-3,.338E-5,0
FENGYUN 1C DEB,1999-025BFK,2026-08-11T07:14:14.185248,14.29106359,.0035342,98.4536,240.1121,41.0844,319.2990,0,U,31065,999,68027,.34833E-3,.847E-5,0
FENGYUN 1C DEB,1999-025BFN,2026-08-10T05:09:16.689600,14.09379275,.0164821,98.6536,199.8253,155.6643,205.2424,0,U,31068,999,99742,.12807308E-3,.212E-5,0
FENGYUN 1C DEB,1999-025BFP,2026-08-09T06:00:47.608128,14.58748930,.0102304,99.1152,49.2239,72.3263,288.9072,0,U,31069,999,2172,.30829E-3,.1487E-4,0
FENGYUN 1C DEB,1999-025BFR,2026-08-11T12:30:11.837376,14.54563060,.00532984,99.0340,325.1399,272.8250,86.6845,0,U,31071,999,69007,.34518825E-3,.1445E-4,0
FENGYUN 1C DEB,1999-025BFS,2026-08-12T21:08:22.904160,14.26345228,.0208747,99.3238,251.0730,122.9308,239.2138,0,U,31072,999,94,.23037E-3,.643E-5,0
FENGYUN 1C DEB,1999-025BFT,2026-08-12T01:26:31.685280,14.25986321,.00435269,99.2015,90.8900,312.1478,47.6006,0,U,31073,999,535,.48870547E-3,.1129E-4,0
FENGYUN 1C DEB,1999-025BFU,2026-08-11T05:07:18.935040,14.16047205,.0085962,98.9553,144.2781,300.8569,58.4169,0,U,31074,999,98995,.93843E-3,.1874E-4,0
FENGYUN 1C DEB,1999-025BFY,2026-08-11T00:00:00.000000,14.22581480,.01163177,98.8426,289.4784,173.7129,226.0073,0,U,31078,999,272,.22476549E-3,.494E-5,0
FENGYUN 1C DEB,1999-025BGA,2026-07-22T05:31:33.977568,14.25550351,.00690819,99.1145,357.4476,177.5326,182.6207,0,U,31080,999,66108,.16067362E-2,.3851E-4,0
FENGYUN 1C DEB,1999-025BGB,2026-08-12T12:50:49.081920,14.06342801,.00469854,98.7600,238.2902,269.0174,242.6236,0,U,31081,999,99873,-.76826506E-4,-.171E-5,0
FENGYUN 1C DEB,1999-025BGC,2026-08-12T06:14:47.607072,14.13885707,.00674275,98.6719,229.3957,227.6640,131.8810,0,U,31082,999,99736,.28258833E-3,.504E-5,0
FENGYUN 1C DEB,1999-025BGD,2026-08-13T01:30:44.221248,14.68284462,.0027288,98.6580,0.2766,270.7813,138.6671,0,U,31083,999,1266,.66218E-3,.3786E-4,0
FENGYUN 1C DEB,1999-025BGF,2026-08-11T13:02:25.941120,14.30440966,.00875727,98.9647,77.0045,35.0591,355.2090,0,U,31085,999,1173,.43803182E-4,.72E-6,0
FENGYUN 1C DEB,1999-025BGH,2026-08-12T00:27:02.371680,14.62129480,.01668852,98.0869,244.3289,250.7958,137.7279,0,U,31087,999,2309,.16916822E-3,.98E-5,0
FENGYUN 1C DEB,1999-025BGJ,2026-08-13T04:41:30.888096,14.30404352,.0029008,99.3978,309.5506,84.9108,304.9429,0,U,31088,999,15,.58462E-3,.1477E-4,0
FENGYUN 1C DEB,1999-025BGK,2026-08-09T21:19:36.725664,13.88681387,.02037545,98.9790,359.8134,279.5448,234.3344,0,U,31089,999,71392,.27659261E-3,.349E-5,0
FENGYUN 1C DEB,1999-025BGM,2026-08-11T15:52:34.109760,13.54449434,.028992,99.2471,190.2330,74.0390,289.2483,0,U,31091,999,64914,.47873027E-3,.389E-5,0
FENGYUN 1C DEB,1999-025BGN,2026-08-10T06:17:53.458656,13.46957266,.03268913,99.7364,336.5486,262.2609,94.1297,0,U,31092,999,95119,.11324098E-2,.905E-5,0
FENGYUN 1C DEB,1999-025BGP,2026-08-12T10:26:06.076320,13.80841270,.020727,98.5946,46.7581,285.6489,72.1883,0,U,31093,999,97856,.18589997E-3,.19E-5,0
FENGYUN 1C DEB,1999-025BGQ,2026-08-10T08:11:16.765728,14.03039747,.01056802,98.8454,88.5057,96.1745,265.1474,0,U,31094,999,98992,.89366902E-3,.1417E-4,0
FENGYUN 1C DEB,1999-025BGR,2026-08-12T12:01:57.345024,13.06741088,.04982807,98.5884,324.0107,330.9410,26.4788,0,U,31095,999,92618,.10948854E-2,.629E-5,0
FENGYUN 1C DEB,1999-025BGT,2026-08-12T21:57:33.973056,14.51548963,.001327,98.8690,5.0608,247.0976,239.6189,0,U,31097,999,560,.92375E-3,.3652E-4,0
FENGYUN 1C DEB,1999-025BGU,2026-08-13T01:57:34.803648,14.57256092,.0012629,98.8782,2.8210,224.9082,135.1093,0,U,31098,999,496,.93678E-3,.4189E-4,0
FENGYUN 1C DEB,1999-025BGV,2026-08-12T05:27:26.754336,14.28222636,.00622833,98.9156,127.1203,298.5013,213.7648,0,U,31099,999,925,.94229538E-4,.193E-5,0
FENGYUN 1C DEB,1999-025BGY,2026-08-12T13:38:02.671872,14.28440683,.02104431,99.0576,169.3602,184.6944,175.2266,0,U,31146,999,222,.11054184E-3,.297E-5,0
FENGYUN 1C DEB,1999-025BHA,2026-08-11T23:42:43.149888,14.44746195,.01349653,98.8446,124.5492,47.9486,313.3095,0,U,31148,999,976,.35701232E-3,.1333E-4,0
FENGYUN 1C DEB,1999-025BHC,2026-08-12T22:57:43.790112,14.12865628,.0014674,98.6844,231.3015,185.5891,204.1627,0,U,31150,999,99731,.73221E-4,.94E-6,0
FENGYUN 1C DEB,1999-025BHD,2026-08-13T00:06:11.234016,14.28089502,.0055754,99.1294,246.1028,46.5536,314.0262,0,U,31151,999,99444,.75203E-3,.1853E-4,0
FENGYUN 1C DEB,1999-025BHE,2026-08-12T04:59:04.256160,14.35997705,.01298944,98.4350,210.4334,30.3416,32.6257,0,U,31152,999,1529,.40986445E-4,.85E-6,0
FENGYUN 1C DEB,1999-025BHH,2026-08-13T04:03:35.752320,14.09331821,.0088487,99.0275,299.5989,42.4711,318.3261,0,U,31155,999,99015,.49725E-3,.854E-5,0
FENGYUN 1C DEB,1999-025BHK,2026-08-11T17:33:55.373760,14.22842864,.00993338,98.4999,203.5692,341.7199,18.0419,0,U,31157,999,413,.11222125E-3,.222E-5,0
FENGYUN 1C DEB,1999-025BHL,2026-08-11T22:54:38.105280,14.35301070,.00461665,98.7709,311.2470,42.8906,317.5865,0,U,31158,999,67952,.50665691E-3,.1424E-4,0
FENGYUN 1C DEB,1999-025BHN,2026-08-12T21:03:10.073088,13.99664424,.0055518,99.0519,283.7911,306.8676,52.7405,0,U,31160,999,73000,.27874E-3,.368E-5,0
FENGYUN 1C DEB,1999-025BHP,2026-08-12T21:21:57.866112,14.09509249,.0068837,98.7328,244.3246,22.7279,337.6914,0,U,31161,999,99527,.12565E-3,.182E-5,0
FENGYUN 1C DEB,1999-025BHR,2026-08-11T11:10:34.182624,14.32646858,.00526613,98.9522,104.2778,268.9332,90.5817,0,U,31163,999,68202,.1852237E-3,.463E-5,0
FENGYUN 1C DEB,1999-025BHT,2026-08-11T01:25:05.136672,14.74444975,.00655143,98.8655,310.0087,200.2290,283.5809,0,U,31165,999,2297,.36087022E-3,.2416E-4,0
FENGYUN 1C DEB,1999-025BHW,2026-08-12T09:24:04.428288,14.69533421,.01048631,98.9212,22.1169,32.1305,328.6231,0,U,31168,999,2659,.14230052E-3,.853E-5,0
FENGYUN 1C DEB,1999-025BHX,2026-08-12T13:45:42.926400,14.28546017,.00569294,99.1404,267.2328,40.5554,319.9846,0,U,31169,999,60569,.65974174E-3,.1635E-4,0
FENGYUN 1C DEB,1999-025BHZ,2026-08-12T21:49:24.760704,14.39749821,.0142252,98.0274,203.5426,301.9442,85.4988,0,U,31171,999,99324,.97972E-3,.3413E-4,0
FENGYUN 1C DEB,1999-025BJA,2026-08-12T11:04:21.653472,14.31711939,.01475126,98.4280,226.9428,269.6954,88.7327,0,U,31172,999,1091,.47908123E-4,.97E-6,0
FENGYUN 1C DEB,1999-025BJB,2026-08-06T23:39:29.810880,14.17745561,.00668682,98.2140,292.4497,110.0876,250.7514,0,U,31173,999,67359,.69458348E-3,.1408E-4,0
FENGYUN 1C DEB,1999-025BJD,2026-08-09T18:34:14.890080,14.71841274,.00639969,98.3938,232.5500,131.1908,229.4841,0,U,31175,999,69157,.20970909E-2,.1351E-3,0
FENGYUN 1C DEB,1999-025BJF,2026-08-08T16:04:55.638624,13.63845097,.03069945,98.7598,115.5897,47.2277,343.4560,0,U,31177,999,69467,.20550793E-2,.2208E-4,0
FENGYUN 1C DEB,1999-025BJG,2026-08-11T18:59:19.509792,14.23982820,.01222225,99.5082,250.4128,352.1218,7.8036,0,U,31178,999,99258,.6049239E-3,.1449E-4,0
FENGYUN 1C DEB,1999-025BJH,2026-08-09T19:01:17.277312,13.92570733,.02157275,99.0056,240.3114,65.7390,296.6143,0,U,31179,999,65281,.4335801E-3,.635E-5,0
FENGYUN 1C DEB,1999-025BJJ,2026-08-12T05:12:28.081152,13.70666854,.04973004,99.2504,352.2554,143.9376,337.4906,0,U,31180,999,67388,.16534718E-3,.311E-5,0
FENGYUN 1C DEB,1999-025BJK,2026-08-12T14:04:11.899776,14.12634367,.00484657,98.7559,256.7656,103.0745,48.0465,0,U,31181,999,99195,.39348842E-3,.694E-5,0
FENGYUN 1C DEB,1999-025BJL,2026-08-11T04:53:56.272128,14.14862480,.0022858,98.6994,210.7559,165.1439,257.3955,0,U,31182,999,99495,.14832E-3,.244E-5,0
FENGYUN 1C DEB,1999-025BJM,2026-08-12T23:47:00.735072,14.52628532,.004703,99.0470,232.1765,97.7043,291.3232,0,U,31183,999,999,.33612E-3,.1343E-4,0
FENGYUN 1C DEB,1999-025BJP,2026-08-12T05:18:39.832704,14.03144030,.00410597,98.8446,218.7466,148.6484,211.7143,0,U,31185,999,65737,-.789368E-5,-.55E-6,0
FENGYUN 1C DEB,1999-025BJQ,2026-08-13T00:36:18.252864,14.13286175,.0026356,99.1746,151.5424,98.0485,322.4343,0,U,31186,999,99541,.19204E-3,.315E-5,0
FENGYUN 1C DEB,1999-025BJR,2026-08-11T12:46:06.379392,14.67359831,.0196339,99.2205,121.0681,206.7960,152.2994,0,U,31187,999,72637,.59194003E-3,.4399E-4,0
FENGYUN 1C DEB,1999-025BJS,2026-08-13T03:42:19.321056,14.25237687,.0057083,98.7332,296.7508,263.3626,125.3412,0,U,31188,999,99802,.51686E-3,.1191E-4,0
FENGYUN 1C DEB,1999-025BJU,2026-08-04T17:45:59.293440,14.04097866,.00667905,98.8123,227.4282,323.5389,36.1239,0,U,31190,999,98844,.58794153E-3,.907E-5,0
FENGYUN 1C DEB,1999-025BJV,2026-08-11T13:03:33.130944,14.41331196,.00914201,98.7682,135.8719,194.6875,165.1654,0,U,31191,999,1475,.10326424E-3,.302E-5,0
FENGYUN 1C DEB,1999-025BJW,2026-08-12T09:25:54.233184,14.21539280,.02579295,98.5755,206.1718,119.1927,243.5318,0,U,31192,999,157,.11575717E-3,.309E-5,0
FENGYUN 1C DEB,1999-025BJY,2026-08-13T04:30:10.361952,14.37817568,.005575,98.9454,129.2129,283.3964,76.1011,0,U,31194,999,593,.31666E-3,.923E-5,0
FENGYUN 1C DEB,1999-025BJZ,2026-08-12T00:48:43.773408,14.08094972,.01709161,98.7529,255.4768,217.4973,141.4175,0,U,31195,999,99508,.7680468E-4,.106E-5,0
FENGYUN 1C DEB,1999-025BKA,2026-08-10T07:11:27.813408,14.25998110,.00567528,98.5207,233.9034,228.4730,131.1574,0,U,31196,999,66923,.2008079E-3,.444E-5,0
FENGYUN 1C DEB,1999-025BKC,2026-08-12T23:02:31.209216,13.75580249,.0204858,98.6115,310.5842,58.5886,303.5123,0,U,31198,999,66097,.27895E-4,-.5E-7,0
FENGYUN 1C DEB,1999-025BKD,2026-08-09T21:29:15.096768,14.10144393,.00634284,98.7365,202.5575,300.1673,88.6341,0,U,31199,999,99544,.9620687E-4,.13E-5,0
FENGYUN 1C DEB,1999-025BKF,2026-08-12T14:22:58.122048,14.36217933,.01408034,98.9773,100.8802,359.3677,64.6776,0,U,31201,999,733,.24913981E-3,.762E-5,0
FENGYUN 1C DEB,1999-025BKG,2026-08-12T11:54:43.001856,14.88213167,.00660853,96.5521,232.4491,77.9760,74.2657,0,U,31202,999,2682,.26255141E-3,.248E-4,0
FENGYUN 1C DEB,1999-025BKK,2026-08-11T18:16:07.493376,14.24101974,.01610708,99.2346,333.9746,226.2825,132.4919,0,U,31205,999,656,.53159294E-4,.88E-6,0
FENGYUN 1C DEB,1999-025BKL,2026-08-12T05:46:19.377120,14.41406465,.00769046,98.8375,145.4156,2.0076,358.1406,0,U,31206,999,1322,.22923414E-3,.72E-5,0
FENGYUN 1C DEB,1999-025BKN,2026-08-09T23:31:46.185888,14.67846735,.00117615,99.2531,40.4358,249.5780,262.6384,0,U,31208,999,73997,.82425642E-3,.4654E-4,0
FENGYUN 1C DEB,1999-025BKP,2026-08-12T01:15:26.116704,14.47505237,.00193873,98.8868,335.4347,343.2614,16.7935,0,U,31209,999,68309,.78021456E-3,.2826E-4,0
FENGYUN 1C DEB,1999-025BKQ,2026-08-12T23:03:25.394112,14.12285377,.001654,98.7252,224.4370,182.0271,207.9433,0,U,31210,999,99400,.12974E-3,.196E-5,0
FENGYUN 1C DEB,1999-025BKR,2026-08-11T21:49:09.545664,14.20981365,.00517,98.6533,259.9254,109.2878,251.3901,0,U,31211,999,66731,.43755E-3,.918E-5,0
FENGYUN 1C DEB,1999-025BKS,2026-08-12T02:10:39.714816,14.14214948,.00734285,99.1998,267.6936,209.8201,149.8777,0,U,31212,999,99083,.61198567E-3,.1151E-4,0
FENGYUN 1C DEB,1999-025BKV,2026-08-09T20:25:04.657440,14.34934254,.0067284,99.0482,82.5514,345.3946,14.5292,0,U,31215,999,99968,.35635929E-3,.991E-5,0
FENGYUN 1C DEB,1999-025BKX,2026-08-12T11:41:12.257952,14.18140288,.00982925,98.6394,230.8758,181.2695,178.8246,0,U,31217,999,99788,.23136264E-3,.456E-5,0
FENGYUN 1C DEB,1999-025BKY,2026-08-12T08:21:30.376800,14.89838721,.00068668,98.8397,4.4123,349.6189,10.4883,0,U,31218,999,589,.15637944E-2,.14986E-3,0
FENGYUN 1C DEB,1999-025BKZ,2026-08-10T20:29:23.711424,14.14982798,.00770383,99.2736,247.0224,219.9223,139.6268,0,U,31219,999,98978,.57174864E-3,.109E-4,0
FENGYUN 1C DEB,1999-025BLC,2026-08-12T05:14:55.373280,15.02670914,.01511155,98.5930,324.7229,352.0621,7.8211,0,U,31222,999,3619,.15370813E-3,.2537E-4,0
FENGYUN 1C DEB,1999-025BLD,2026-08-13T02:43:38.887392,13.79080541,.0237128,99.0362,104.7173,109.5383,253.1542,0,U,31223,999,96081,.14502E-2,.179E-4,0
FENGYUN 1C DEB,1999-025BLE,2026-08-08T17:30:59.491008,14.29418700,.01565421,98.3859,208.5402,176.8455,358.8597,0,U,31224,999,72664,.13104176E-3,.337E-5,0
FENGYUN 1C DEB,1999-025BLF,2026-08-12T22:38:13.649856,14.19179155,.008603,98.9782,306.2274,19.5112,37.0941,0,U,31225,999,99270,.47333E-3,.983E-5,0
FENGYUN 1C DEB,1999-025BLG,2026-08-12T06:16:40.956096,14.27058952,.01260385,98.3607,218.3033,201.7046,157.8766,0,U,31226,999,65512,.11011073E-3,.25E-5,0
FENGYUN 1C DEB,1999-025BLJ,2026-08-13T02:26:19.095360,14.37628213,.0078835,98.8662,149.4632,88.0622,41.8823,0,U,31228,999,1062,.18066E-3,.515E-5,0
FENGYUN 1C DEB,1999-025BLK,2026-08-13T04:01:59.335104,14.23236566,.0050073,98.8569,306.8165,318.5890,41.1496,0,U,31229,999,99545,.56229E-3,.1243E-4,0
FENGYUN 1C DEB,1999-025BLM,2026-08-12T07:38:32.193024,14.86945579,.01208015,98.8681,54.3110,58.3900,302.9035,0,U,31231,999,66613,.72543235E-3,.7347E-4,0
FENGYUN 1C DEB,1999-025BLQ,2026-08-07T05:23:06.427680,14.08231852,.00723871,98.7979,212.1505,278.1786,81.1178,0,U,31234,999,76062,.75487272E-4,.88E-6,0
FENGYUN 1C DEB,1999-025BLR,2026-08-11T04:55:52.556160,14.23266862,.0162223,98.4542,6.6231,38.3783,322.8807,0,U,31235,999,66597,.13804E-2,.3537E-4,0
FENGYUN 1C DEB,1999-025BLS,2026-08-11T18:40:47.811360,13.88646856,.03063528,98.5414,163.8773,101.2155,262.3599,0,U,31236,999,64381,.15460038E-2,.2673E-4,0
FENGYUN 1C DEB,1999-025BLT,2026-08-12T22:14:52.172736,14.32025483,.0088101,98.4619,222.6503,349.8220,10.1177,0,U,31237,999,741,.18383E-3,.472E-5,0
FENGYUN 1C DEB,1999-025BLV,2026-08-12T22:52:00.597216,14.10158550,.0048405,98.7710,218.6789,230.0234,185.0735,0,U,31239,999,99439,.11032E-3,.154E-5,0
FENGYUN 1C DEB,1999-025BLW,2026-08-08T06:32:33.952416,14.09889952,.00466726,98.7548,223.1673,62.5031,311.0189,0,U,31240,999,25458,.26577471E-3,.43E-5,0
FENGYUN 1C DEB,1999-025BLX,2026-08-11T22:03:47.880288,14.39416070,.0065703,99.2634,34.6027,192.7346,167.2182,0,U,31241,999,1152,.20575E-3,.605E-5,0
FENGYUN 1C DEB,1999-025BLZ,2026-08-12T13:00:45.312768,14.07721264,.0064955,98.7290,261.8634,202.4415,157.3910,0,U,31243,999,72723,.41794062E-3,.678E-5,0
FENGYUN 1C DEB,1999-025BMA,2026-07-28T22:07:12.252576,14.06550586,.0100349,99.0087,277.7340,257.9159,101.0751,0,U,31244,999,60847,.32364E-3,.515E-5,0
FENGYUN 1C DEB,1999-025BMC,2026-07-19T19:00:42.916896,14.08699208,.01469143,98.7942,47.6404,86.7953,275.0014,0,U,31246,999,64835,.91671571E-3,.1702E-4,0
FENGYUN 1C DEB,1999-025BMD,2026-08-13T05:19:21.398880,14.05633409,.0059703,99.3452,126.1268,113.0182,37.9457,0,U,31247,999,98941,.40877E-3,.63E-5,0
FENGYUN 1C DEB,1999-025BME,2026-08-10T10:30:57.373920,13.93125207,.01100766,99.2392,284.7095,19.9084,353.4408,0,U,31248,999,98175,.16889876E-3,.186E-5,0
FENGYUN 1C DEB,1999-025BMG,2026-08-12T07:17:59.765280,14.03822573,.01320942,98.3761,60.5197,331.5693,27.8312,0,U,31250,999,98920,.33479768E-3,.53E-5,0
FENGYUN 1C DEB,1999-025BMJ,2026-08-11T21:16:04.763136,14.40915156,.0211938,98.3039,241.0202,161.7565,199.1378,0,U,31252,999,694,.13074E-3,.497E-5,0
FENGYUN 1C DEB,1999-025BMK,2026-08-13T00:13:38.511264,14.03871623,.029007,99.0485,294.5728,134.4762,228.0521,0,U,31253,999,72411,-.42819E-4,-.144E-5,0
FENGYUN 1C DEB,1999-025BML,2026-08-11T15:06:45.677376,14.36995145,.01498121,98.4319,273.8155,200.0453,312.5379,0,U,31254,999,870,.17596237E-3,.545E-5,0
FENGYUN 1C DEB,1999-025BMM,2026-08-12T07:02:44.813472,14.10155556,.02701261,99.3156,55.1834,27.8246,333.7078,0,U,31255,999,155,.86559517E-4,.164E-5,0
FENGYUN 1C DEB,1999-025BMN,2026-08-12T09:44:45.359520,14.06299853,.03010424,98.6648,66.8635,150.0632,211.8139,0,U,31256,999,68389,.10092739E-2,.2466E-4,0
FENGYUN 1C DEB,1999-025BMR,2026-08-12T13:11:00.360672,14.16379258,.00630145,99.0012,311.2242,225.5771,264.9421,0,U,31259,999,99005,.67260765E-3,.1316E-4,0
FENGYUN 1C DEB,1999-025BMS,2026-08-11T23:38:58.304256,14.37597273,.00458371,98.9431,135.6144,300.7289,119.7785,0,U,31260,999,669,.32131515E-3,.928E-5,0
FENGYUN 1C DEB,1999-025BMT,2026-08-12T09:03:49.859424,14.41470016,.00483804,99.0368,196.1949,236.1800,123.4776,0,U,31261,999,840,.28519863E-3,.889E-5,0
FENGYUN 1C DEB,1999-025BMU,2026-08-13T05:23:23.451072,14.19669470,.0056064,98.9969,317.3052,123.2858,266.8395,0,U,31262,999,99162,.70613E-3,.1471E-4,0
FENGYUN 1C DEB,1999-025BMW,2026-08-12T05:15:24.960096,14.19094841,.00017442,99.0986,132.7542,39.9310,113.1768,0,U,31264,999,99867,.21468006E-3,.402E-5,0
FENGYUN 1C DEB,1999-025BMY,2026-08-12T23:25:39.799776,14.22640413,.0129075,99.2735,225.5344,312.4383,74.3816,0,U,31266,999,641,.10166E-3,.198E-5,0
FENGYUN 1C DEB,1999-025BNA,2026-08-09T08:19:24.107520,14.06905590,.00479016,98.7335,260.5468,227.8337,131.8760,0,U,31268,999,65401,.29434179E-3,.453E-5,0
FENGYUN 1C DEB,1999-025BNB,2026-08-12T14:26:54.682656,14.46796425,.02299869,98.1555,98.8627,254.0748,133.8025,0,U,31269,999,99995,.36288614E-3,.1773E-4,0
FENGYUN 1C DEB,1999-025BNE,2026-08-13T02:53:43.327104,14.23441626,.0106093,99.0635,109.5572,135.3575,225.6207,0,U,31272,999,442,.18528E-3,.4E-5,0
FENGYUN 1C DEB,1999-025BNG,2026-08-12T08:10:05.783808,13.86097781,.02404233,99.0190,39.7567,174.3674,186.0276,0,U,31274,999,97567,.28928973E-3,.376E-5,0
FENGYUN 1C DEB,1999-025BNH,2026-08-11T09:31:19.932672,14.03001054,.01040923,98.9235,267.1419,41.2943,319.6036,0,U,31275,999,98874,.41448929E-3,.632E-5,0
FENGYUN 1C DEB,1999-025BNM,2026-08-11T17:39:15.489216,14.26869457,.00727502,98.5155,230.5257,188.4736,171.5222,0,U,31279,999,657,.19417298E-3,.442E-5,0
FENGYUN 1C DEB,1999-025BNP,2026-08-13T04:38:40.050240,15.37553238,.0073262,98.4038,35.7799,332.1896,27.5436,0,U,31281,999,3416,.48782E-3,.19614E-3,0
FENGYUN 1C DEB,1999-025BNQ,2026-08-11T15:49:48.955296,14.43821542,.01262647,99.2265,166.0040,293.2341,65.5594,0,U,31282,999,601,.66929743E-4,.192E-5,0
FENGYUN 1C DEB,1999-025BNS,2026-08-04T14:02:47.795424,13.98369363,.01439872,99.7262,329.8537,146.1324,214.9134,0,U,31284,999,98444,.51996188E-3,.763E-5,0
FENGYUN 1C DEB,1999-025BNT,2026-08-12T04:23:54.266208,14.26368756,.01985908,98.5438,203.5670,197.0188,175.6404,0,U,31285,999,739,.61132606E-4,.133E-5,0
FENGYUN 1C DEB,1999-025BNU,2026-08-12T02:57:06.616800,14.25554523,.00792933,100.8553,176.3226,346.2118,13.6889,0,U,31286,999,67470,.10647545E-2,.2541E-4,0
FENGYUN 1C DEB,1999-025BNV,2026-08-12T04:09:49.583520,14.29667992,.00287091,99.3929,303.8022,89.6881,270.7588,0,U,31287,999,144,.52548083E-3,.1303E-4,0
FENGYUN 1C DEB,1999-025BPB,2026-08-11T06:42:41.112000,14.30911324,.0125141,98.4224,228.6512,250.4838,108.2794,0,U,31293,999,68698,.28801E-4,.37E-6,0
FENGYUN 1C DEB,1999-025BPC,2026-08-11T18:15:00.209376,14.15705930,.00997661,98.5562,214.5774,5.9208,354.3121,0,U,31294,999,277,.18224337E-3,.333E-5,0
FENGYUN 1C DEB,1999-025BPD,2026-08-13T03:21:37.003104,13.96910808,.0076643,98.3343,32.1552,289.2624,70.0261,0,U,31295,999,98901,-.71865E-4,-.141E-5,0
FENGYUN 1C DEB,1999-025BPE,2026-08-13T02:26:55.390272,14.89419864,.001598,99.0578,176.4126,149.8109,210.4029,0,U,31296,999,946,.18749E-2,.17835E-3,0
FENGYUN 1C DEB,1999-025BPF,2026-08-12T22:41:06.188064,14.57899563,.0138218,98.9680,25.0970,103.3658,46.7632,0,U,31297,999,2843,.11863E-3,.559E-5,0
FENGYUN 1C DEB,1999-025BPJ,2026-08-12T13:25:07.688928,14.16253603,.00618477,99.5376,325.7881,103.1862,17.8310,0,U,31300,999,99610,.52294482E-3,.1006E-4,0
FENGYUN 1C DEB,1999-025BPL,2026-08-11T03:12:26.286912,14.28991411,.00287059,99.3996,288.7191,89.2063,301.7477,0,U,31302,999,99804,.55424017E-3,.1358E-4,0
FENGYUN 1C DEB,1999-025BPM,2026-08-13T00:01:44.015232,14.11121100,.0011073,98.6945,238.5946,179.7785,180.3393,0,U,31303,999,99749,.27234E-4,.7E-7,0
FENGYUN 1C DEB,1999-025BPP,2026-08-13T04:59:33.525024,14.31614621,.0019842,98.8454,315.7992,94.1823,295.8822,0,U,31311,999,99703,.58848E-3,.1525E-4,0
FENGYUN 1C DEB,1999-025BPQ,2026-08-12T10:29:40.449408,14.01147286,.00566347,98.8725,208.2342,281.1457,231.7659,0,U,31312,999,98544,.50599436E-4,.34E-6,0
FENGYUN 1C DEB,1999-025BPR,2026-08-11T23:46:00.287904,14.22568940,.00439702,99.0030,138.2314,206.7545,153.1364,0,U,31313,999,481,.10064921E-3,.18E-5,0
FENGYUN 1C DEB,1999-025BPS,2026-08-01T05:39:55.262592,14.05129806,.00799673,98.8343,206.1137,68.6220,292.3457,0,U,31314,999,64065,.95670413E-4,.116E-5,0
FENGYUN 1C DEB,1999-025BPX,2026-08-12T12:26:50.355168,13.75905310,.01697912,98.8042,110.4765,158.6994,323.2018,0,U,31319,999,97026,.73010724E-4,.4E-6,0
FENGYUN 1C DEB,1999-025BPY,2026-08-09T16:46:35.730624,14.22777316,.01026217,98.3032,26.1621,123.7442,237.3567,0,U,31320,999,63767,.11397947E-2,.2659E-4,0
FENGYUN 1C DEB,1999-025BPZ,2026-08-11T10:24:23.478048,14.13946222,.0029291,98.7142,301.4289,208.2903,151.6681,0,U,31321,999,60799,.62478582E-4,.76E-6,0
FENGYUN 1C DEB,1999-025BQA,2026-08-11T20:49:36.997248,13.73107348,.02395282,98.5413,267.2285,81.6075,90.8805,0,U,31322,999,65598,.79764798E-4,.55E-6,0
FENGYUN 1C DEB,1999-025BQB,2026-08-11T10:18:54.753696,14.29123214,.00325269,99.4043,285.6829,108.5615,251.9102,0,U,31323,999,67431,.58506648E-3,.1442E-4,0
FENGYUN 1C DEB,1999-025BQC,2026-08-10T01:37:04.561824,14.14831109,.00497971,99.1304,153.9317,347.0474,12.9416,0,U,31324,999,99884,.67553843E-4,.85E-6,0
FENGYUN 1C DEB,1999-025BQD,2026-08-12T12:45:25.263360,14.18518129,.00685671,98.9920,326.6271,248.3518,111.0344,0,U,31325,999,63218,.69082588E-3,.1416E-4,0
FENGYUN 1C DEB,1999-025BQF,2026-08-11T14:27:51.589152,15.23471643,.0064551,98.9633,274.4949,281.2073,78.1908,0,U,31327,999,3767,.37449107E-3,.9367E-4,0
FENGYUN 1C DEB,1999-025BQG,2026-08-12T21:23:16.643904,14.29053091,.0103325,98.5119,197.6128,221.0771,138.2598,0,U,31328,999,904,.24229E-4,.22E-6,0
FENGYUN 1C DEB,1999-025BQH,2026-08-10T06:51:36.476640,14.71072773,.00529073,98.9062,234.9983,61.5210,299.1308,0,U,31329,999,6148,.5354108E-3,.3302E-4,0
FENGYUN 1C DEB,1999-025BQK,2026-08-09T19:11:22.419456,14.00774266,.00523085,98.8662,245.6884,234.6028,125.0245,0,U,31331,999,67217,.22653495E-4,-.9E-7,0
FENGYUN 1C DEB,1999-025BQL,2026-08-12T23:40:13.071360,14.12545665,.0050756,98.7031,233.3241,53.5885,335.8707,0,U,31332,999,99405,.34868E-3,.61E-5,0
FENGYUN 1C DEB,1999-025BQM,2026-08-11T18:19:05.436768,14.27293969,.00983179,98.4209,234.4573,35.5479,325.2200,0,U,31333,999,22,.2923838E-3,.711E-5,0
FENGYUN 1C DEB,1999-025BQQ,2026-08-11T15:16:18.270048,14.39138832,.0093698,98.4344,280.2172,114.2959,37.0625,0,U,31336,999,1255,.13053489E-3,.381E-5,0
FENGYUN 1C DEB,1999-025BQS,2026-08-10T19:53:10.081824,14.23112629,.00714209,98.7061,64.9818,131.4945,229.2393,0,U,31338,999,67084,.10242922E-2,.233E-4,0
FENGYUN 1C DEB,1999-025BQT,2026-08-13T00:12:17.206272,14.12907031,.0073944,98.7036,239.9117,353.8666,6.1594,0,U,31339,999,99112,.35308E-3,.631E-5,0
FENGYUN 1C DEB,1999-025BQV,2026-08-13T04:44:49.753248,14.55730596,.0050248,99.5368,305.5605,344.3618,43.0974,0,U,31341,999,1158,.39037E-3,.1676E-4,0
FENGYUN 1C DEB,1999-025BQW,2026-08-09T03:34:43.065120,14.36980635,.01109019,98.9648,191.9775,235.3733,123.6956,0,U,31342,999,1322,.45710754E-4,.94E-6,0
FENGYUN 1C DEB,1999-025BQZ,2026-08-05T18:43:22.428480,14.13358110,.00693012,98.0906,213.9778,116.3012,244.5304,0,U,31345,999,98835,.96667548E-3,.182E-4,0
FENGYUN 1C DEB,1999-025BRA,2026-08-12T11:52:09.755040,15.19913828,.00903424,98.8779,237.2285,283.9541,75.1656,0,U,31346,999,3163,.24799769E-3,.584E-4,0
FENGYUN 1C DEB,1999-025BRC,2026-08-12T09:24:23.463936,14.35598337,.00348211,99.1421,194.2539,78.9173,73.3960,0,U,31348,999,99729,.40074145E-3,.1114E-4,0
FENGYUN 1C DEB,1999-025BRD,2026-08-11T07:44:17.481120,14.05659638,.0068542,99.2582,263.0902,295.9006,63.5106,0,U,31349,999,66330,.52845213E-3,.832E-5,0
FENGYUN 1C DEB,1999-025BRE,2026-08-10T19:15:38.781216,14.35491237,.00667495,98.9727,49.1783,138.4144,222.2145,0,U,31350,999,73711,.20400981E-3,.555E-5,0
FENGYUN 1C DEB,1999-025BRF,2026-08-08T19:37:14.870208,14.07191835,.00938268,98.8150,206.4633,98.4653,262.7164,0,U,31351,999,64737,.24496E-3,.385E-5,0
FENGYUN 1C DEB,1999-025BRH,2026-08-08T01:03:48.248352,14.30605240,.02272285,99.0037,158.6415,94.4605,268.2572,0,U,31353,999,99991,.20910602E-3,.671E-5,0
FENGYUN 1C DEB,1999-025BRL,2026-08-02T04:30:56.141856,14.82610213,.00255394,98.6499,356.6894,247.1433,112.7081,0,U,31356,999,68558,.21346688E-2,.17259E-3,0
FENGYUN 1C DEB,1999-025BRM,2026-08-12T00:27:47.813760,14.18556878,.00490843,98.5862,252.5953,314.3654,74.6968,0,U,31357,999,128,.12498619E-4,-.17E-6,0
FENGYUN 1C DEB,1999-025BRP,2026-08-10T13:04:10.179264,14.23898238,.00695271,99.0767,333.3239,322.7551,36.8816,0,U,31359,999,2027,.88782571E-3,.2038E-4,0
FENGYUN 1C DEB,1999-025BRQ,2026-08-11T08:00:37.883520,14.14944648,.00993968,97.9936,61.2405,247.3393,111.7249,0,U,31360,999,66613,.10884068E-2,.2169E-4,0
FENGYUN 1C DEB,1999-025BRR,2026-08-12T04:19:39.448416,14.17867571,.00462431,98.5786,195.9488,91.2682,269.3792,0,U,31361,999,99999,.54299046E-4,.7E-6,0
FENGYUN 1C DEB,1999-025BRS,2026-08-12T05:51:38.442816,14.17530312,.00192286,98.6662,217.4509,117.3690,242.9445,0,U,31362,999,1,.68869959E-4,.97E-6,0
FENGYUN 1C DEB,1999-025BRU,2026-08-11T01:59:23.232192,14.16999143,.00921377,99.2681,357.3224,187.2376,172.7472,0,U,31364,999,98292,.12718651E-2,.2617E-4,0
FENGYUN 1C DEB,1999-025BRV,2026-08-11T23:41:45.758688,14.44542909,.00401738,98.6698,318.3496,212.2136,147.6600,0,U,31365,999,113,.69761724E-3,.2389E-4,0
FENGYUN 1C DEB,1999-025BRX,2026-08-11T17:29:17.914848,14.48378546,.00979805,98.7273,131.1229,7.5284,49.8012,0,U,31367,999,1948,.21158976E-3,.789E-5,0
FENGYUN 1C DEB,1999-025BRY,2026-08-08T09:00:22.421664,14.25264068,.00455125,99.1331,59.1384,327.2595,32.5764,0,U,31368,999,67861,.30209156E-3,.67E-5,0
FENGYUN 1C DEB,1999-025BRZ,2026-08-08T04:20:09.155328,14.19653993,.00546527,98.6419,200.4685,331.9972,89.0411,0,U,31369,999,67710,.11200804E-3,.197E-5,0
FENGYUN 1C DEB,1999-025BSA,2026-08-07T19:00:04.010976,14.09983881,.00337708,98.7607,218.4474,345.9218,14.1008,0,U,31370,999,99648,.20856077E-3,.327E-5,0
FENGYUN 1C DEB,1999-025BSB,2026-08-12T07:09:59.414112,14.05048509,.00760317,98.7447,253.7401,286.5175,72.7650,0,U,31371,999,99152,.5052527E-3,.792E-5,0
FENGYUN 1C DEB,1999-025BSC,2026-08-12T23:23:36.023136,14.28253885,.0033829,99.3790,238.6222,99.6338,260.8665,0,U,31372,999,99321,.59506E-3,.1443E-4,0
FENGYUN 1C DEB,1999-025BSE,2026-08-05T05:59:59.077248,14.37405106,.01370054,99.6387,21.1663,28.9262,331.9428,0,U,31374,999,99432,.10576065E-2,.3466E-4,0
FENGYUN 1C DEB,1999-025BSG,2026-08-12T13:30:55.986336,14.66297198,.00439686,98.8357,163.3918,238.2709,121.4204,0,U,31376,999,1693,.50514389E-3,.2769E-4,0
FENGYUN 1C DEB,1999-025BSJ,2026-08-12T05:54:44.670240,13.80498560,.016885,100.7447,151.0777,308.1381,50.4650,0,U,31378,999,97569,.28007266E-3,.27E-5,0
FENGYUN 1C DEB,1999-025BSM,2026-08-08T11:30:46.762560,14.37894415,.01962847,98.4792,305.8662,39.2483,322.2748,0,U,31381,999,827,.11887449E-3,.398E-5,0
FENGYUN 1C DEB,1999-025BSP,2026-08-11T03:00:20.400768,14.06216454,.01074018,99.0455,290.0041,6.0977,23.6669,0,U,31383,999,98761,.35271594E-3,.566E-5,0
FENGYUN 1C DEB,1999-025BSQ,2026-08-11T19:35:45.111840,13.88238962,.04332002,98.4727,173.1244,93.8226,300.6476,0,U,31384,999,96381,.73546404E-3,.1827E-4,0
FENGYUN 1C DEB,1999-025BSR,2026-08-11T13:31:09.124320,14.44305634,.01340205,98.9566,331.3606,55.9968,318.0348,0,U,31385,999,2106,.48399611E-4,.132E-5,0
FENGYUN 1C DEB,1999-025BSS,2026-08-12T21:51:37.097856,13.87205942,.0196342,98.4377,221.2361,336.9405,22.3030,0,U,31386,999,97232,.88893E-3,.1177E-4,0
FENGYUN 1C DEB,1999-025BST,2026-08-13T03:28:18.011424,14.13832973,.0240423,99.1371,114.6069,205.7801,153.1227,0,U,31387,999,99736,.76097E-4,.139E-5,0
FENGYUN 1C DEB,1999-025BSU,2026-08-12T04:48:31.054752,14.07543158,.00458262,98.8244,211.3219,239.3301,183.5993,0,U,31388,999,99852,.13243212E-3,.182E-5,0
FENGYUN 1C DEB,1999-025BSV,2026-08-12T00:35:37.326912,14.71624786,.00247924,99.0411,59.1615,155.8426,355.7841,0,U,31389,999,41,.14582925E-2,.9068E-4,0
FENGYUN 1C DEB,1999-025BSW,2026-08-09T05:41:09.107808,14.46011274,.0107765,98.8577,37.9417,290.2805,246.8447,0,U,31410,999,1207,.24921E-3,.9E-5,0
FENGYUN 1C DEB,1999-025BSX,2026-08-12T10:27:33.173568,14.28454378,.00999967,98.6409,288.6091,264.6723,160.4433,0,U,31411,999,97944,.13041224E-3,.299E-5,0
FENGYUN 1C DEB,1999-025BSY,2026-08-12T06:46:44.122368,14.11041804,.00845184,98.5578,161.5747,4.9638,355.2353,0,U,31412,999,64411,.62474109E-3,.112E-4,0
FENGYUN 1C DEB,1999-025BTC,2026-08-12T09:30:59.836032,14.41117838,.01316459,99.0205,293.2965,254.3565,104.3064,0,U,31416,999,69014,.10384619E-3,.315E-5,0
FENGYUN 1C DEB,1999-025BTF,2026-08-09T07:02:38.233248,14.75505831,.00374694,98.7877,59.2492,165.9445,194.2814,0,U,31419,999,68555,.1150161E-2,.7864E-4,0
FENGYUN 1C DEB,1999-025BTG,2026-08-12T03:07:48.065952,14.41551837,.01334737,97.5329,98.9762,301.9101,211.2269,0,U,31420,999,68485,.15507366E-3,.519E-5,0
FENGYUN 1C DEB,1999-025BTJ,2026-08-10T12:26:48.977088,14.09898926,.00339552,98.7701,218.2313,341.3375,148.5171,0,U,31422,999,99054,.19866801E-3,.308E-5,0
FENGYUN 1C DEB,1999-025BTK,2026-08-11T09:21:22.292640,14.23124320,.0035566,98.6075,203.5446,212.0691,147.8324,0,U,31423,999,345,.58457921E-4,.9E-6,0
FENGYUN 1C DEB,1999-025BTL,2026-08-12T09:05:13.714080,14.08537860,.00943038,98.4524,258.5476,134.1344,226.7632,0,U,31424,999,66586,.19318087E-3,.306E-5,0
FENGYUN 1C DEB,1999-025BTN,2026-08-11T16:09:23.052672,13.91410526,.0320058,98.6011,8.6209,238.0912,132.1300,0,U,31426,999,96936,.87477251E-3,.1635E-4,0
FENGYUN 1C DEB,1999-025BTP,2026-08-11T18:52:27.455232,14.64359792,.00271331,98.6814,349.6667,353.4973,6.5872,0,U,31427,999,418,.69244948E-3,.3624E-4,0
FENGYUN 1C DEB,1999-025BTQ,2026-08-12T22:58:51.774816,14.43256001,.006293,99.0573,216.2623,153.4903,233.6444,0,U,31428,999,978,.23534E-3,.761E-5,0
FENGYUN 1C DEB,1999-025BTR,2026-08-12T14:31:12.182304,14.23479820,.00155384,98.6656,274.9940,82.0809,71.9304,0,U,31429,999,99407,.35775549E-3,.771E-5,0
FENGYUN 1C DEB,1999-025BTS,2026-08-12T03:29:29.618016,14.26616421,.00276309,98.7245,291.3825,58.5542,331.2985,0,U,31430,999,99573,.39790154E-3,.92E-5,0
FENGYUN 1C DEB,1999-025BTT,2026-08-13T03:00:15.220224,14.04062612,.0132659,98.5253,103.5096,129.0438,232.2625,0,U,31431,999,97946,.41293E-3,.667E-5,0
FENGYUN 1C DEB,1999-025BTV,2026-08-13T05:09:53.438112,14.27853455,.0098044,98.3993,124.2156,34.3401,116.6299,0,U,31433,999,99024,.88068E-3,.2252E-4,0
FENGYUN 1C DEB,1999-025BTX,2026-08-10T07:53:57.737472,14.53841089,.0148218,99.0433,58.2707,174.7868,185.4912,0,U,31435,999,1808,.82267691E-4,.338E-5,0
FENGYUN 1C DEB,1999-025BTY,2026-08-13T04:49:12.723744,15.37832343,.0022521,98.8619,122.3861,138.5494,12.4555,0,U,31436,999,553,.3066E-2,.116471E-2,0
FENGYUN 1C DEB,1999-025BTZ,2026-08-13T05:17:58.197408,14.45800080,.001331,98.8591,321.4022,237.0652,122.9259,0,U,31437,999,11,.71658E-3,.2497E-4,0
FENGYUN 1C DEB,1999-025BUB,2026-08-09T20:25:00.331392,13.96068241,.01357612,98.9180,225.2981,220.8837,261.4560,0,U,31439,999,66582,.17065764E-3,.21E-5,0
FENGYUN 1C DEB,1999-025BUC,2026-08-09T11:41:56.436000,14.39008399,.00363371,98.7424,318.6315,353.2511,6.8182,0,U,31440,999,99771,.56898739E-3,.1724E-4,0
FENGYUN 1C DEB,1999-025BUD,2026-08-12T11:20:18.484224,14.99956250,.00585632,99.2850,133.6002,289.5100,69.9799,0,U,31441,999,67698,.22293005E-2,.28729E-3,0
FENGYUN 1C DEB,1999-025BUE,2026-08-13T01:13:18.521184,14.34440985,.0078478,98.5203,312.6352,11.6246,348.6728,0,U,31442,999,848,.11885E-3,.303E-5,0
FENGYUN 1C DEB,1999-025BUF,2026-08-10T03:35:01.923648,14.51517021,.01853821,99.2232,349.1886,101.3974,260.8105,0,U,31443,999,70426,.6126581E-3,.3003E-4,0
FENGYUN 1C DEB,1999-025BUG,2026-08-12T09:13:28.990848,14.77776980,.00544214,98.9359,196.1512,36.8372,323.6554,0,U,31444,999,994,.94418633E-3,.6886E-4,0
FENGYUN 1C DEB,1999-025BUK,2026-08-10T09:25:50.513664,14.24288395,.02300974,98.9641,273.9854,22.0311,339.0567,0,U,31447,999,68277,.5406623E-4,.112E-5,0
FENGYUN 1C DEB,1999-025BUL,2026-08-11T05:58:13.677024,14.28579637,.0057406,98.4976,233.1412,214.3083,145.4386,0,U,31448,999,67751,.25789E-3,.616E-5,0
FENGYUN 1C DEB,1999-025BUM,2026-08-01T22:20:06.059616,14.33990194,.0143475,98.5245,274.5142,301.0592,57.6575,0,U,31449,999,940,.11036E-3,.297E-5,0
FENGYUN 1C DEB,1999-025BUP,2026-08-13T01:28:12.636768,14.13916874,.0030215,98.7361,266.9061,238.4140,151.5913,0,U,31451,999,99448,.14292E-3,.229E-5,0
FENGYUN 1C DEB,1999-025BUQ,2026-08-11T04:20:27.926592,14.15495328,.0040435,98.6784,208.4545,155.7792,204.5294,0,U,31452,999,99621,.15039E-3,.253E-5,0
FENGYUN 1C DEB,1999-025BUT,2026-08-11T04:36:47.648160,14.11689788,.0218459,98.5949,206.2683,81.9896,280.6002,0,U,31455,999,99510,.10457E-3,.197E-5,0
FENGYUN 1C DEB,1999-025BUU,2026-08-07T14:00:33.691392,14.43666481,.00656836,98.5852,328.5795,320.5318,39.1097,0,U,31456,999,889,.29017466E-3,.963E-5,0
FENGYUN 1C DEB,1999-025BUX,2026-08-10T11:20:27.291840,14.46388519,.00922786,98.1631,126.7872,117.4603,243.6010,0,U,31459,999,68035,.52996108E-3,.1962E-4,0
FENGYUN 1C DEB,1999-025BVA,2026-08-10T06:37:46.155360,14.13282452,.0031125,98.6775,238.5314,238.8958,182.9108,0,U,31462,999,99253,.15509694E-3,.249E-5,0
FENGYUN 1C DEB,1999-025BVB,2026-08-11T18:57:38.518560,14.37650598,.0212044,99.0968,224.3899,50.0030,311.9558,0,U,31463,999,68197,.19753444E-3,.712E-5,0
FENGYUN 1C DEB,1999-025BVC,2026-08-12T08:44:04.255296,14.12713196,.00424824,98.7646,271.2706,273.7344,146.8578,0,U,31464,999,98105,.12957635E-3,.199E-5,0
FENGYUN 1C DEB,1999-025BVE,2026-08-11T01:21:36.063360,14.18766728,.0298839,99.1030,164.5776,342.1362,16.9482,0,U,31466,999,99750,.86420139E-4,.222E-5,0
FENGYUN 1C DEB,1999-025BVF,2026-08-08T19:54:14.696928,14.01147571,.01537575,98.5927,79.7425,51.8497,309.6411,0,U,31467,999,3094,.10324814E-2,.1679E-4,0
FENGYUN 1C DEB,1999-025BVG,2026-07-24T19:02:37.199904,14.47437249,.01636924,98.1778,199.3419,201.4772,157.9500,0,U,31468,999,70612,.24186972E-3,.1E-4,0
FENGYUN 1C DEB,1999-025BVK,2026-08-02T20:37:35.076000,14.16752384,.01479111,97.9626,79.2467,36.0015,325.1017,0,U,31471,999,67276,.11337052E-2,.2488E-4,0
FENGYUN 1C DEB,1999-025BVM,2026-08-12T14:04:09.499584,14.31341236,.00640338,98.5253,258.1580,20.3967,131.3694,0,U,31473,999,72993,.49709766E-3,.1303E-4,0
FENGYUN 1C DEB,1999-025BVN,2026-08-12T20:58:14.032992,14.11635057,.0068441,99.1339,279.9695,243.3178,116.0974,0,U,31474,999,98399,.66262E-3,.1185E-4,0
FENGYUN 1C DEB,1999-025BVP,2026-08-08T22:55:28.499808,14.39474280,.0208409,98.9180,124.5848,120.2686,241.9308,0,U,31475,999,99519,.26611E-3,.1015E-4,0
FENGYUN 1C DEB,1999-025BVQ,2026-08-13T04:17:30.614784,14.23391803,.0051667,98.8855,305.9010,188.6139,171.4157,0,U,31476,999,99161,.56231E-3,.1248E-4,0
FENGYUN 1C DEB,1999-025BVR,2026-08-10T09:24:17.911008,14.03086656,.0110663,98.9041,211.7099,78.1363,283.2189,0,U,31477,999,98778,.22838868E-3,.332E-5,0
FENGYUN 1C DEB,1999-025BVU,2026-08-12T12:03:14.448384,13.92225752,.0337204,98.3292,56.4985,265.5983,90.6589,0,U,31480,999,96771,.10610074E-2,.2125E-4,0
FENGYUN 1C DEB,1999-025BVW,2026-08-11T19:37:25.278816,14.36556517,.00870763,98.3860,226.1897,279.4601,205.2146,0,U,31482,999,597,.23598849E-3,.679E-5,0
FENGYUN 1C DEB,1999-025BVX,2026-08-12T15:09:57.318624,14.18483511,.01136039,102.5112,277.6411,336.1758,176.9528,0,U,31483,999,98147,.95804239E-3,.2034E-4,0
FENGYUN 1C DEB,1999-025BVY,2026-08-12T13:39:27.559872,14.61007810,.00698531,101.8097,266.1055,208.9531,150.7774,0,U,31484,999,67773,.14422505E-2,.7244E-4,0
FENGYUN 1C DEB,1999-025BVZ,2026-08-12T10:18:48.571776,13.41243505,.04411122,102.7075,118.9968,153.6685,208.7598,0,U,31485,999,93697,.10091633E-2,.931E-5,0
FENGYUN 1C DEB,1999-025BWB,2026-08-13T04:39:14.962752,13.98635886,.0118884,102.4077,123.4792,77.1053,75.0324,0,U,31487,999,97814,.71493E-3,.1019E-4,0
FENGYUN 1C DEB,1999-025BWE,2026-08-08T18:03:47.816928,14.18706896,.00507704,99.2991,145.6983,315.2359,44.4723,0,U,31491,999,67115,.61126003E-3,.1236E-4,0
FENGYUN 1C DEB,1999-025BWF,2026-08-11T23:49:26.968800,14.81646641,.00504568,98.8594,58.5667,328.5240,31.2953,0,U,31492,999,60,.95410895E-3,.7612E-4,0
FENGYUN 1C DEB,1999-025BWG,2026-08-05T03:06:23.661792,13.93511235,.01161475,100.1514,190.5543,277.1103,81.6859,0,U,31493,999,63144,.50193939E-3,.642E-5,0
FENGYUN 1C DEB,1999-025BWJ,2026-08-12T11:51:42.046560,14.30551397,.00242116,99.1005,113.9112,194.1791,165.8713,0,U,31495,999,66860,.43286565E-3,.1084E-4,0
FENGYUN 1C DEB,1999-025BWL,2026-08-11T19:17:29.056128,14.39557095,.01668265,98.3931,207.1919,336.1754,141.7536,0,U,31497,999,973,.86007423E-4,.265E-5,0
FENGYUN 1C DEB,1999-025BWM,2026-08-12T08:04:05.410272,13.78041725,.02149096,98.4966,175.2961,209.2457,149.6525,0,U,31498,999,96074,.69015247E-3,.785E-5,0
FENGYUN 1C DEB,1999-025BWN,2026-08-12T04:02:32.208576,14.04206675,.02537621,97.6543,359.9159,211.9037,146.6551,0,U,31499,999,65769,.17419472E-2,.3649E-4,0
FENGYUN 1C DEB,1999-025BWR,2026-08-10T17:19:30.791424,14.15839957,.00682138,99.0833,322.4303,268.2330,91.1029,0,U,31502,999,63983,.81382186E-3,.159E-4,0
FENGYUN 1C DEB,1999-025BWS,2026-08-11T23:26:25.654848,14.23493581,.00474906,100.0809,130.1844,236.4599,123.2035,0,U,31503,999,67692,.33713663E-3,.719E-5,0
FENGYUN 1C DEB,1999-025BWW,2026-08-12T13:55:52.690080,14.53069363,.01161947,98.1696,255.8558,49.5354,100.4828,0,U,31507,999,1543,.17510714E-3,.742E-5,0
FENGYUN 1C DEB,1999-025BWX,2026-08-10T19:27:46.965600,14.69466077,.00278723,98.6404,348.8247,293.9879,65.8407,0,U,31508,999,449,.80465672E-3,.4741E-4,0
FENGYUN 1C DEB,1999-025BWY,2026-08-12T06:34:46.885728,13.96114410,.01918184,99.0354,343.7138,273.6452,84.2794,0,U,31509,999,97345,.64612857E-3,.99E-5,0
FENGYUN 1C DEB,1999-025BWZ,2026-08-10T05:40:24.254976,14.25072955,.00371673,98.5607,220.4141,351.1212,70.6882,0,U,31510,999,99912,.20787078E-3,.448E-5,0
FENGYUN 1C DEB,1999-025BXA,2026-08-12T05:43:25.254336,14.29029006,.01055146,99.0803,47.6054,244.8578,114.1628,0,U,31511,999,99263,.22375349E-3,.552E-5,0
FENGYUN 1C DEB,1999-025BXB,2026-08-03T13:38:43.153728,14.44701613,.01420369,98.7868,124.0269,167.5735,315.7254,0,U,31512,999,68877,.25388731E-3,.943E-5,0
FENGYUN 1C DEB,1999-025BXC,2026-08-12T05:55:26.112864,14.34949991,.00299949,98.8647,331.8428,135.9852,224.3728,0,U,31513,999,76344,.68494869E-3,.1913E-4,0
FENGYUN 1C DEB,1999-025BXD,2026-08-12T05:05:28.247136,14.22400087,.00516201,99.2401,141.4557,145.6277,214.8256,0,U,31514,999,72770,.51280999E-3,.1109E-4,0
FENGYUN 1C DEB,1999-025BXF,2026-08-11T19:20:41.259840,14.25851196,.01471424,98.8564,346.8512,257.2466,258.8544,0,U,31516,999,99941,.14222234E-3,.331E-5,0
FENGYUN 1C DEB,1999-025BXJ,2026-08-09T18:39:45.111744,14.23843761,.00509223,98.5839,217.4583,264.7018,94.8349,0,U,31519,999,68180,.17161403E-3,.355E-5,0
FENGYUN 1C DEB,1999-025BXM,2026-08-09T07:21:25.521696,14.04382500,.004158,98.6974,234.4682,248.0808,111.5936,0,U,31522,999,98358,.25697E-3,.37E-5,0
FENGYUN 1C DEB,1999-025BXN,2026-08-12T23:05:18.272256,14.13881316,.0039131,98.7230,272.0431,136.2632,345.1029,0,U,31523,999,99444,.14951E-4,-.14E-6,0
FENGYUN 1C DEB,1999-025BXP,2026-08-11T22:22:31.253952,14.07596157,.0276778,99.2517,116.0759,169.8299,254.6489,0,U,31524,999,66558,.23092E-3,.504E-5,0
FENGYUN 1C DEB,1999-025BXS,2026-08-12T08:28:48.321984,13.23613476,.04496675,98.9244,0.4076,68.5932,296.2540,0,U,31527,999,93399,.5651287E-5,-.28E-6,0
FENGYUN 1C DEB,1999-025BXW,2026-08-11T08:29:36.572928,14.37022137,.02391089,98.3558,266.5213,265.7079,91.6754,0,U,31531,999,67403,.20425404E-3,.787E-5,0
FENGYUN 1C DEB,1999-025BXY,2026-08-12T11:46:57.377568,14.28023546,.00656041,98.9385,127.5866,6.4951,353.7065,0,U,31533,999,69587,.1448775E-3,.321E-5,0
FENGYUN 1C DEB,1999-025BYA,2026-07-19T07:59:23.551008,14.29003080,.00859166,98.0218,37.9960,231.8967,127.4447,0,U,31535,999,75052,.26574342E-3,.66E-5,0
FENGYUN 1C DEB,1999-025BYB,2026-08-13T00:11:39.388992,14.58450713,.028148,98.2231,134.7628,109.5706,253.6114,0,U,31536,999,99799,.34796E-3,.2747E-4,0
FENGYUN 1C DEB,1999-025BYC,2026-08-10T07:11:13.799328,14.25830107,.03299409,99.3133,34.7320,358.4087,1.6014,0,U,31537,999,96704,.63292358E-3,.2612E-4,0
FENGYUN 1C DEB,1999-025BYF,2026-08-12T06:11:00.204000,14.68075767,.01692122,99.0702,54.3156,274.7028,83.4868,0,U,31540,999,1842,.18706298E-3,.1259E-4,0
FENGYUN 1C DEB,1999-025BYG,2026-08-12T10:22:37.219872,14.71670431,.00743472,99.0044,36.6910,206.9744,152.7587,0,U,31541,999,1982,.28930582E-3,.1816E-4,0
FENGYUN 1C DEB,1999-025BYH,2026-08-12T14:42:43.240608,14.23968897,.00457276,98.7123,281.4450,222.3023,137.4625,0,U,31542,999,99395,.48695058E-3,.1085E-4,0
FENGYUN 1C DEB,1999-025BYK,2026-08-13T02:43:18.593760,14.14917301,.0030536,98.8050,278.3059,297.5430,62.2642,0,U,31544,999,99198,.28131E-3,.502E-5,0
FENGYUN 1C DEB,1999-025BYM,2026-08-11T14:02:20.836032,14.14550723,.01439339,98.2279,279.2133,156.7608,204.0162,0,U,31546,999,98206,.72705678E-3,.1504E-4,0
FENGYUN 1C DEB,1999-025BYN,2026-08-05T08:56:12.276384,14.24422931,.00505926,99.0705,273.7096,297.6805,61.9244,0,U,31547,999,67370,.59206419E-3,.1341E-4,0
FENGYUN 1C DEB,1999-025BYR,2026-08-11T17:42:06.106752,14.41258142,.01869691,98.3187,221.7013,262.8630,95.1269,0,U,31550,999,68939,.15609753E-3,.568E-5,0
FENGYUN 1C DEB,1999-025BYT,2026-08-12T07:48:16.023744,14.51421858,.00779637,98.6257,356.3991,8.8096,351.4446,0,U,31552,999,99389,.7200326E-3,.2938E-4,0
FENGYUN 1C DEB,1999-025BYU,2026-08-13T04:03:33.873120,14.32104252,.0031089,98.9911,293.4748,110.6375,276.7629,0,U,31553,999,99392,.66864E-3,.1761E-4,0
FENGYUN 1C DEB,1999-025BYV,2026-08-12T20:58:19.978176,14.57356855,.0033726,98.9141,19.8082,6.0870,354.0729,0,U,31554,999,68392,.77619E-3,.3491E-4,0
FENGYUN 1C DEB,1999-025BYW,2026-08-08T19:00:10.399392,14.47305114,.01473635,99.1198,197.7385,206.1229,153.2474,0,U,31555,999,17,.36615772E-3,.1476E-4,0
FENGYUN 1C DEB,1999-025BYY,2026-08-07T04:28:10.535520,14.41453110,.01681872,98.3072,200.4147,275.4940,82.7087,0,U,31557,999,64519,.1222033E-3,.418E-5,0
FENGYUN 1C DEB,1999-025BYZ,2026-08-12T05:34:31.797408,14.39127928,.02094191,98.7703,130.5342,262.6866,251.0842,0,U,31558,999,921,.57492886E-4,.171E-5,0
FENGYUN 1C DEB,1999-025BZA,2026-08-10T21:49:46.544736,14.66982422,.0051718,98.8788,201.1798,167.5528,221.4758,0,U,31559,999,1086,.39233E-3,.2183E-4,0
FENGYUN 1C DEB,1999-025BZB,2026-08-12T08:48:27.459936,14.21285335,.01200378,98.5605,258.4905,325.1832,34.1534,0,U,31560,999,64,.24900664E-4,.15E-6,0
FENGYUN 1C DEB,1999-025BZC,2026-08-12T10:12:27.666144,14.03064091,.00552024,98.7302,215.3973,223.2697,296.0289,0,U,31561,999,98581,.26389253E-3,.374E-5,0
FENGYUN 1C DEB,1999-025BZD,2026-08-12T10:36:03.907296,14.43365589,.00551961,99.2793,42.0630,290.1518,69.3737,0,U,31562,999,473,.24914951E-3,.803E-5,0
FENGYUN 1C DEB,1999-025BZE,2026-08-12T10:53:21.699168,14.66988340,.01110672,98.9743,45.1870,51.1561,309.9490,0,U,31563,999,2085,.14889338E-3,.85E-5,0
FENGYUN 1C DEB,1999-025BZG,2026-08-10T02:23:37.167936,14.43441563,.00542071,100.7121,159.7867,71.3340,289.3716,0,U,31565,999,67816,.154021E-2,.5237E-4,0
FENGYUN 1C DEB,1999-025BZH,2026-08-12T12:07:26.845248,14.40041453,.0022745,98.9386,298.5842,3.5330,128.6667,0,U,31566,999,99882,.66792522E-3,.2064E-4,0
FENGYUN 1C DEB,1999-025BZJ,2026-08-12T08:02:09.986784,13.94785923,.01820761,102.3108,175.7966,83.9136,278.2726,0,U,31567,999,70789,.98137475E-3,.1442E-4,0
FENGYUN 1C DEB,1999-025BZK,2026-08-11T18:05:50.311392,14.05380692,.01191689,102.0439,189.1119,241.7916,117.1165,0,U,31568,999,97977,.88339455E-3,.1456E-4,0
FENGYUN 1C DEB,1999-025BZL,2026-08-13T04:42:16.792416,13.97251532,.0169697,102.6097,116.7117,145.4800,5.5904,0,U,31569,999,97077,.75545E-3,.1123E-4,0
FENGYUN 1C DEB,1999-025BZM,2026-08-08T03:59:59.062848,14.28965068,.0138176,102.5701,7.1768,345.4611,14.2599,0,U,31570,999,66768,.88958754E-3,.2411E-4,0
FENGYUN 1C DEB,1999-025BZN,2026-08-11T14:42:46.302624,14.89780926,.01351501,98.4045,0.8126,333.1615,26.2651,0,U,31608,999,2211,.14445675E-3,.1569E-4,0
FENGYUN 1C DEB,1999-025BZP,2026-08-08T01:36:48.748032,14.17439193,.00908516,99.1984,261.7677,7.0849,22.8845,0,U,31609,999,69459,.58343527E-3,.1184E-4,0
FENGYUN 1C DEB,1999-025BZT,2026-08-12T21:35:00.351168,13.64183701,.034346,98.4441,25.2452,181.5882,178.4202,0,U,31613,999,95076,.76343E-3,.874E-5,0
FENGYUN 1C DEB,1999-025BZV,2026-08-11T10:12:51.439968,14.40479413,.01495414,99.1442,295.3696,328.7265,30.5090,0,U,31615,999,68752,.74967468E-3,.2665E-4,0
FENGYUN 1C DEB,1999-025BZY,2026-08-10T06:27:19.694016,14.21442110,.01567484,99.4742,27.2707,7.4720,352.8739,0,U,31618,999,73681,.10432047E-3,.207E-5,0
FENGYUN 1C DEB,1999-025BZZ,2026-08-12T14:28:14.922336,15.19752111,.00441533,99.0467,102.6538,218.4926,141.3153,0,U,31619,999,67133,.2051774E-2,.45182E-3,0
FENGYUN 1C DEB,1999-025CAA,2026-08-11T23:54:02.115648,14.40228586,.00201259,98.8829,321.5768,50.8009,309.4961,0,U,31620,999,69328,.72820248E-3,.2263E-4,0
FENGYUN 1C DEB,1999-025CAC,2026-08-12T06:21:07.038720,14.39759714,.00136434,98.8188,330.5388,348.8269,39.8540,0,U,31622,999,99259,.59236829E-3,.1812E-4,0
FENGYUN 1C DEB,1999-025CAD,2026-08-11T05:19:34.191264,13.82805548,.0194885,97.6291,34.2564,52.4481,309.4207,0,U,31623,999,61257,.14971E-3,.158E-5,0
FENGYUN 1C DEB,1999-025CAF,2026-08-11T02:24:34.178976,14.55852658,.01479691,98.8039,327.1813,0.7730,121.4156,0,U,31625,999,1876,.43325667E-4,.159E-5,0
FENGYUN 1C DEB,1999-025CAH,2026-08-09T22:56:57.399360,14.36941985,.00514878,98.5101,272.1482,158.1870,202.1524,0,U,31627,999,68215,.44840842E-3,.1305E-4,0
FENGYUN 1C DEB,1999-025CAJ,2026-08-09T18:08:39.217344,13.87917721,.0170406,102.2647,155.8879,6.3226,354.0017,0,U,31628,999,96628,.97933327E-3,.1238E-4,0
FENGYUN 1C DEB,1999-025CAK,2026-08-12T14:04:15.338496,14.16936239,.01054276,102.1331,2.2865,136.1983,224.7601,0,U,31629,999,97883,.10057141E-2,.206E-4,0
FENGYUN 1C DEB,1999-025CAL,2026-08-12T11:24:08.831808,15.16415876,.01372353,98.0991,51.5921,251.7509,106.8747,0,U,31630,999,2244,.33072194E-3,.8102E-4,0
FENGYUN 1C DEB,1999-025CAM,2026-08-12T14:30:38.307456,15.15028741,.00093011,99.3140,184.1207,271.2906,88.7254,0,U,31631,999,67589,.51235146E-2,.96992E-3,0
FENGYUN 1C DEB,1999-025CAP,2026-08-10T19:18:30.061440,14.06962389,.00648874,98.7076,233.1193,212.9102,146.8020,0,U,31633,999,60473,.39089496E-3,.622E-5,0
FENGYUN 1C DEB,1999-025CAQ,2026-08-08T20:52:04.050048,13.94862134,.0090609,99.3380,275.4744,229.5067,129.8172,0,U,31634,999,59857,.32689E-3,.408E-5,0
FENGYUN 1C DEB,1999-025CAV,2026-08-12T07:27:41.576832,13.85256936,.01604051,98.7638,159.3439,206.3255,307.8048,0,U,31639,999,97046,.66951653E-4,.43E-6,0
FENGYUN 1C DEB,1999-025CAY,2026-08-13T04:46:28.924032,14.33836998,.0118072,98.4892,308.0101,254.5239,104.2881,0,U,31642,999,474,.12429E-3,.328E-5,0
FENGYUN 1C DEB,1999-025CBA,2026-08-10T12:18:01.714176,14.70675820,.01483533,98.6512,131.9719,150.2047,23.9202,0,U,31644,999,74580,.2721765E-3,.1902E-4,0
FENGYUN 1C DEB,1999-025CBE,2026-08-08T02:04:36.027840,14.17968644,.00465487,102.7849,151.2261,307.7327,51.9619,0,U,31648,999,75273,.15245389E-2,.3077E-4,0
FENGYUN 1C DEB,1999-025CBM,2026-08-09T15:45:34.154784,13.65617655,.02828484,99.2746,162.3851,238.6008,246.8334,0,U,31655,999,62992,.10058719E-2,.1037E-4,0
FENGYUN 1C DEB,1999-025CBN,2026-08-12T00:08:14.419680,14.50299431,.00218275,99.1978,239.3558,56.3295,334.4112,0,U,31656,999,99964,.62448613E-3,.2389E-4,0
FENGYUN 1C DEB,1999-025CBP,2026-08-08T16:46:11.900640,13.99051185,.01418957,102.2126,208.3630,193.8774,165.8459,0,U,31657,999,66204,.10107779E-2,.1524E-4,0
FENGYUN 1C DEB,1999-025CBQ,2026-08-11T05:37:59.637792,14.00747448,.0213522,98.1422,51.2708,358.3171,1.7254,0,U,31658,999,73195,.93699E-3,.1665E-4,0
FENGYUN 1C DEB,1999-025CBS,2026-08-11T05:08:31.841952,14.27827831,.0100553,98.5120,223.2645,191.8679,168.0132,0,U,31660,999,11361,.16154E-3,.379E-5,0
FENGYUN 1C DEB,1999-025CBT,2026-08-13T04:12:51.185088,14.26951276,.0056539,98.8512,311.8850,238.5073,188.5226,0,U,31661,999,99183,.51858E-3,.1236E-4,0
FENGYUN 1C DEB,1999-025CBV,2026-08-13T00:41:22.183008,14.77621356,.01869,98.8398,161.1607,191.2217,168.4796,0,U,31663,999,2865,.55E-4,.446E-5,0
FENGYUN 1C DEB,1999-025CBW,2026-08-12T09:52:08.495616,14.10636361,.01238534,98.7684,214.8511,190.5600,169.2967,0,U,31664,999,99422,.19344722E-3,.328E-5,0
FENGYUN 1C DEB,1999-025CBX,2026-08-12T12:06:46.348704,13.85454872,.01848004,98.4345,248.4339,240.6990,117.5591,0,U,31665,999,96552,.54335483E-3,.668E-5,0
FENGYUN 1C DEB,1999-025CBY,2026-08-12T22:21:25.557120,15.00917401,.0016015,98.6607,42.9147,87.6670,272.6384,0,U,31666,999,866,.10197E-2,.12968E-3,0
FENGYUN 1C DEB,1999-025CBZ,2026-08-08T20:44:03.909696,14.23757469,.00515458,99.0597,85.3516,121.1480,239.4767,0,U,31667,999,59395,.10929577E-3,.207E-5,0
FENGYUN 1C DEB,1999-025CCE,2026-08-05T07:09:56.628576,14.54074547,.01024192,98.9472,65.7410,351.9974,7.9582,0,U,31672,999,68291,.72077314E-3,.3206E-4,0
FENGYUN 1C DEB,1999-025CCF,2026-08-11T13:23:00.923712,14.32254650,.01255889,99.3566,82.2678,72.2178,289.2662,0,U,31673,999,68352,.87742624E-4,.206E-5,0
FENGYUN 1C DEB,1999-025CCG,2026-07-31T09:22:51.355488,14.56629150,.00201056,98.9193,268.9342,307.6382,52.2989,0,U,31674,999,67967,.17683389E-2,.7863E-4,0
FENGYUN 1C DEB,1999-025CCL,2026-08-11T14:59:56.924160,14.56871746,.0246948,98.8187,351.0926,11.3630,349.3002,0,U,31678,999,336,.19970724E-3,.129E-4,0
FENGYUN 1C DEB,1999-025CCN,2026-08-10T19:09:37.749312,15.45435269,.00485195,99.8488,55.4952,205.4992,154.3855,0,U,31680,999,3870,.54318502E-3,.2711E-3,0
FENGYUN 1C DEB,1999-025CCT,2026-08-11T00:49:55.684992,14.09736151,.00154653,98.7124,244.7512,264.5898,95.3508,0,U,31685,999,98489,.16059464E-4,-.14E-6,0
FENGYUN 1C DEB,1999-025CCU,2026-08-11T04:13:43.658400,14.76215253,.0268835,98.1278,301.0942,37.0863,353.7251,0,U,31686,999,1368,.22231E-3,.2728E-4,0
FENGYUN 1C DEB,1999-025CCW,2026-08-08T10:00:21.438720,14.02413308,.00743595,98.9336,275.1626,197.7227,162.1343,0,U,31688,999,98623,-.31733031E-4,-.94E-6,0
FENGYUN 1C DEB,1999-025CCZ,2026-08-07T23:41:37.195584,14.28290013,.00568893,98.8774,315.0597,267.3535,92.1132,0,U,31691,999,67510,.73837264E-3,.1828E-4,0
FENGYUN 1C DEB,1999-025CDA,2026-08-04T11:31:02.609184,14.20909272,.00873453,99.1796,226.5672,134.3408,226.4969,0,U,31692,999,61540,.18698155E-2,.416E-4,0
FENGYUN 1C DEB,1999-025CDD,2026-08-11T23:43:00.286464,14.78497244,.01631691,98.2571,318.8368,173.6107,186.7237,0,U,31695,999,69546,.53379624E-3,.4811E-4,0
FENGYUN 1C DEB,1999-025CDN,2026-08-09T20:12:03.157344,14.54021872,.01827396,99.2786,81.5995,121.5674,240.3505,0,U,31715,999,65204,.35401924E-3,.18E-4,0
FENGYUN 1C DEB,1999-025CDP,2026-08-03T03:51:20.369952,14.04584648,.01278734,98.5417,105.5206,153.2096,1.2030,0,U,31716,999,97395,.10874436E-2,.1829E-4,0
FENGYUN 1C DEB,1999-025CDQ,2026-08-09T12:00:01.220832,14.17910626,.01564311,96.9313,314.1431,18.9835,341.7088,0,U,31717,999,98045,.65476709E-3,.1481E-4,0
FENGYUN 1C DEB,1999-025CDT,2026-08-12T13:45:22.710528,14.74624637,.00960353,99.0533,169.3335,89.0150,272.2057,0,U,31720,999,1796,.32050307E-3,.2234E-4,0
FENGYUN 1C DEB,1999-025CDU,2026-08-12T11:04:49.442304,13.74100908,.03157471,99.8018,215.3941,276.7980,239.0357,0,U,31721,999,70719,.16892759E-3,.178E-5,0
FENGYUN 1C DEB,1999-025CDX,2026-08-12T10:50:03.842304,14.54938000,.01380221,97.8522,220.0404,207.1755,152.2174,0,U,31724,999,68015,.78218119E-3,.3775E-4,0
FENGYUN 1C DEB,1999-025CDY,2026-08-10T07:33:54.645984,12.79808138,.06884012,99.1773,41.1939,153.9563,209.7942,0,U,31725,999,89558,.12678566E-2,.757E-5,0
FENGYUN 1C DEB,1999-025CDZ,2026-07-31T21:24:15.054624,14.13286011,.02365378,98.6964,234.0609,57.4448,61.1468,0,U,31726,999,67310,.79572247E-3,.1904E-4,0
FENGYUN 1C DEB,1999-025CEA,2026-08-11T06:59:08.993184,14.39996846,.0028228,98.8747,348.3619,347.9872,42.7847,0,U,31727,999,75142,.70924E-3,.2197E-4,0
FENGYUN 1C DEB,1999-025CEE,2026-08-12T03:49:03.177984,14.42623746,.00136471,99.2952,298.7008,111.4800,248.7843,0,U,31731,999,99323,.67294045E-3,.2188E-4,0
FENGYUN 1C DEB,1999-025CEF,2026-08-10T19:21:59.179680,14.12521345,.00388903,98.5487,251.7936,277.2981,82.3772,0,U,31732,999,67733,.16023884E-3,.256E-5,0
FENGYUN 1C DEB,1999-025CEH,2026-08-08T06:13:38.947584,14.29495693,.010359,98.5104,211.7098,25.6425,334.9843,0,U,31734,999,99858,.19237E-3,.478E-5,0
FENGYUN 1C DEB,1999-025CEJ,2026-08-10T18:10:09.501888,14.43819157,.00575842,98.5892,332.8715,279.6911,79.7778,0,U,31735,999,134,.24307533E-3,.797E-5,0
FENGYUN 1C DEB,1999-025CEK,2026-08-10T17:41:22.320096,14.14316976,.00107235,98.6839,222.8737,275.5899,84.4051,0,U,31736,999,67471,.72018125E-4,.95E-6,0
FENGYUN 1C DEB,1999-025CEL,2026-08-12T08:32:28.423392,14.70513583,.01431264,97.8925,255.2857,320.8529,50.4742,0,U,31737,999,1764,.16274545E-3,.1099E-4,0
FENGYUN 1C DEB,1999-025CEM,2026-07-25T22:26:24.933120,13.85973726,.03048671,99.3460,279.0119,217.8513,140.0855,0,U,31738,999,65376,.1534511E-2,.2495E-4,0
FENGYUN 1C DEB,1999-025CEN,2026-08-12T22:37:33.345984,14.19321376,.0128413,98.7145,281.7508,98.4768,263.0986,0,U,31739,999,98936,.38378E-4,.45E-6,0
FENGYUN 1C DEB,1999-025CEP,2026-08-07T12:57:21.699072,14.43903651,.00247604,99.8194,71.9727,100.3514,290.7112,0,U,31740,999,68505,.40925626E-3,.1345E-4,0
FENGYUN 1C DEB,1999-025CEQ,2026-08-11T01:27:22.269024,14.32398964,.01749083,99.0726,164.4416,89.1424,272.9793,0,U,31741,999,5673,.3748452E-3,.115E-4,0
FENGYUN 1C DEB,1999-025CER,2026-08-12T02:17:39.941088,14.40635455,.0075199,98.8918,98.7092,332.3026,27.4165,0,U,31742,999,133,.21934215E-3,.674E-5,0
FENGYUN 1C DEB,1999-025CES,2026-08-12T07:44:53.542752,14.33343143,.00357583,99.1519,170.5010,235.6151,278.0673,0,U,31743,999,99113,.61372983E-3,.1654E-4,0
FENGYUN 1C DEB,1999-025CET,2026-08-12T14:45:12.111264,14.20336040,.03052249,99.3197,353.0109,77.8789,285.6403,0,U,31744,999,98058,.58439723E-3,.1947E-4,0
FENGYUN 1C DEB,1999-025CEV,2026-08-12T03:18:25.873344,14.90516918,.00192072,98.6005,10.2640,149.9116,210.3207,0,U,31746,999,452,.14584934E-2,.14254E-3,0
FENGYUN 1C DEB,1999-025CFB,2026-08-10T00:47:03.196896,13.94515883,.03527554,98.9621,293.2563,34.4658,327.8842,0,U,31752,999,96938,.30178883E-3,.631E-5,0
FENGYUN 1C DEB,1999-025CFC,2026-08-12T13:35:37.699584,14.18914919,.01582966,98.6064,256.0012,193.3670,320.0153,0,U,31753,999,99462,.10114128E-3,.196E-5,0
FENGYUN 1C DEB,1999-025CFD,2026-08-11T09:46:07.560480,14.43773896,.00476201,99.0589,208.6375,221.5124,138.2444,0,U,31754,999,441,.31311503E-3,.1029E-4,0
FENGYUN 1C DEB,1999-025CFE,2026-08-10T17:55:19.810848,14.08605227,.01899849,98.7984,213.8015,62.0007,111.0605,0,U,31755,999,67064,.14300715E-3,.248E-5,0
FENGYUN 1C DEB,1999-025CFG,2026-08-11T07:31:51.068928,14.08131091,.0217901,98.7512,243.4589,121.8360,240.4226,0,U,31757,999,67281,.31809E-5,-.34E-6,0
FENGYUN 1C DEB,1999-025CFH,2026-08-12T22:45:49.017600,14.48236382,.0297888,98.0572,227.2923,65.0349,298.1477,0,U,31758,999,97714,.10299E-2,.6719E-4,0
FENGYUN 1C DEB,1999-025CFK,2026-08-12T06:46:34.932000,14.30927718,.00516598,99.2645,342.4358,217.3393,142.4192,0,U,31760,999,99600,.23991817E-3,.59E-5,0
FENGYUN 1C DEB,1999-025CFL,2026-08-11T09:33:50.624640,14.06110913,.04618529,98.6094,81.3618,299.7231,55.8730,0,U,31761,999,61504,.36009334E-3,.1513E-4,0
FENGYUN 1C DEB,1999-025CFN,2026-08-10T16:33:51.571872,13.50909287,.05456513,98.5189,302.8381,164.7438,350.2916,0,U,31763,999,94258,.45058357E-3,.709E-5,0
FENGYUN 1C DEB,1999-025CFR,2026-08-12T06:05:12.406848,14.05399598,.00738363,98.8268,220.5695,331.9362,27.7834,0,U,31766,999,67492,.24515529E-4,-.3E-7,0
FENGYUN 1C DEB,1999-025CFS,2026-08-12T13:23:42.082080,14.05078676,.00420843,98.7981,252.2280,108.5545,43.2803,0,U,31767,999,98235,.32971808E-4,.11E-6,0
FENGYUN 1C DEB,1999-025CFT,2026-08-12T06:21:56.337696,14.85401833,.00210317,99.0351,332.7398,294.1201,95.1645,0,U,31768,999,454,.82455567E-3,.7066E-4,0
FENGYUN 1C DEB,1999-025CFU,2026-08-10T20:13:20.981280,14.41171080,.00699449,98.4293,230.1582,92.6115,268.3083,0,U,31769,999,67601,.1271625E-2,.418E-4,0
FENGYUN 1C DEB,1999-025CFX,2026-08-11T05:48:06.120000,14.12686202,.0135142,98.4678,132.6428,141.5634,219.5261,0,U,31772,999,74292,.38161E-3,.732E-5,0
FENGYUN 1C DEB,1999-025CFY,2026-08-08T07:44:55.134240,14.79241615,.00366113,98.9499,241.9244,150.5762,209.7518,0,U,31773,999,68695,.58663839E-3,.4345E-4,0
FENGYUN 1C DEB,1999-025CFZ,2026-07-29T20:30:34.563744,14.21652113,.00560646,98.7515,257.9960,270.5764,88.8990,0,U,31774,999,66259,.97664803E-3,.2134E-4,0
FENGYUN 1C DEB,1999-025CGB,2026-07-26T16:13:16.732704,14.19754022,.00543724,99.0597,277.5865,54.1085,97.1858,0,U,31776,999,98085,.10103543E-2,.2125E-4,0
FENGYUN 1C DEB,1999-025CGE,2026-08-12T01:46:20.425728,14.42305075,.02111202,99.3107,170.9286,191.7128,167.9105,0,U,31779,999,448,.74199604E-4,.256E-5,0
FENGYUN 1C DEB,1999-025CGF,2026-08-12T11:20:39.810336,14.70725750,.01477926,99.3035,55.9048,28.1951,332.7154,0,U,31780,999,2052,.93667124E-4,.601E-5,0
FENGYUN 1C DEB,1999-025CGG,2026-08-07T07:00:01.348992,14.16138620,.01921203,99.5030,50.6027,331.2613,27.8079,0,U,31781,999,71707,.82583506E-3,.1902E-4,0
FENGYUN 1C DEB,1999-025CGH,2026-08-12T23:35:12.605856,14.36808569,.0078791,98.9275,39.7376,1.6128,149.0228,0,U,31782,999,162,.11206E-3,.294E-5,0
FENGYUN 1C DEB,1999-025CGJ,2026-08-12T23:10:35.064768,14.09262465,.0104328,98.6047,227.7647,79.2248,311.4109,0,U,31783,999,92646,.21185E-3,.347E-5,0
FENGYUN 1C DEB,1999-025CGP,2026-08-08T08:20:54.931200,13.46354831,.04618354,102.5564,68.6501,281.3085,260.7202,0,U,31788,999,93814,.11524164E-2,.1259E-4,0
FENGYUN 1C DEB,1999-025CGS,2026-08-05T05:17:03.141600,14.13575959,.01374957,98.2989,13.6057,185.1152,174.8626,0,U,31804,999,66987,.13269611E-2,.2699E-4,0
FENGYUN 1C DEB,1999-025CGT,2026-08-08T03:29:38.140512,14.06498821,.04319539,98.3810,191.9312,200.0353,158.3400,0,U,31805,999,65711,.44833846E-3,.1693E-4,0
FENGYUN 1C DEB,1999-025CGV,2026-08-10T16:37:06.327840,14.53469487,.01035467,99.1053,18.7544,158.3224,202.2401,0,U,31807,999,68804,.32143713E-3,.138E-4,0
FENGYUN 1C DEB,1999-025CGW,2026-08-11T08:10:12.891072,14.67494696,.00339499,99.1977,82.9056,118.8122,241.6494,0,U,31808,999,61135,.12818203E-2,.7272E-4,0
FENGYUN 1C DEB,1999-025CGY,2026-08-08T07:19:49.146816,14.47102189,.02112769,98.2591,235.0346,132.8224,229.0944,0,U,31810,999,67863,.25566607E-3,.1181E-4,0
FENGYUN 1C DEB,1999-025CHB,2026-08-12T02:34:26.231520,14.50798111,.0133893,99.4263,337.2752,336.0581,23.4420,0,U,31813,999,763,.12831268E-3,.503E-5,0
FENGYUN 1C DEB,1999-025CHC,2026-08-10T21:07:42.162240,13.66705810,.0227888,99.5446,274.8491,316.4802,41.8555,0,U,31814,999,65093,.21257E-3,.166E-5,0
FENGYUN 1C DEB,1999-025CHD,2026-08-11T16:17:38.884992,14.10326871,.00597929,98.7895,209.3290,57.2676,303.4239,0,U,31815,999,98949,.63249093E-4,.71E-6,0
FENGYUN 1C DEB,1999-025CHE,2026-08-12T06:28:28.496928,13.94793980,.01204105,98.9973,337.2329,209.8264,179.9683,0,U,31816,999,97074,.45542453E-3,.605E-5,0
FENGYUN 1C DEB,1999-025CHF,2026-08-10T19:18:23.711040,14.68823145,.00593735,98.9168,245.4344,51.6532,308.9985,0,U,31817,999,74941,.47367351E-3,.278E-4,0
FENGYUN 1C DEB,1999-025CHH,2026-08-11T16:18:47.167776,14.30604683,.00862933,98.4900,214.0551,326.9751,32.6060,0,U,31819,999,136,.14119007E-3,.34E-5,0
FENGYUN 1C DEB,1999-025CHJ,2026-08-08T19:46:47.313408,14.99229988,.01334559,98.9540,71.2210,319.6179,39.5190,0,U,31820,999,1791,.34803951E-3,.5023E-4,0
FENGYUN 1C DEB,1999-025CHK,2026-08-12T22:35:54.514752,14.50554096,.0196503,98.1482,106.0225,351.4834,8.3042,0,U,31821,999,97177,.16077E-2,.804E-4,0
FENGYUN 1C DEB,1999-025CHM,2026-08-12T07:47:44.487744,14.70802379,.00378066,99.5155,354.7302,195.2124,164.7944,0,U,31823,999,276,.75023862E-3,.4568E-4,0
FENGYUN 1C DEB,1999-025CHP,2026-08-12T05:43:05.301984,14.22242466,.01647714,98.5983,222.7979,354.8833,5.0655,0,U,31825,999,99068,.2291322E-3,.539E-5,0
FENGYUN 1C DEB,1999-025CHQ,2026-08-12T04:55:17.253984,14.19690757,.01227278,98.6419,214.3737,209.5357,211.4947,0,U,31826,999,99254,.12703461E-3,.246E-5,0
FENGYUN 1C DEB,1999-025CHT,2026-08-11T16:30:17.154720,13.88904878,.01680036,98.8622,26.4064,224.8446,196.9924,0,U,31829,999,97506,.20062777E-3,.229E-5,0
FENGYUN 1C DEB,1999-025CHU,2026-08-12T05:31:13.620000,13.84406893,.01829989,99.1680,329.0271,26.4489,3.1539,0,U,31830,999,96094,.36617493E-3,.424E-5,0
FENGYUN 1C DEB,1999-025CHY,2026-08-04T07:12:56.691360,14.03415114,.01618697,98.3448,62.6232,133.0197,228.4664,0,U,31834,999,67000,.35493431E-3,.586E-5,0
FENGYUN 1C DEB,1999-025CJA,2026-08-12T07:40:36.645312,14.11604625,.0111081,98.6220,184.7477,145.2880,215.5606,0,U,31836,999,64824,.79300243E-3,.1486E-4,0
FENGYUN 1C DEB,1999-025CJB,2026-08-08T12:01:47.679456,14.86849581,.00844575,98.0828,304.6114,320.7182,38.7924,0,U,31837,999,1895,.29299147E-3,.2726E-4,0
FENGYUN 1C DEB,1999-025CJC,2026-08-08T09:28:11.081280,14.21754379,.00393792,98.6960,272.7825,124.5496,300.2334,0,U,31838,999,67967,.30241385E-3,.627E-5,0
FENGYUN 1C DEB,1999-025CJF,2026-08-08T05:14:30.249024,14.05539753,.0301722,98.4394,17.4756,349.0451,188.9042,0,U,31841,999,62687,.38651511E-3,.902E-5,0
FENGYUN 1C DEB,1999-025CJH,2026-08-07T14:11:50.338176,13.36020788,.06304173,99.2924,145.4012,126.1474,239.9693,0,U,31843,999,67870,.96774596E-3,.1534E-4,0
FENGYUN 1C DEB,1999-025CJJ,2026-08-09T01:13:42.356352,14.20537093,.01027424,100.3011,253.8313,56.4961,304.5977,0,U,31844,999,98729,.34448342E-3,.724E-5,0
FENGYUN 1C DEB,1999-025CJU,2026-08-12T05:51:32.060448,14.03354501,.00714025,98.8513,225.8627,183.3454,176.7244,0,U,31854,999,72673,.49694987E-4,.37E-6,0
FENGYUN 1C DEB,1999-025CJX,2026-08-11T02:53:18.428352,13.62798395,.03086927,96.1876,170.1370,330.3563,28.0396,0,U,31857,999,64916,.67262644E-3,.701E-5,0
FENGYUN 1C DEB,1999-025CKB,2026-08-11T11:45:57.409920,13.31253325,.04951209,102.3353,109.5301,39.9784,323.6711,0,U,31861,999,69983,.1514587E-2,.137E-4,0
FENGYUN 1C DEB,1999-025CKC,2026-08-11T18:23:41.567712,15.07740605,.0092713,98.9987,338.7108,206.2557,153.3952,0,U,31877,999,2681,.29532698E-3,.4889E-4,0
FENGYUN 1C DEB,1999-025CKD,2026-08-10T03:50:56.248800,14.91431301,.00753395,99.4568,196.8846,200.6380,159.1787,0,U,31878,999,1640,.4070111E-3,.4212E-4,0
FENGYUN 1C DEB,1999-025CKE,2026-08-12T01:11:02.331456,14.43544551,.02084387,99.6859,140.9988,53.2453,308.7672,0,U,31879,999,66705,.16644435E-3,.667E-5,0
FENGYUN 1C DEB,1999-025CKF,2026-08-12T06:30:54.236448,13.89804422,.01264204,100.0447,50.9317,234.9268,123.9978,0,U,31880,999,66348,.32162313E-3,.37E-5,0
FENGYUN 1C DEB,1999-025CKH,2026-08-11T01:33:38.973888,14.13497597,.00346142,98.9195,149.8226,262.7990,96.9246,0,U,31882,999,62045,.23691107E-3,.403E-5,0
FENGYUN 1C DEB,1999-025CKJ,2026-08-13T01:51:31.489920,14.69849474,.0120795,99.0370,172.1934,37.9607,323.0034,0,U,31883,999,1536,.36601E-3,.238E-4,0
FENGYUN 1C DEB,1999-025CKN,2026-08-13T04:56:30.005376,14.60755881,.0018255,99.5230,317.5132,0.3491,359.7715,0,U,31887,999,154,.68301E-3,.328E-4,0
FENGYUN 1C DEB,1999-025CKP,2026-08-11T16:58:19.297056,14.36353691,.00161513,99.1601,169.7984,231.1734,128.8009,0,U,31888,999,99108,.67895322E-3,.194E-4,0
FENGYUN 1C DEB,1999-025CKR,2026-08-02T19:28:48.360576,14.10231062,.00714055,98.7132,224.1730,302.5075,56.9209,0,U,31890,999,67437,.12044827E-3,.175E-5,0
FENGYUN 1C DEB,1999-025CKS,2026-08-12T11:59:38.476032,13.66430354,.02225388,99.3929,237.5783,276.9718,80.6164,0,U,31891,999,95725,.24647727E-3,.197E-5,0
FENGYUN 1C DEB,1999-025CKT,2026-08-11T19:25:16.967424,14.42239285,.01954789,99.2962,60.0851,296.4410,61.6837,0,U,31892,999,68394,.15113264E-3,.562E-5,0
FENGYUN 1C DEB,1999-025CKU,2026-08-09T05:07:19.156224,14.64646231,.01723402,99.0970,209.2085,313.4479,109.0908,0,U,31893,999,1897,.12321286E-3,.741E-5,0
FENGYUN 1C DEB,1999-025CKW,2026-08-07T07:45:47.609280,13.76566577,.02216545,99.0794,242.4808,320.6248,37.8968,0,U,31895,999,65164,.81708576E-3,.916E-5,0
FENGYUN 1C DEB,1999-025CKZ,2026-08-12T22:46:29.602272,14.71204171,.0138048,98.6783,110.6431,178.7528,181.4048,0,U,31898,999,69285,.23506E-3,.1615E-4,0
FENGYUN 1C DEB,1999-025CLA,2026-08-12T15:36:10.203840,13.84133086,.01789653,102.0822,1.0341,293.8207,64.4267,0,U,31899,999,70924,.75692923E-3,.886E-5,0
FENGYUN 1C DEB,1999-025CLC,2026-08-11T15:12:16.230816,13.94265893,.01302062,98.6280,173.7108,240.1222,118.6951,0,U,31901,999,66778,.11606359E-3,.124E-5,0
FENGYUN 1C DEB,1999-025CLD,2026-08-11T04:00:41.155200,14.23639202,.01796798,98.5316,200.6167,165.2687,256.6406,0,U,31902,999,68226,.89531663E-4,.197E-5,0
FENGYUN 1C DEB,1999-025CLE,2026-08-13T00:02:35.691072,14.62052169,.0126327,99.2767,247.8595,19.3176,341.2748,0,U,31903,999,932,.23307E-3,.1244E-4,0
FENGYUN 1C DEB,1999-025CLG,2026-08-12T10:48:22.095936,14.34034480,.01947702,99.1698,220.0735,108.0750,254.1756,0,U,31905,999,80,.19374311E-3,.615E-5,0
FENGYUN 1C DEB,1999-025CLH,2026-08-10T08:21:46.484352,14.26731986,.00554014,98.7016,358.6365,136.6512,252.4241,0,U,31906,999,98558,.42779201E-3,.1009E-4,0
FENGYUN 1C DEB,1999-025CLM,2026-08-07T18:01:13.910016,14.49545608,.0223156,97.6567,224.2211,135.4605,226.4770,0,U,31910,999,67815,.32479893E-3,.1668E-4,0
FENGYUN 1C DEB,1999-025CLQ,2026-08-11T01:26:59.323776,13.93479875,.01951104,99.2850,149.8928,16.9291,343.8259,0,U,31913,999,59245,.10455469E-2,.1558E-4,0
FENGYUN 1C DEB,1999-025CLR,2026-08-12T11:53:39.732864,14.56077794,.0182228,98.9936,111.9258,54.1468,307.6500,0,U,31914,999,72005,.74908694E-4,.349E-5,0
FENGYUN 1C DEB,1999-025CLS,2026-08-11T23:34:41.304000,14.16929260,.00991955,98.6203,239.4256,294.5411,64.5449,0,U,31915,999,67537,.3061855E-3,.601E-5,0
FENGYUN 1C DEB,1999-025CLT,2026-08-08T00:56:15.553824,14.34359156,.01447747,99.3295,328.6667,127.2968,234.1514,0,U,31916,999,67941,.58766496E-3,.1806E-4,0
FENGYUN 1C DEB,1999-025CLU,2026-08-12T05:49:15.674592,14.38448059,.01866993,98.3743,215.9564,286.2259,82.2023,0,U,31917,999,99907,.13474456E-3,.451E-5,0
FENGYUN 1C DEB,1999-025CLW,2026-08-11T05:32:19.773024,14.46396302,.0100969,99.1331,28.7390,209.2101,326.5687,0,U,31919,999,572,.15972E-3,.555E-5,0
FENGYUN 1C DEB,1999-025CLY,2026-08-13T03:56:16.873152,13.75828145,.0205323,99.3236,117.5558,345.9965,13.5544,0,U,31921,999,95653,.57735E-3,.607E-5,0
FENGYUN 1C DEB,1999-025CLZ,2026-08-12T21:51:46.932768,13.87530776,.016107,98.8209,207.6195,84.7455,338.2873,0,U,31922,999,96388,.73879E-3,.927E-5,0
FENGYUN 1C DEB,1999-025CMA,2026-08-13T02:48:46.385856,13.55413323,.0298868,98.4266,288.8659,29.8870,331.8969,0,U,31923,999,66931,-.25726E-4,-.58E-6,0
FENGYUN 1C DEB,1999-025CMB,2026-08-12T07:35:01.920480,13.64728595,.02728176,98.4175,354.4603,173.7067,186.7623,0,U,31924,999,94775,.94281422E-3,.943E-5,0
FENGYUN 1C DEB,1999-025CMD,2026-08-12T06:37:00.622560,14.33240043,.00363214,98.9587,332.3239,266.5205,93.1823,0,U,31926,999,98699,.6481474E-3,.1748E-4,0
FENGYUN 1C DEB,1999-025CME,2026-08-09T15:19:48.046656,14.35590349,.00739289,98.8216,0.8511,68.7071,292.1986,0,U,31929,999,74087,.17880739E-3,.485E-5,0
FENGYUN 1C DEB,1999-025CMG,2026-08-09T23:13:43.639680,13.42961243,.04239886,97.8180,124.3677,5.1075,355.4187,0,U,31931,999,68446,.36824538E-3,.328E-5,0
FENGYUN 1C DEB,1999-025CMN,2026-08-09T02:16:45.551424,14.81837795,.01531028,99.2647,352.1891,269.4777,88.8888,0,U,31937,999,69610,.29096632E-3,.2734E-4,0
FENGYUN 1C DEB,1999-025CMP,2026-08-05T03:42:10.046016,14.98359171,.0145761,98.8990,286.4580,23.7539,337.0319,0,U,31938,999,2651,.25211953E-3,.3657E-4,0
FENGYUN 1C DEB,1999-025CMV,2026-08-12T06:25:10.079328,14.12406660,.01513379,99.2313,23.6279,45.1167,75.2771,0,U,31944,999,66333,.172382E-3,.308E-5,0
FENGYUN 1C DEB,1999-025CMW,2026-08-12T04:13:17.003136,14.22275407,.00569169,98.9531,309.0586,313.1859,46.4570,0,U,31945,999,98640,.53412324E-3,.116E-4,0
FENGYUN 1C DEB,1999-025CMX,2026-08-11T10:18:13.527072,14.17619112,.008411,98.8876,288.6289,81.1878,279.8810,0,U,31946,999,67431,.48057668E-3,.968E-5,0
FENGYUN 1C DEB,1999-025CMZ,2026-08-12T04:32:52.336032,14.29832878,.00229689,99.3811,308.0165,53.1383,336.8250,0,U,31948,999,98491,.48228523E-3,.1193E-4,0
FENGYUN 1C DEB,1999-025CNA,2026-08-09T16:36:39.208608,14.17254119,.01245606,98.5660,203.2805,241.2156,117.6463,0,U,31949,999,98903,.13474478E-3,.251E-5,0
FENGYUN 1C DEB,1999-025CND,2026-08-09T14:43:11.801856,14.54520709,.0111817,98.9826,0.7293,287.4972,71.4028,0,U,31952,999,684,.15099945E-3,.639E-5,0
FENGYUN 1C DEB,1999-025CNG,2026-08-12T05:45:51.238368,14.67888998,.00416205,99.2644,137.2240,158.4706,353.2962,0,U,31955,999,111,.46574462E-3,.2635E-4,0
FENGYUN 1C DEB,1999-025CNL,2026-08-10T22:24:39.348000,14.50616380,.002654,98.5030,100.8524,139.4665,220.8512,0,U,31959,999,67846,.85976E-3,.3343E-4,0
FENGYUN 1C DEB,1999-025CNR,2026-08-11T19:59:13.283232,14.64030438,.0026416,98.7134,5.1293,8.7086,351.4568,0,U,31964,999,71046,.6364907E-3,.3301E-4,0
FENGYUN 1C DEB,1999-025CNT,2026-08-10T18:23:14.257536,14.70542145,.00810684,99.0365,45.5937,249.3827,109.8668,0,U,31966,999,69282,.35547762E-3,.2205E-4,0
FENGYUN 1C DEB,1999-025CNZ,2026-08-12T23:03:46.154304,14.07637466,.0077525,99.1803,275.8994,75.0906,47.2073,0,U,31972,999,98382,.13503E-3,.189E-5,0
FENGYUN 1C DEB,1999-025CPB,2026-08-11T23:19:08.417280,14.31927545,.00677915,98.3743,231.3619,305.8919,53.5984,0,U,31974,999,72886,.77542271E-3,.2089E-4,0
FENGYUN 1C DEB,1999-025CPE,2026-08-10T03:45:53.239680,13.83632320,.02706544,98.2010,359.8861,283.1943,73.9152,0,U,31977,999,65536,.95927901E-3,.1367E-4,0
FENGYUN 1C DEB,1999-025CPF,2026-08-11T07:22:53.768928,13.63745313,.0265535,98.4012,350.4702,130.3979,232.0670,0,U,31978,999,94882,.41959E-3,.389E-5,0
FENGYUN 1C DEB,1999-025CPG,2026-08-09T01:19:22.517472,13.70687445,.02600747,99.3761,312.7861,20.2648,340.8597,0,U,31979,999,61189,.61273498E-3,.648E-5,0
FENGYUN 1C DEB,1999-025CPH,2026-08-10T21:18:58.947264,13.32361623,.0426209,97.5874,251.2843,213.5670,143.7782,0,U,31980,999,92881,.38395E-3,.281E-5,0
FENGYUN 1C DEB,1999-025CPM,2026-08-11T19:20:02.241600,14.23328804,.00617691,98.5610,226.4948,243.3409,116.1436,0,U,31984,999,97816,.13889068E-3,.278E-5,0
FENGYUN 1C DEB,1999-025CPN,2026-08-11T22:08:19.521888,14.23306484,.0149708,98.1960,114.0170,255.1961,103.2593,0,U,31985,999,99055,.96507E-4,.203E-5,0
FENGYUN 1C DEB,1999-025CPP,2026-08-12T03:23:56.243616,14.14959819,.0123084,99.7437,190.5332,208.2669,151.1785,0,U,31986,999,70006,.12162897E-3,.201E-5,0
FENGYUN 1C DEB,1999-025CPQ,2026-08-12T22:43:29.383968,14.46543696,.0050778,99.0545,219.6639,153.3623,263.6484,0,U,31987,999,99884,.3107E-3,.1086E-4,0
FENGYUN 1C DEB,1999-025CPR,2026-08-07T09:03:15.918048,14.22043889,.00581364,98.1205,274.8334,312.5238,47.1040,0,U,31988,999,67528,.58311274E-3,.1272E-4,0
FENGYUN 1C DEB,1999-025CPS,2026-08-13T03:11:31.898976,13.93926992,.011561,99.1848,290.0419,358.1550,30.9922,0,U,31989,999,97108,.19122E-3,.222E-5,0
FENGYUN 1C DEB,1999-025CPT,2026-08-11T19:12:30.832704,13.57316410,.02586379,99.1473,234.7846,284.7748,254.2140,0,U,31990,999,66055,.15858853E-3,.98E-6,0
FENGYUN 1C DEB,1999-025CPU,2026-08-08T09:19:33.118464,13.61346214,.02439401,100.4742,71.8580,185.0663,174.8000,0,U,31991,999,65334,.84446423E-4,.28E-6,0
FENGYUN 1C DEB,1999-025CPV,2026-08-03T01:01:34.474368,13.23300743,.05392457,99.1856,153.0112,184.2641,175.3783,0,U,31992,999,56960,.51301082E-3,.435E-5,0
FENGYUN 1C DEB,1999-025CPW,2026-08-12T14:25:16.682592,13.28166664,.04200052,99.2263,176.4703,265.4251,89.8797,0,U,31993,999,92166,-.4080618E-3,-.341E-5,0
FENGYUN 1C DEB,1999-025CPX,2026-08-11T15:41:16.368288,13.95858081,.01612186,98.5571,205.6033,192.9289,166.7718,0,U,31994,999,60171,.16957788E-3,.219E-5,0
FENGYUN 1C DEB,1999-025CPZ,2026-08-07T13:55:41.072736,13.59750331,.02919758,99.2893,145.8690,233.8669,123.5128,0,U,31996,999,57919,.85621668E-3,.799E-5,0
FENGYUN 1C DEB,1999-025CQA,2026-08-12T13:51:13.289760,13.61582221,.02868031,102.5068,340.4924,85.6799,277.7042,0,U,31997,999,64987,.37184828E-3,.309E-5,0
FENGYUN 1C DEB,1999-025CQC,2026-08-10T20:32:05.049600,13.69888187,.02962074,99.2651,273.9632,225.9531,131.6873,0,U,32086,999,65081,.14207347E-2,.1652E-4,0
FENGYUN 1C DEB,1999-025CQE,2026-08-08T00:06:18.748224,13.25808585,.04602899,102.4014,137.3531,206.1808,151.5357,0,U,32088,999,63001,.4943913E-3,.323E-5,0
FENGYUN 1C DEB,1999-025CQF,2026-08-10T05:37:13.919232,14.14610751,.01115156,98.6559,225.4556,155.5458,205.1063,0,U,32089,999,66615,.24656817E-3,.461E-5,0
FENGYUN 1C DEB,1999-025CQK,2026-08-06T14:18:41.999616,14.38153365,.00791478,98.8952,85.1030,15.1534,345.1996,0,U,32093,999,99921,.19239052E-3,.557E-5,0
FENGYUN 1C DEB,1999-025CQL,2026-08-10T06:01:19.589088,14.11026847,.00339734,98.7612,211.5401,308.2514,51.5602,0,U,32094,999,97756,.18854938E-3,.297E-5,0
FENGYUN 1C DEB,1999-025CQM,2026-08-10T07:25:00.596352,14.16298493,.00790983,98.6316,235.7048,121.3537,239.5409,0,U,32095,999,98222,.1335444E-3,.231E-5,0
FENGYUN 1C DEB,1999-025CQN,2026-08-11T00:59:27.204576,13.90813659,.01352852,99.0531,251.0714,205.3641,154.0836,0,U,32096,999,96215,.30168416E-3,.363E-5,0
FENGYUN 1C DEB,1999-025CQQ,2026-08-08T16:43:13.045728,14.20661092,.0194657,98.6266,212.3641,148.3409,212.9651,0,U,32098,999,67620,.11282484E-3,.25E-5,0
FENGYUN 1C DEB,1999-025CQT,2026-08-12T22:58:52.160160,14.02896060,.0118792,99.0234,126.8770,284.9586,73.8454,0,U,32101,999,96591,.63768E-3,.1006E-4,0
FENGYUN 1C DEB,1999-025CQX,2026-07-28T23:48:11.308320,13.41090444,.03919002,103.4623,281.3823,320.2449,37.0542,0,U,32105,999,62770,.14410066E-2,.1182E-4,0
FENGYUN 1C DEB,1999-025CQY,2026-08-12T21:00:40.019616,14.30729325,.0105466,101.4646,277.1976,118.4140,242.7710,0,U,32106,999,72865,.10064E-2,.2731E-4,0
FENGYUN 1C DEB,1999-025CRB,2026-08-04T21:18:53.511840,14.34574590,.02042047,98.3317,93.6079,331.1897,27.8133,0,U,32109,999,68259,.21558926E-3,.72E-5,0
FENGYUN 1C DEB,1999-025CRC,2026-08-11T11:48:58.239072,14.30563316,.00338225,99.5495,60.8724,38.8261,351.5487,0,U,32110,999,67843,.5134873E-3,.1296E-4,0
FENGYUN 1C DEB,1999-025CRD,2026-08-11T22:53:28.410720,14.31839779,.0119013,98.4512,222.2975,207.8835,181.1464,0,U,32111,999,99497,.70255E-4,.159E-5,0
FENGYUN 1C DEB,1999-025CRF,2026-08-12T21:50:30.939648,13.95110798,.0235086,99.0035,259.2929,280.1981,77.2746,0,U,32113,999,66276,.22728E-3,.341E-5,0
FENGYUN 1C DEB,1999-025CRG,2026-08-09T07:32:13.326432,14.83881779,.00398611,99.9432,40.0523,333.8717,26.0478,0,U,32114,999,69275,.92160591E-3,.7685E-4,0
FENGYUN 1C DEB,1999-025CRK,2026-08-12T13:46:48.446112,14.24934568,.00291866,98.5927,269.8609,104.3281,256.1142,0,U,32117,999,98254,.35559471E-3,.792E-5,0
FENGYUN 1C DEB,1999-025CRM,2026-08-10T21:56:36.822048,14.03348680,.0084892,99.8646,110.8338,120.7190,240.2371,0,U,32119,999,97110,.51763E-3,.784E-5,0
FENGYUN 1C DEB,1999-025CRR,2026-08-12T11:27:53.218656,14.62149821,.01576892,98.9516,57.3211,269.5433,118.8864,0,U,32123,999,74921,.65317662E-4,.323E-5,0
FENGYUN 1C DEB,1999-025CRT,2026-08-09T06:58:07.778784,14.76795948,.0153722,99.0654,234.7811,298.1841,60.3911,0,U,32125,999,74051,.93206E-3,.7879E-4,0
FENGYUN 1C DEB,1999-025CRU,2026-08-11T20:09:18.547200,13.57221840,.02816134,99.0891,87.0932,354.5945,5.2174,0,U,32126,999,64998,.48755742E-3,.409E-5,0
FENGYUN 1C DEB,1999-025CRV,2026-08-12T01:26:47.171616,13.60854213,.02820139,99.2621,171.4714,90.3931,272.9527,0,U,32127,999,63715,.10496291E-2,.995E-5,0
FENGYUN 1C DEB,1999-025CRW,2026-08-12T08:57:06.198624,13.94789822,.03940087,99.0050,270.6106,276.8750,78.7749,0,U,32128,999,66367,.12528131E-3,.267E-5,0
FENGYUN 1C DEB,1999-025CRX,2026-08-11T20:13:51.285216,14.31484045,.00661637,99.0708,357.2408,53.9345,99.5977,0,U,32129,999,97687,.79750747E-3,.2123E-4,0
FENGYUN 1C DEB,1999-025CRY,2026-08-09T18:28:52.952448,14.38172540,.00816875,98.9214,42.1967,342.6376,17.2020,0,U,32130,999,99684,.14362943E-3,.404E-5,0
FENGYUN 1C DEB,1999-025CSA,2026-08-10T21:40:46.562016,14.53597057,.0075255,98.3623,281.9321,244.2540,115.0875,0,U,32132,999,74299,.50266E-3,.2131E-4,0
FENGYUN 1C DEB,1999-025CSB,2026-08-10T10:14:53.086848,14.18252065,.00363231,98.4405,216.7825,123.1243,237.3428,0,U,32133,999,98386,.85416729E-4,.136E-5,0
FENGYUN 1C DEB,1999-025CSC,2026-08-12T12:09:42.767136,14.22439426,.02559548,98.5979,226.9081,278.7127,235.9401,0,U,32134,999,98597,.17071012E-3,.479E-5,0
FENGYUN 1C DEB,1999-025CSE,2026-08-10T17:13:35.356512,14.38736077,.00662906,98.2763,217.0974,168.4206,191.8526,0,U,32136,999,68554,.18369097E-3,.536E-5,0
FENGYUN 1C DEB,1999-025CSF,2026-08-09T15:54:55.743552,14.86298958,.0172168,98.4703,8.2692,341.9871,17.5288,0,U,32137,999,70289,.25520106E-3,.2865E-4,0
FENGYUN 1C DEB,1999-025CSK,2026-07-27T05:19:42.381984,14.03931776,.00722,98.7477,207.1060,294.2479,65.1156,0,U,32141,999,98121,.52465E-3,.805E-5,0
FENGYUN 1C DEB,1999-025CSM,2026-08-11T17:24:08.224416,14.18158571,.01041613,98.6232,198.5122,131.3506,229.6688,0,U,32143,999,99363,.71700226E-4,.114E-5,0
FENGYUN 1C DEB,1999-025CSU,2026-08-10T09:50:46.714560,14.61165085,.01705773,99.1649,276.3547,56.7674,304.9743,0,U,32150,999,1199,.79434067E-4,.412E-5,0
FENGYUN 1C DEB,1999-025CSW,2026-08-08T05:53:19.382208,14.59771998,.0052432,98.7785,39.4739,190.0128,170.0030,0,U,32152,999,66089,.5263E-3,.2507E-4,0
FENGYUN 1C DEB,1999-025CSX,2026-08-07T07:49:40.463328,14.49196933,.02054187,98.7478,76.4387,224.1074,134.3578,0,U,32153,999,660,.72084917E-4,.297E-5,0
FENGYUN 1C DEB,1999-025CSZ,2026-07-25T02:04:15.905280,14.33532710,.00687375,98.9662,148.5004,305.4011,54.0765,0,U,32155,999,73436,.38097325E-3,.1034E-4,0
FENGYUN 1C DEB,1999-025CTA,2026-08-07T19:22:51.911328,14.32361273,.00822871,99.3637,53.1245,91.2754,269.7856,0,U,32156,999,68228,.15023422E-3,.371E-5,0
FENGYUN 1C DEB,1999-025CTE,2026-08-08T05:01:25.457088,14.38288789,.0081531,98.9056,30.7312,15.6657,344.7024,0,U,32160,999,99314,.16885E-3,.485E-5,0
FENGYUN 1C DEB,1999-025CTF,2026-08-10T02:02:35.467872,14.02074267,.01347837,98.8379,324.2984,330.8577,28.5115,0,U,32161,999,66797,.87682072E-4,.101E-5,0
FENGYUN 1C DEB,1999-025CTG,2026-08-09T01:16:13.704960,14.64977937,.00459523,99.4393,305.9133,166.8754,193.3652,0,U,32162,999,98419,.67984553E-3,.3635E-4,0
FENGYUN 1C DEB,1999-025CTH,2026-08-10T08:28:58.670976,14.44367275,.00508183,99.5339,262.0707,53.0024,307.5799,0,U,32163,999,64448,.31836317E-3,.1059E-4,0
FENGYUN 1C DEB,1999-025CTK,2026-08-13T00:12:07.734240,14.05102517,.0135897,98.6233,143.4826,173.3138,186.9885,0,U,32165,999,66548,.46687E-3,.777E-5,0
FENGYUN 1C DEB,1999-025CTM,2026-08-07T18:46:57.002016,14.31468767,.01638434,98.4876,213.8656,73.6844,288.2289,0,U,32167,999,66080,.17310993E-3,.487E-5,0
FENGYUN 1C DEB,1999-025CTN,2026-08-07T19:43:01.704864,13.87677484,.02434584,101.6571,352.0515,12.1573,348.5311,0,U,32168,999,66780,.72317206E-3,.1019E-4,0
FENGYUN 1C DEB,1999-025CTP,2026-08-12T01:08:21.484896,14.80145727,.00303266,98.5440,71.1342,76.7896,283.6695,0,U,32169,999,186,.16618256E-2,.12673E-3,0
FENGYUN 1C DEB,1999-025CTR,2026-08-03T16:33:54.817056,13.44174524,.04750901,102.8022,181.4052,218.9273,319.7001,0,U,32171,999,63757,.14738018E-2,.1621E-4,0
FENGYUN 1C DEB,1999-025CTU,2026-08-10T09:14:25.975104,14.18188612,.01488888,98.5729,281.7236,272.2154,86.1981,0,U,32174,999,67516,.10388001E-3,.194E-5,0
FENGYUN 1C DEB,1999-025CTV,2026-08-10T04:25:25.690368,13.96338360,.01509469,98.8342,205.8810,20.7168,340.0027,0,U,32175,999,63194,.12150661E-2,.1801E-4,0
FENGYUN 1C DEB,1999-025CTW,2026-08-11T23:15:40.457664,14.96270668,.00219406,99.3783,305.2139,353.8988,6.1957,0,U,32176,999,65088,.98259634E-3,.11085E-3,0
FENGYUN 1C DEB,1999-025CTX,2026-08-11T07:48:27.142560,14.58825151,.00486783,99.0306,258.2615,33.7075,326.7201,0,U,32177,999,74558,.46741805E-3,.2166E-4,0
FENGYUN 1C DEB,1999-025CTY,2026-08-09T23:06:06.238080,14.24034346,.00930146,100.2926,269.0571,22.8734,337.6542,0,U,32178,999,67421,.36720917E-3,.824E-5,0
FENGYUN 1C DEB,1999-025CTZ,2026-08-12T22:51:38.355264,14.03825117,.0144399,98.8774,273.5473,231.2194,253.4391,0,U,32179,999,69140,.25808E-3,.402E-5,0
FENGYUN 1C DEB,1999-025CUA,2026-08-12T21:41:13.000416,13.82377612,.0135612,99.5539,273.7299,290.0676,247.4838,0,U,32180,999,97627,.53942E-4,.15E-6,0
FENGYUN 1C DEB,1999-025CUB,2026-08-11T03:38:09.441024,14.58028660,.00718317,99.4932,5.0395,85.0499,89.7444,0,U,32181,999,231,.22043181E-3,.987E-5,0
FENGYUN 1C DEB,1999-025CUD,2026-08-10T01:57:41.681088,14.10614883,.00437458,98.6873,270.4804,98.5066,262.1067,0,U,32183,999,76152,.30472038E-3,.506E-5,0
FENGYUN 1C DEB,1999-025CUF,2026-08-13T04:10:35.773824,15.50269992,.0056114,98.8651,121.1840,268.4379,91.0440,0,U,32185,999,98722,.18516E-2,.113021E-2,0
FENGYUN 1C DEB,1999-025CUG,2026-08-03T21:56:42.719712,13.76991827,.02701338,99.5898,273.7079,309.3987,229.4633,0,U,32186,999,65832,.54046009E-3,.65E-5,0
FENGYUN 1C DEB,1999-025CUH,2026-08-12T04:02:52.574784,13.50633480,.02921385,99.4853,297.3359,258.4532,128.8604,0,U,32187,999,69531,.24743332E-3,.163E-5,0
FENGYUN 1C DEB,1999-025CUM,2026-08-12T09:23:17.977056,14.26516241,.00915769,98.6881,283.6494,199.4735,160.2939,0,U,32191,999,67959,.53235488E-3,.1297E-4,0
FENGYUN 1C DEB,1999-025CUN,2026-08-11T13:39:07.145280,13.82681723,.01804488,98.6251,79.6504,226.1644,132.4476,0,U,32192,999,96054,.16217625E-3,.16E-5,0
FENGYUN 1C DEB,1999-025CUR,2026-08-08T17:57:12.129984,14.08855449,.00687512,98.7784,221.8292,346.5879,13.3461,0,U,32195,999,67347,.19277678E-3,.297E-5,0
FENGYUN 1C DEB,1999-025CUT,2026-08-12T00:30:52.256160,14.33203230,.0159831,98.8955,144.8037,240.6909,182.3482,0,U,32197,999,97893,.99307148E-4,.262E-5,0
FENGYUN 1C DEB,1999-025CUU,2026-08-11T02:32:20.504832,14.10330101,.00910794,98.3567,357.6561,321.0690,38.3946,0,U,32198,999,60346,.69168903E-3,.1235E-4,0
FENGYUN 1C DEB,1999-025CUW,2026-08-11T13:48:12.469248,14.16552640,.0038335,98.7704,274.1117,320.9499,38.8909,0,U,32200,999,97786,.43193996E-3,.823E-5,0
FENGYUN 1C DEB,1999-025CUZ,2026-08-13T03:30:34.972704,15.64423983,.0083521,96.9771,115.4097,269.3849,89.7841,0,U,32203,999,78873,.33656E-3,.38753E-3,0
FENGYUN 1C DEB,1999-025CVB,2026-08-12T11:30:04.699584,14.14056185,.00102862,98.6821,226.4178,322.2637,191.0942,0,U,32205,999,97928,.71497853E-4,.93E-6,0
FENGYUN 1C DEB,1999-025CVD,2026-08-11T18:42:27.942048,14.40118888,.00845113,99.8784,224.2675,163.2653,10.2853,0,U,32207,999,67790,.11683434E-3,.326E-5,0
FENGYUN 1C DEB,1999-025CVF,2026-08-13T01:16:55.845696,13.47808055,.0328839,99.4286,163.9403,136.9146,225.8237,0,U,32209,999,93253,.10053E-2,.821E-5,0
FENGYUN 1C DEB,1999-025CVG,2026-07-28T08:41:07.740960,14.12165836,.00687078,98.8550,260.1811,245.1958,114.2056,0,U,32210,999,64598,.77179273E-3,.1405E-4,0
FENGYUN 1C DEB,1999-025CVJ,2026-08-12T15:13:11.610624,14.41130701,.01366398,99.5889,355.2428,93.7102,280.6634,0,U,32212,999,99559,.17854583E-3,.584E-5,0
FENGYUN 1C DEB,1999-025CVL,2026-08-12T21:35:51.180288,13.92758053,.018115,99.0316,249.3513,97.8368,22.6818,0,U,32214,999,65804,.10593E-2,.1527E-4,0
FENGYUN 1C DEB,1999-025CVQ,2026-08-12T01:39:42.208992,14.57466233,.00615733,98.7985,76.5308,49.4717,101.9707,0,U,32218,999,99760,.33813152E-3,.1522E-4,0
FENGYUN 1C DEB,1999-025CVT,2026-08-12T09:46:06.986784,14.59410968,.01457109,98.5971,27.5104,117.9307,243.6731,0,U,32221,999,726,.11212777E-3,.558E-5,0
FENGYUN 1C DEB,1999-025CVV,2026-08-13T04:22:03.454752,14.22297954,.0044188,98.8295,309.4275,338.9593,51.2089,0,U,32223,999,67683,.51943E-3,.1121E-4,0
FENGYUN 1C DEB,1999-025CVW,2026-08-11T20:38:26.125440,14.34423332,.00769614,99.0115,189.7601,78.5512,282.4303,0,U,32224,999,99194,.10683034E-3,.264E-5,0
FENGYUN 1C DEB,1999-025CVX,2026-08-03T09:02:26.728800,14.13223602,.00706416,99.0617,272.2662,268.6611,90.6467,0,U,32225,999,71416,.14082169E-3,.223E-5,0
FENGYUN 1C DEB,1999-025CWC,2026-08-11T10:24:28.217952,14.61953096,.00477167,98.8863,34.7521,69.6349,320.9522,0,U,32230,999,64195,.72897911E-3,.3656E-4,0
FENGYUN 1C DEB,1999-025CWG,2026-08-11T00:21:25.169760,13.94915286,.01365215,98.5157,59.5296,26.1115,334.6851,0,U,32234,999,96572,.47857626E-3,.656E-5,0
FENGYUN 1C DEB,1999-025CWP,2026-08-12T08:45:17.149248,14.30446435,.01413639,99.0595,268.7434,240.0839,118.6239,0,U,32241,999,97290,.52080385E-3,.146E-4,0
FENGYUN 1C DEB,1999-025CWQ,2026-08-03T09:34:58.061568,13.86095936,.01622476,97.2673,77.9648,20.5290,340.2293,0,U,32242,999,66158,.84785687E-3,.1054E-4,0
FENGYUN 1C DEB,1999-025CWR,2026-08-12T23:16:08.973120,14.06376577,.0265393,98.2558,233.4834,149.2095,212.4952,0,U,32243,999,97005,.55218E-3,.1216E-4,0
FENGYUN 1C DEB,1999-025CWT,2026-08-11T08:33:04.079808,14.81044025,.00889152,98.6371,82.6324,294.5141,64.6818,0,U,32245,999,69678,.33949287E-3,.2749E-4,0
FENGYUN 1C DEB,1999-025CWU,2026-07-20T14:23:53.278080,14.26340142,.0086689,97.8109,337.0000,21.7232,338.7592,0,U,32303,999,65367,.99098E-3,.244E-4,0
FENGYUN 1C DEB,1999-025CWV,2026-08-06T04:57:01.869696,14.52840171,.00469726,99.4161,205.9274,243.5246,116.1124,0,U,32304,999,59704,.44343467E-3,.1792E-4,0
FENGYUN 1C DEB,1999-025CWZ,2026-08-10T00:11:41.945568,14.06590129,.01092328,97.7620,245.9350,85.2098,276.1537,0,U,32308,999,68788,.79173992E-3,.1351E-4,0
FENGYUN 1C DEB,1999-025CXC,2026-08-12T12:36:40.728960,13.34192883,.04033247,101.7205,148.3231,271.4400,84.0562,0,U,32311,999,10574,-.17497138E-3,-.197E-5,0
FENGYUN 1C DEB,1999-025CXF,2026-07-28T14:21:18.883872,14.84018432,.01384634,98.8808,344.1412,155.4252,205.3642,0,U,32314,999,765,.14083817E-2,.13861E-3,0
FENGYUN 1C DEB,1999-025CXG,2026-08-03T05:58:36.274080,13.66238184,.02278493,100.8343,30.6312,261.7528,95.7716,0,U,32315,999,64277,.10181312E-3,.44E-6,0
FENGYUN 1C DEB,1999-025CXH,2026-08-11T03:11:35.881152,14.54191145,.00257126,99.5115,287.0371,331.2047,57.9905,0,U,32316,999,99283,.25509756E-3,.1026E-4,0
FENGYUN 1C DEB,1999-025CXM,2026-08-12T11:59:48.223680,14.37295989,.00558938,100.3523,135.6617,86.6016,274.1556,0,U,32320,999,65659,.34224254E-3,.979E-5,0
FENGYUN 1C DEB,1999-025CXP,2026-08-08T20:16:36.093216,13.34514274,.04169977,98.3485,64.9923,213.9223,143.4591,0,U,32322,999,63568,.52142444E-3,.393E-5,0
FENGYUN 1C DEB,1999-025CXQ,2026-08-06T03:43:50.788416,13.98342492,.01499478,98.5801,350.8125,269.9446,88.4537,0,U,32323,999,63572,.16119387E-2,.2493E-4,0
FENGYUN 1C DEB,1999-025CXR,2026-08-12T07:18:04.563072,14.09556833,.00509008,99.5478,345.2090,75.1318,285.5479,0,U,32324,999,67415,.1317911E-3,.184E-5,0
FENGYUN 1C DEB,1999-025CXT,2026-08-01T16:59:09.404736,13.69646878,.03837133,98.4884,121.3835,239.7039,116.5627,0,U,32326,999,66357,.22036538E-3,.284E-5,0
FENGYUN 1C DEB,1999-025CXY,2026-08-12T11:17:18.036960,14.91615856,.00169857,99.1702,232.4085,90.3318,269.9843,0,U,32331,999,64214,.17940767E-2,.18029E-3,0
FENGYUN 1C DEB,1999-025CXZ,2026-08-10T21:19:06.789792,13.98255542,.0282391,99.1149,280.6953,10.9865,349.7295,0,U,32332,999,96405,.37107E-3,.698E-5,0
FENGYUN 1C DEB,1999-025CYB,2026-08-03T10:41:45.169152,14.01934833,.00669217,99.2280,277.7984,358.8486,1.2514,0,U,32334,999,97214,.26027242E-3,.358E-5,0
FENGYUN 1C DEB,1999-025CYH,2026-08-12T01:31:43.204800,14.81492302,.00289497,98.9688,262.4895,248.8056,111.0059,0,U,32340,999,737,.74497247E-3,.5818E-4,0
FENGYUN 1C DEB,1999-025CYK,2026-08-13T00:04:23.231424,14.13487137,.0008039,98.6689,231.1300,18.0092,38.0514,0,U,32342,999,97154,.42933E-4,.38E-6,0
FENGYUN 1C DEB,1999-025CYL,2026-08-04T17:00:32.962176,14.20221909,.01509352,98.6277,202.5583,168.3230,192.1512,0,U,32343,999,68048,.17681696E-3,.381E-5,0
FENGYUN 1C DEB,1999-025CYT,2026-08-06T08:49:07.962528,14.54739530,.02595004,98.1977,263.8596,287.1756,70.1184,0,U,32350,999,946,.20355125E-3,.1306E-4,0
FENGYUN 1C DEB,1999-025CYV,2026-08-03T13:02:11.660064,14.41900282,.01209362,98.7831,147.1834,194.7574,165.0073,0,U,32352,999,68638,.14184129E-3,.455E-5,0
FENGYUN 1C DEB,1999-025CYW,2026-08-12T06:52:03.019584,14.05482858,.01216801,98.9333,41.8708,240.6542,118.2427,0,U,32353,999,66599,.11057921E-2,.1875E-4,0
FENGYUN 1C DEB,1999-025CYZ,2026-08-08T19:45:47.848608,14.04951461,.01195894,102.4918,176.7754,154.3534,206.3617,0,U,32356,999,71743,.1031633E-2,.1696E-4,0
FENGYUN 1C DEB,1999-025CZA,2026-08-09T19:38:32.301024,13.70660611,.04809431,98.8330,247.6913,271.2053,270.1463,0,U,32357,999,70074,.70700549E-3,.1385E-4,0
FENGYUN 1C DEB,1999-025CZD,2026-08-12T21:32:16.820160,14.00650551,.0221901,98.1283,19.9406,338.9609,20.2536,0,U,32360,999,68218,.77459E-3,.1389E-4,0
FENGYUN 1C DEB,1999-025CZE,2026-08-12T04:12:44.166816,14.54513378,.00432142,98.8451,301.4507,32.0161,328.3646,0,U,32361,999,99865,.54490028E-3,.2299E-4,0
FENGYUN 1C DEB,1999-025CZF,2026-08-12T09:16:17.829408,13.66408420,.0273021,99.8466,204.6276,28.5604,333.0194,0,U,32362,999,94442,.12186241E-2,.1258E-4,0
FENGYUN 1C DEB,1999-025CZH,2026-07-14T18:40:12.955008,14.15971543,.01201225,98.2660,25.1924,284.6241,74.1641,0,U,32364,999,66736,.7075406E-3,.1455E-4,0
FENGYUN 1C DEB,1999-025CZK,2026-08-12T10:46:46.404480,14.15089876,.01288714,96.7767,293.6505,257.8007,100.8714,0,U,32366,999,96635,.65627349E-3,.135E-4,0
FENGYUN 1C DEB,1999-025CZR,2026-07-23T17:42:53.512704,13.36026307,.04549835,97.2966,28.3874,179.6313,180.5245,0,U,32372,999,63117,.18032618E-2,.1645E-4,0
FENGYUN 1C DEB,1999-025CZV,2026-08-08T08:38:26.985984,14.83522890,.00360457,99.5629,74.7445,135.3410,39.2040,0,U,32409,999,62369,.58689393E-3,.4813E-4,0
FENGYUN 1C DEB,1999-025CZX,2026-08-12T12:06:35.716320,14.10145502,.01244744,98.4208,132.2699,42.6895,318.3867,0,U,32411,999,69235,.13305168E-3,.213E-5,0
FENGYUN 1C DEB,1999-025DAA,2026-08-11T23:43:41.515680,14.19613321,.00450363,98.8432,299.2476,26.4684,333.8779,0,U,32414,999,97168,.47089888E-3,.96E-5,0
FENGYUN 1C DEB,1999-025DAC,2026-08-04T02:57:11.711808,13.65912071,.02397509,100.7843,335.5312,52.0425,310.2115,0,U,32416,999,64830,.42749085E-3,.375E-5,0
FENGYUN 1C DEB,1999-025DAE,2026-07-23T19:34:28.162272,14.03987670,.02220215,98.1903,58.9635,124.3631,237.8759,0,U,32418,999,66118,.29732388E-2,.582E-4,0
FENGYUN 1C DEB,1999-025DAF,2026-08-11T11:45:06.935904,14.10499025,.02827287,97.9497,136.2649,47.9733,314.5137,0,U,32419,999,66978,.25096211E-3,.611E-5,0
FENGYUN 1C DEB,1999-025DAJ,2026-08-11T00:49:14.451456,13.98361206,.02975318,97.8616,325.2734,325.0157,33.1775,0,U,32422,999,66505,.1125694E-3,.196E-5,0
FENGYUN 1C DEB,1999-025DAM,2026-08-02T13:01:32.653920,14.17328470,.02302696,96.7257,311.3483,316.7609,41.5693,0,U,32425,999,72832,.1828015E-3,.448E-5,0
FENGYUN 1C DEB,1999-025DAS,2026-08-08T17:51:29.740608,13.71526334,.03691882,98.6813,228.2336,355.5451,4.2444,0,U,32430,999,94478,.11931602E-2,.1708E-4,0
FENGYUN 1C DEB,1999-025DAU,2026-08-11T22:05:10.019904,14.55868291,.0164877,98.1495,259.2703,276.7926,81.4536,0,U,32432,999,74215,.43628E-3,.2245E-4,0
FENGYUN 1C DEB,1999-025DBC,2026-08-11T08:44:24.864288,13.62670777,.03183682,99.1366,69.0578,186.5453,173.1484,0,U,32440,999,63575,.13251854E-2,.1411E-4,0
FENGYUN 1C DEB,1999-025DBD,2026-07-31T10:09:06.175296,14.10466418,.0246459,97.7768,271.4770,357.3306,2.6537,0,U,32441,999,97828,.57704E-3,.1326E-4,0
FENGYUN 1C DEB,1999-025DBK,2026-08-07T19:08:54.922560,13.96131906,.00802819,98.9211,233.6459,105.5231,255.4813,0,U,32447,999,71200,-.51529323E-4,-.115E-5,0
FENGYUN 1C DEB,1999-025DBP,2026-08-12T05:36:53.633376,13.88063513,.01812834,99.9868,225.5012,279.1498,78.9188,0,U,32451,999,65127,.10074869E-2,.1317E-4,0
FENGYUN 1C DEB,1999-025DBR,2026-08-12T13:23:14.488512,14.02786811,.00960679,99.3672,146.1777,260.6191,98.4102,0,U,32453,999,96832,.28727067E-3,.415E-5,0
FENGYUN 1C DEB,1999-025DBT,2026-08-11T23:42:26.610336,13.94045543,.02331809,101.7248,125.5762,266.4894,90.9563,0,U,32455,999,67789,.70653223E-3,.1104E-4,0
FENGYUN 1C DEB,1999-025DBU,2026-08-09T19:55:00.094080,13.36109878,.03751844,103.6669,88.0162,94.8821,269.5225,0,U,32456,999,63822,.84049473E-3,.575E-5,0
FENGYUN 1C DEB,1999-025DBW,2026-08-09T20:56:57.236352,14.65635212,.0036896,99.0268,269.8747,359.3755,0.7393,0,U,32458,999,71303,.5837536E-3,.3146E-4,0
FENGYUN 1C DEB,1999-025DBX,2026-08-12T11:31:06.538656,14.43880400,.02107103,98.2936,237.7135,170.4861,190.0420,0,U,32459,999,98052,.14093199E-3,.578E-5,0
FENGYUN 1C DEB,1999-025DBY,2026-08-10T18:51:28.936512,13.90295564,.01876378,98.0414,340.2813,170.4290,190.0528,0,U,32460,999,68602,.56999094E-3,.78E-5,0
FENGYUN 1C DEB,1999-025DBZ,2026-08-12T11:29:42.289152,13.73440368,.02316007,98.3225,53.4801,182.4540,207.8793,0,U,32461,999,70626,.61178041E-3,.655E-5,0
FENGYUN 1C DEB,1999-025DCF,2026-08-12T10:40:14.868192,14.24524341,.0075814,99.0322,178.5357,175.8586,313.3698,0,U,33502,999,90408,.66059002E-3,.1532E-4,0
FENGYUN 1C DEB,1999-025DCG,2026-08-08T08:42:07.185024,15.35416485,.00842397,96.5765,265.0434,160.0053,200.4528,0,U,33599,999,69641,.70979346E-3,.27452E-3,0
FENGYUN 1C DEB,1999-025DCJ,2026-08-12T20:44:28.925088,14.08898544,.0156821,98.3382,7.5687,167.1893,193.3335,0,U,33601,999,94102,.35784E-3,.654E-5,0
FENGYUN 1C DEB,1999-025DCL,2026-08-12T03:59:13.028928,14.81084583,.02164287,98.8298,188.9601,24.5637,336.5699,0,U,33603,999,2444,.13921982E-3,.1537E-4,0
FENGYUN 1C DEB,1999-025DCN,2026-08-11T18:38:08.502720,14.08188296,.00573644,98.7081,219.1874,110.3727,62.1118,0,U,33605,999,63224,.15003854E-3,.218E-5,0
FENGYUN 1C DEB,1999-025DCV,2026-08-11T16:10:38.142048,14.05171348,.01091329,98.6101,185.4904,146.1381,214.6818,0,U,33612,999,60070,.69038223E-3,.1136E-4,0
FENGYUN 1C DEB,1999-025DCW,2026-07-30T10:38:50.965152,14.35525840,.00317157,98.6869,289.3519,128.2474,232.1573,0,U,33613,999,67803,.15221987E-2,.4363E-4,0
FENGYUN 1C DEB,1999-025DDB,2026-08-13T01:34:39.840096,14.64303016,.0160107,98.5273,325.6705,104.3863,257.5170,0,U,33618,999,338,.32719E-3,.2023E-4,0
FENGYUN 1C DEB,1999-025DDC,2026-08-12T03:38:31.968096,14.18702187,.00519961,98.8482,297.8929,75.0712,285.6212,0,U,33619,999,67060,.61773351E-3,.1255E-4,0
FENGYUN 1C DEB,1999-025DDE,2026-08-12T08:43:50.871936,14.20237110,.02820648,98.1244,60.9241,302.9513,54.4830,0,U,33621,999,67687,.15081517E-3,.432E-5,0
FENGYUN 1C DEB,1999-025DDJ,2026-08-10T03:40:38.159616,14.64097242,.02166102,98.6399,348.7982,110.6366,251.8209,0,U,33625,999,64905,.43422515E-3,.3152E-4,0
FENGYUN 1C DEB,1999-025DDP,2026-08-11T00:05:17.871648,14.18106780,.01351816,98.6259,327.2357,93.3445,268.3205,0,U,33630,999,67830,.13409616E-3,.26E-5,0
FENGYUN 1C DEB,1999-025DDS,2026-08-10T19:34:29.617248,14.21201480,.00824036,99.0589,327.8400,181.1028,309.3201,0,U,33633,999,94133,.91664184E-3,.2018E-4,0
FENGYUN 1C DEB,1999-025DDV,2026-08-04T19:04:10.633728,14.31384446,.00672442,98.4554,231.3363,120.6843,53.6913,0,U,33636,999,73429,.42055308E-3,.1101E-4,0
FENGYUN 1C DEB,1999-025DDX,2026-08-11T21:38:03.105312,13.69875144,.02644813,98.4479,90.5321,346.4475,12.9666,0,U,33638,999,64230,.44715124E-3,.464E-5,0
FENGYUN 1C DEB,1999-025DDY,2026-07-22T11:53:12.399360,14.43286145,.00462611,98.7100,303.9556,348.7486,11.2665,0,U,33639,999,63778,.12004137E-2,.405E-4,0
FENGYUN 1C DEB,1999-025DDZ,2026-08-12T03:57:24.133824,14.46822412,.00896529,98.8647,182.7409,153.4319,207.1508,0,U,33640,999,95847,.15394044E-3,.535E-5,0
FENGYUN 1C DEB,1999-025DEF,2026-08-02T12:44:01.964256,14.04884723,.01083221,98.5985,122.4357,227.6612,131.5343,0,U,33646,999,75315,.10605114E-2,.1754E-4,0
FENGYUN 1C DEB,1999-025DEG,2026-08-09T18:09:59.438016,13.89966363,.02449306,98.1817,54.0541,146.8023,214.8780,0,U,33647,999,66178,.10818537E-2,.1663E-4,0
FENGYUN 1C DEB,1999-025DEH,2026-08-12T05:38:58.933248,14.11884301,.00681645,98.7289,221.3475,205.1136,154.6716,0,U,33648,999,67798,.38649612E-4,.29E-6,0
FENGYUN 1C DEB,1999-025DEK,2026-08-12T22:02:30.192000,13.89930304,.0150768,99.0115,26.9711,136.9508,224.3561,0,U,33650,999,72186,.49131E-3,.621E-5,0
FENGYUN 1C DEB,1999-025DEL,2026-08-12T09:03:43.957440,14.20519462,.01178072,98.6250,269.4463,72.8220,288.5815,0,U,33651,999,67716,.6391768E-4,.105E-5,0
FENGYUN 1C DEB,1999-025DEQ,2026-08-11T17:54:45.484128,15.11386817,.00331338,98.8006,327.4906,281.5346,78.2160,0,U,33655,999,190,.67875103E-3,.11535E-3,0
FENGYUN 1C DEB,1999-025DER,2026-08-07T18:22:29.038368,14.23141592,.00907299,98.5923,211.9628,59.5945,301.4162,0,U,33656,999,66094,.21051565E-3,.454E-5,0
FENGYUN 1C DEB,1999-025DET,2026-08-11T16:26:19.111488,13.63428276,.02773113,99.5760,17.9259,282.8841,74.1461,0,U,33658,999,61435,.14234958E-2,.1409E-4,0
FENGYUN 1C DEB,1999-025DEV,2026-08-05T23:10:52.056192,13.92000235,.01098463,98.6427,118.4433,316.1069,105.7019,0,U,33660,999,94350,.18962271E-3,.213E-5,0
FENGYUN 1C DEB,1999-025DEW,2026-08-12T02:36:39.835296,13.73319976,.02285972,98.3935,86.7744,222.0201,292.2955,0,U,33661,999,67783,.5376499E-3,.565E-5,0
FENGYUN 1C DEB,1999-025DEY,2026-08-11T06:34:28.688160,14.76837428,.0059439,98.8896,240.9474,345.5529,14.3976,0,U,33663,999,67751,.15448E-2,.11117E-3,0
FENGYUN 1C DEB,1999-025DEZ,2026-08-11T16:01:34.248864,14.04285997,.01644123,98.7336,7.7879,80.8419,281.1308,0,U,33664,999,94134,.48376624E-4,.46E-6,0
FENGYUN 1C DEB,1999-025DFA,2026-07-31T13:29:05.900640,14.05009833,.0450462,99.0449,334.7141,167.6826,193.5803,0,U,33665,999,95831,.14976E-2,.6014E-4,0
FENGYUN 1C DEB,1999-025DFJ,2026-08-13T02:52:47.364960,13.95869157,.0103186,99.3206,279.9726,282.5094,105.4499,0,U,33673,999,93297,.3409E-3,.44E-5,0
FENGYUN 1C DEB,1999-025DFK,2026-08-12T12:45:43.649280,13.77725096,.02068271,98.5954,256.6290,307.2116,51.0319,0,U,33674,999,91707,.77032264E-3,.862E-5,0
FENGYUN 1C DEB,1999-025DFM,2026-08-12T13:48:08.594208,14.35783974,.02046241,99.0703,267.0730,79.2566,283.1582,0,U,33676,999,68795,.55420514E-4,.148E-5,0
FENGYUN 1C DEB,1999-025DFP,2026-08-12T22:56:44.575008,14.48250990,.0201975,99.0235,312.0864,229.8218,128.5138,0,U,33678,999,98615,.12932E-3,.56E-5,0
FENGYUN 1C DEB,1999-025DFQ,2026-08-12T07:09:58.303008,15.16582115,.01152002,99.3433,348.8197,227.4105,131.7360,0,U,33679,999,97784,.68980998E-3,.15899E-3,0
FENGYUN 1C DEB,1999-025DFT,2026-08-13T03:05:25.016064,14.28111859,.0029707,99.4060,295.2149,109.9591,250.4792,0,U,33682,999,95170,.48766E-3,.1168E-4,0
FENGYUN 1C DEB,1999-025DFV,2026-08-12T12:05:32.449056,14.78545745,.02679474,99.0424,314.4079,301.4005,56.1246,0,U,33684,999,96570,.17398097E-3,.224E-4,0
FENGYUN 1C DEB,1999-025DFY,2026-07-28T09:41:11.751936,15.34457259,.0082178,98.9725,266.2183,284.1273,75.0843,0,U,33687,999,74982,.80126E-3,.29825E-3,0
FENGYUN 1C DEB,1999-025DFZ,2026-08-11T07:53:14.682624,14.50000307,.00478736,99.3564,355.2517,267.7341,91.8368,0,U,33688,999,94978,.80448971E-3,.3106E-4,0
FENGYUN 1C DEB,1999-025DGA,2026-08-04T08:28:00.154848,14.46694140,.00472592,99.5520,258.2904,183.8412,239.6473,0,U,33689,999,72921,.6153324E-3,.2199E-4,0
FENGYUN 1C DEB,1999-025DGB,2026-08-12T06:23:24.667008,14.55376285,.00292408,98.6162,334.4223,33.2393,327.0633,0,U,33690,999,96743,.5382355E-3,.23E-4,0
FENGYUN 1C DEB,1999-025DGE,2026-08-12T22:10:27.023232,13.71971751,.0223808,99.2345,38.4553,82.6571,279.9952,0,U,33693,999,91565,.57783E-3,.586E-5,0
FENGYUN 1C DEB,1999-025DGK,2026-08-11T17:50:22.178400,14.56432735,.01358058,99.6443,226.1177,219.3220,139.8052,0,U,33698,999,99158,.71252442E-4,.288E-5,0
FENGYUN 1C DEB,1999-025DGN,2026-08-07T15:18:32.192640,14.03391834,.01294179,98.6726,167.8255,241.4141,117.3954,0,U,33701,999,93841,.73045634E-3,.1188E-4,0
FENGYUN 1C DEB,1999-025DGX,2026-08-11T02:50:11.764608,14.12427503,.00555069,98.9840,327.3065,184.9431,175.1199,0,U,33710,999,71063,.40571347E-3,.714E-5,0
FENGYUN 1C DEB,1999-025DGY,2026-08-12T02:45:16.451136,14.01387902,.00989995,99.1600,283.6555,100.9369,290.1269,0,U,33711,999,95326,.4866689E-3,.722E-5,0
FENGYUN 1C DEB,1999-025DHD,2026-08-12T02:04:21.592128,14.32864912,.00935711,98.8855,160.6897,8.5990,351.6770,0,U,33716,999,68628,.63306058E-4,.134E-5,0
FENGYUN 1C DEB,1999-025DHF,2026-08-10T12:25:48.192960,14.09213341,.00964807,99.6609,331.1289,20.6607,339.8420,0,U,33718,999,72576,.57125335E-3,.987E-5,0
FENGYUN 1C DEB,1999-025DHG,2026-08-12T09:50:50.354592,14.24361554,.00305536,98.7531,288.5229,99.8208,321.4261,0,U,33719,999,95467,.42054894E-3,.933E-5,0
FENGYUN 1C DEB,1999-025DHH,2026-07-28T06:25:15.697920,14.42165253,.00815948,98.2491,209.3492,98.7074,262.3369,0,U,33720,999,96634,.52120885E-3,.1742E-4,0
FENGYUN 1C DEB,1999-025DHK,2026-08-10T11:32:55.184928,14.22009002,.01556734,98.5665,235.0300,273.1777,85.1601,0,U,33722,999,95568,.23157626E-3,.534E-5,0
FENGYUN 1C DEB,1999-025DHL,2026-08-10T12:28:43.375872,14.15029762,.00967877,99.1485,313.8805,13.9520,359.1709,0,U,33723,999,67027,.64130463E-3,.1253E-4,0
FENGYUN 1C DEB,1999-025DHM,2026-08-12T07:17:49.174368,14.20072819,.00267467,98.5999,232.8112,199.7853,171.9481,0,U,33724,999,97404,.17631665E-3,.334E-5,0
FENGYUN 1C DEB,1999-025DHP,2026-08-12T14:00:07.850016,14.14745438,.01923106,98.6653,346.4222,56.1246,317.9960,0,U,33726,999,95365,.94883598E-4,.176E-5,0
FENGYUN 1C DEB,1999-025DHR,2026-08-11T17:07:37.219872,14.95448755,.0141661,98.9596,318.6901,155.5600,205.2421,0,U,33728,999,1914,.21438052E-3,.2813E-4,0
FENGYUN 1C DEB,1999-025DHT,2026-08-04T23:28:05.048544,14.67288917,.00362982,99.0368,303.1967,10.3220,349.8719,0,U,33730,999,99125,.89731811E-3,.5054E-4,0
FENGYUN 1C DEB,1999-025DHU,2026-08-08T08:33:56.164320,13.96294732,.01295928,99.4306,253.3652,128.0588,233.2349,0,U,33731,999,93778,.79168895E-3,.1124E-4,0
FENGYUN 1C DEB,1999-025DHW,2026-08-12T05:21:56.054880,14.34676007,.00760487,99.0976,326.6676,183.0148,207.6853,0,U,33733,999,93921,.1068919E-2,.3078E-4,0
FENGYUN 1C DEB,1999-025DJA,2026-08-12T23:36:14.477760,14.03789550,.012583,98.3434,43.9006,313.9228,198.5447,0,U,33737,999,92152,.34408E-3,.541E-5,0
FENGYUN 1C DEB,1999-025DJB,2026-08-12T11:04:02.687808,13.99976879,.0193574,99.1237,289.1610,73.5678,301.8617,0,U,33738,999,92632,.21986783E-3,.337E-5,0
FENGYUN 1C DEB,1999-025DJD,2026-08-12T23:32:59.872128,14.12442434,.0001791,98.6808,235.3808,139.9814,220.1491,0,U,33740,999,93580,.59333E-4,.67E-6,0
FENGYUN 1C DEB,1999-025DJE,2026-08-12T23:05:39.844608,14.11495104,.0125763,98.5580,132.2674,114.6949,246.7377,0,U,33741,999,60292,.79561E-3,.1514E-4,0
FENGYUN 1C DEB,1999-025DJJ,2026-08-13T02:48:43.848288,14.23648775,.0051466,99.0994,275.5070,291.5875,67.9823,0,U,33745,999,69463,.55612E-3,.1238E-4,0
FENGYUN 1C DEB,1999-025DJL,2026-08-03T06:24:33.907104,14.19225700,.00852404,99.0961,320.7616,274.4787,84.6653,0,U,33747,999,93443,.11155067E-2,.2377E-4,0
FENGYUN 1C DEB,1999-025DJM,2026-08-12T08:58:27.511392,14.33386319,.00338496,98.5643,277.9961,243.5947,116.1762,0,U,33748,999,94868,.43073454E-3,.1151E-4,0
FENGYUN 1C DEB,1999-025DJQ,2026-08-07T22:05:28.453344,14.17426221,.02542971,94.6231,286.2114,178.0626,182.1608,0,U,35088,999,62168,.16784969E-2,.4663E-4,0
FENGYUN 1C DEB,1999-025DJR,2026-08-12T06:53:42.799488,14.20084765,.00288857,98.5559,231.0872,79.9255,280.5179,0,U,35089,999,64317,.33646783E-3,.678E-5,0
FENGYUN 1C DEB,1999-025DJS,2026-08-12T13:06:31.417344,14.18838825,.00562033,99.1878,250.8728,49.5038,311.1014,0,U,35090,999,69692,.572187E-3,.1162E-4,0
FENGYUN 1C DEB,1999-025DJT,2026-08-12T07:07:25.474368,14.67887221,.00422761,98.6031,344.5706,256.7623,102.8863,0,U,35091,999,93479,.66429933E-3,.3794E-4,0
FENGYUN 1C DEB,1999-025DKE,2026-08-09T06:34:53.696640,14.29435706,.0060926,98.4764,230.0528,106.0472,254.7431,0,U,35102,999,68334,.22194E-3,.536E-5,0
FENGYUN 1C DEB,1999-025DKG,2026-08-11T23:21:36.536256,14.20712933,.0030947,98.5960,228.9916,158.9633,230.4011,0,U,35104,999,93206,.16794E-3,.321E-5,0
FENGYUN 1C DEB,1999-025DKH,2026-08-08T18:48:16.982496,14.45943249,.01120107,98.9605,220.0325,61.4844,299.7570,0,U,35105,999,97947,.16647546E-3,.587E-5,0
FENGYUN 1C DEB,1999-025DKL,2026-07-18T06:21:03.348576,14.07157654,.01341315,98.8095,194.3095,168.8748,191.5439,0,U,35108,999,92297,.22378866E-3,.364E-5,0
FENGYUN 1C DEB,1999-025DKM,2026-08-12T04:52:15.655872,14.21162432,.01532459,98.6332,212.8971,52.5984,308.9031,0,U,35109,999,67603,.1079789E-3,.222E-5,0
FENGYUN 1C DEB,1999-025DKP,2026-08-12T05:21:09.037728,14.11315315,.00208894,99.4565,320.6323,267.7244,92.1533,0,U,35111,999,67564,.16437154E-3,.248E-5,0
FENGYUN 1C DEB,1999-025DKU,2026-08-09T02:05:45.124512,14.26075551,.00590981,98.6403,268.8466,72.4822,288.2804,0,U,35116,999,63370,.4770015E-3,.1118E-4,0
FENGYUN 1C DEB,1999-025DKZ,2026-08-08T07:42:48.816576,14.04896895,.01580041,98.2761,68.1402,137.6883,223.6601,0,U,35121,999,64441,-.67530549E-4,-.158E-5,0
FENGYUN 1C DEB,1999-025DLA,2026-08-12T08:01:09.201792,14.14378905,.00247384,98.6594,240.4812,183.4343,176.6665,0,U,35122,999,67296,.12600831E-3,.199E-5,0
FENGYUN 1C DEB,1999-025DLB,2026-08-10T11:45:20.854080,14.24723089,.00500463,99.1212,59.4283,106.1200,254.5495,0,U,35123,999,64501,.19230879E-3,.406E-5,0
FENGYUN 1C DEB,1999-025DLG,2026-08-04T11:25:38.015616,14.43059141,.00862072,98.3343,92.1431,359.6090,0.5019,0,U,35128,999,66351,.20363874E-2,.7101E-4,0
FENGYUN 1C DEB,1999-025DLP,2026-08-10T11:12:24.386688,14.23010308,.0080234,98.5624,229.6323,305.0597,54.3074,0,U,35135,999,91247,.21383705E-3,.454E-5,0
FENGYUN 1C DEB,1999-025DLT,2026-08-09T20:35:05.425152,14.21462672,.00677607,98.5853,225.4499,322.3294,37.3149,0,U,35139,999,67564,.1625777E-3,.321E-5,0
FENGYUN 1C DEB,1999-025DLU,2026-08-04T21:14:03.081696,14.21577692,.02906389,98.4700,193.8843,1.5716,358.6309,0,U,35140,999,90619,.15240064E-3,.463E-5,0
FENGYUN 1C DEB,1999-025DLW,2026-08-11T10:37:27.398208,13.90633052,.01070281,99.0614,214.4098,278.1381,237.2999,0,U,35142,999,89048,.12312825E-3,.117E-5,0
FENGYUN 1C DEB,1999-025DLY,2026-08-12T14:27:29.367072,14.65167040,.0022706,98.7109,358.0211,336.5290,23.4873,0,U,35144,999,68763,.63524672E-3,.3375E-4,0
FENGYUN 1C DEB,1999-025DMB,2026-08-12T06:58:29.208576,14.81343447,.00300485,99.4834,345.0996,174.9265,185.2252,0,U,35147,999,77887,.10155341E-2,.7929E-4,0
FENGYUN 1C DEB,1999-025DMG,2026-08-11T18:47:54.127968,13.76804950,.01944341,99.8219,59.3211,108.7502,253.4854,0,U,35152,999,65523,.36454403E-3,.366E-5,0
FENGYUN 1C DEB,1999-025DMH,2026-08-12T00:39:11.653344,14.75236038,.01671421,98.8884,144.5805,45.0269,316.4348,0,U,35153,999,775,.21859082E-3,.1782E-4,0
FENGYUN 1C DEB,1999-025DMJ,2026-08-09T15:40:08.800896,14.19351283,.01790301,99.4512,3.6563,87.0652,275.0993,0,U,35154,999,67980,.14914838E-3,.318E-5,0
FENGYUN 1C DEB,1999-025DMK,2026-08-11T19:27:47.610144,14.19851059,.00266492,98.4964,230.7628,90.6094,269.8137,0,U,35155,999,76148,.25206347E-3,.495E-5,0
FENGYUN 1C DEB,1999-025DML,2026-08-10T09:35:29.809248,14.10894568,.00357238,98.7730,207.9233,185.3118,174.7679,0,U,35156,999,67437,.16972064E-3,.263E-5,0
FENGYUN 1C DEB,1999-025DMP,2026-08-10T04:48:50.221728,14.48335622,.00151462,98.8403,312.7477,163.9604,263.2630,0,U,35159,999,64958,.74347603E-3,.2737E-4,0
FENGYUN 1C DEB,1999-025DMQ,2026-08-12T15:33:19.558656,14.36524885,.01743036,99.1819,359.6197,250.1918,108.0402,0,U,35160,999,68418,.12605632E-3,.382E-5,0
FENGYUN 1C DEB,1999-025DMV,2026-07-29T17:53:07.064160,14.36060709,.00223419,98.8781,313.9931,107.1866,253.1767,0,U,35165,999,93005,.14987012E-2,.4328E-4,0
FENGYUN 1C DEB,1999-025DMX,2026-08-11T10:25:29.795232,14.32031836,.02266698,98.4626,215.6555,208.4604,150.4049,0,U,35167,999,73478,.13128714E-3,.417E-5,0
FENGYUN 1C DEB,1999-025DMY,2026-08-06T21:25:54.087168,14.15771005,.01250066,98.2482,98.6505,160.2286,200.3799,0,U,35168,999,61279,.10629632E-3,.187E-5,0
FENGYUN 1C DEB,1999-025DMZ,2026-08-06T13:07:22.936800,14.60039833,.0147149,99.1169,130.4720,109.2857,252.4322,0,U,35169,999,69234,.28393E-3,.1524E-4,0
FENGYUN 1C DEB,1999-025DNB,2026-08-08T04:25:12.301824,13.96084829,.01354341,99.0234,11.4568,26.1620,334.6303,0,U,35171,999,91884,.56869679E-3,.799E-5,0
FENGYUN 1C DEB,1999-025DND,2026-07-22T09:54:57.638304,13.38160058,.04865863,99.7744,272.2582,33.8693,329.2527,0,U,35173,999,68793,-.75484265E-4,-.121E-5,0
FENGYUN 1C DEB,1999-025DNE,2026-08-10T18:42:38.437920,15.17123431,.0110828,98.9622,242.1280,110.0897,251.2300,0,U,35174,999,93799,.98438699E-3,.22852E-3,0
FENGYUN 1C DEB,1999-025DNF,2026-08-08T06:52:35.842080,14.21651858,.0056726,98.5734,226.8238,309.1234,50.4908,0,U,35175,999,64624,.15898E-3,.311E-5,0
FENGYUN 1C DEB,1999-025DNG,2026-08-11T21:42:03.507264,14.17311255,.0054843,98.5759,206.9172,78.9049,281.8287,0,U,35176,999,94358,.14803E-3,.262E-5,0
FENGYUN 1C DEB,1999-025DNL,2026-08-06T06:23:56.554656,13.78000222,.04832492,99.7520,30.1087,122.2403,242.6537,0,U,35180,999,3288,.19035129E-2,.4542E-4,0
FENGYUN 1C DEB,1999-025DNX,2026-08-08T04:29:48.246144,13.91319597,.01015223,99.0394,200.6216,280.6010,78.3728,0,U,35191,999,91217,.59335963E-4,.34E-6,0
FENGYUN 1C DEB,1999-025DPA,2026-08-06T13:12:26.542080,14.62446219,.01107453,98.9456,326.0106,71.4610,289.8583,0,U,35194,999,68849,.35552448E-3,.1905E-4,0
FENGYUN 1C DEB,1999-025DPB,2026-08-10T13:30:43.064352,14.57884103,.01003586,98.9929,340.6758,57.8311,303.2572,0,U,35195,999,94433,.26769134E-3,.1256E-4,0
FENGYUN 1C DEB,1999-025DPC,2026-08-11T12:22:26.524128,14.20677471,.02126611,98.5278,235.3601,357.4487,153.7395,0,U,35196,999,92566,.3371735E-3,.866E-5,0
FENGYUN 1C DEB,1999-025DPF,2026-07-14T14:34:57.226656,13.98768417,.01135049,98.4489,332.7602,331.9345,27.5731,0,U,35199,999,95174,.58467323E-3,.849E-5,0
FENGYUN 1C DEB,1999-025DPG,2026-08-05T03:01:53.055264,13.42099423,.0351528,98.8951,171.8422,187.3273,188.6143,0,U,35200,999,69061,.24919729E-3,.165E-5,0
FENGYUN 1C DEB,1999-025DPH,2026-08-11T19:29:14.571744,14.11139632,.0005672,98.7058,230.4963,288.3934,247.0195,0,U,35201,999,90433,.297458E-4,.11E-6,0
FENGYUN 1C DEB,1999-025DPJ,2026-08-11T13:47:15.290592,13.35052341,.03812898,100.0707,270.6463,150.0419,212.3130,0,U,35202,999,60203,.60560565E-3,.419E-5,0
FENGYUN 1C DEB,1999-025DPK,2026-08-02T07:20:01.479552,13.27261883,.05171294,102.0832,225.2794,11.8894,349.3906,0,U,35203,999,62735,.1981396E-2,.1785E-4,0
FENGYUN 1C DEB,1999-025DPL,2026-08-13T01:34:43.652928,14.52264206,.0035802,98.9943,75.5121,315.4639,197.0911,0,U,35204,999,94458,.58955E-3,.2362E-4,0
FENGYUN 1C DEB,1999-025DPP,2026-08-12T01:06:24.777504,14.59340599,.00514123,98.6969,338.0558,231.4830,128.1753,0,U,35207,999,68434,.67559058E-3,.3202E-4,0
FENGYUN 1C DEB,1999-025DPQ,2026-08-10T19:02:02.551776,14.00358860,.01032077,98.8886,240.3753,204.1873,155.4427,0,U,35208,999,93936,.29568066E-3,.415E-5,0
FENGYUN 1C DEB,1999-025DPS,2026-08-12T12:36:56.388960,14.36482001,.00458377,99.0948,246.3511,248.9852,267.0518,0,U,35210,999,93605,.71346809E-3,.207E-4,0
FENGYUN 1C DEB,1999-025DPZ,2026-08-12T03:51:25.298208,13.58447485,.02995858,101.8784,194.7677,93.6738,269.8700,0,U,35217,999,64510,.12812833E-2,.1192E-4,0
FENGYUN 1C DEB,1999-025DQC,2026-08-12T04:20:05.172288,14.24080044,.00418107,99.0151,305.2191,333.8017,26.1046,0,U,35220,999,66632,.51892479E-3,.1157E-4,0
FENGYUN 1C DEB,1999-025DQF,2026-08-12T12:32:26.247264,14.92167223,.01204592,98.9777,245.1457,268.2539,90.4876,0,U,35223,999,97499,.14311634E-3,.159E-4,0
FENGYUN 1C DEB,1999-025DQM,2026-08-12T23:28:23.390400,14.72620708,.0038862,98.4483,316.4844,171.3110,188.8777,0,U,35229,999,68073,.16814E-2,.10792E-3,0
FENGYUN 1C DEB,1999-025DQP,2026-08-12T22:07:44.662080,14.14545115,.0038027,98.6878,266.9152,110.0765,250.4507,0,U,35231,999,94940,.11361E-4,-.21E-6,0
FENGYUN 1C DEB,1999-025DQR,2026-08-12T06:06:13.222944,14.44796212,.00386397,98.7746,335.6139,253.1011,136.7168,0,U,35233,999,94675,.65995759E-3,.2266E-4,0
FENGYUN 1C DEB,1999-025DQS,2026-08-11T19:42:17.468928,14.67678878,.0096051,98.0462,252.4970,215.7255,143.7499,0,U,35234,999,97904,.29562982E-3,.1749E-4,0
FENGYUN 1C DEB,1999-025DQU,2026-07-19T15:14:19.041504,14.46375617,.00827685,98.8198,141.4213,255.1236,104.0777,0,U,35236,999,724,.17553657E-3,.605E-5,0
FENGYUN 1C DEB,1999-025DQX,2026-08-12T21:19:30.000288,13.69840802,.0224598,99.2941,21.9140,96.9236,265.7515,0,U,35239,999,61459,.59017E-3,.577E-5,0
FENGYUN 1C DEB,1999-025DQY,2026-08-12T10:16:38.125920,14.25090583,.00443607,99.3585,207.4557,179.9674,180.1514,0,U,35240,999,96619,.51659638E-3,.1174E-4,0
FENGYUN 1C DEB,1999-025DQZ,2026-08-10T05:16:35.141088,14.03043835,.01341631,98.6296,143.8910,254.3071,104.3262,0,U,35241,999,90977,.77132789E-3,.1255E-4,0
FENGYUN 1C DEB,1999-025DRA,2026-07-24T09:43:21.784800,13.52824810,.03007595,99.9630,264.3108,354.3207,15.9564,0,U,35242,999,61151,.26241058E-3,.186E-5,0
FENGYUN 1C DEB,1999-025DRB,2026-08-12T13:59:31.504992,14.97259202,.0054912,98.8741,339.1301,193.5141,166.4610,0,U,35243,999,94623,.97246205E-3,.11554E-3,0
FENGYUN 1C DEB,1999-025DRC,2026-08-13T02:02:02.736096,14.07046343,.0070863,98.8159,264.4778,192.9192,167.0164,0,U,35244,999,69243,.18179E-3,.268E-5,0
FENGYUN 1C DEB,1999-025DRD,2026-08-09T17:37:51.682080,14.14461270,.00555746,99.0798,315.9767,314.7429,200.2387,0,U,35245,999,91168,.66704912E-3,.1251E-4,0
FENGYUN 1C DEB,1999-025DRP,2026-07-21T13:44:08.110176,13.83255194,.02107577,98.4219,124.0556,100.1611,262.3389,0,U,36142,999,65216,.1497986E-2,.1915E-4,0
FENGYUN 1C DEB,1999-025DRU,2026-08-11T21:20:59.953056,13.47175636,.04381,98.5058,261.7861,0.8514,359.3278,0,U,36147,999,63257,.27509E-3,.266E-5,0
FENGYUN 1C DEB,1999-025DRV,2026-08-11T18:23:05.053344,13.86914955,.02784227,98.4179,55.6809,44.8894,317.4420,0,U,36148,999,93597,.84375736E-3,.1302E-4,0
FENGYUN 1C DEB,1999-025DRZ,2026-08-12T09:37:48.442368,14.18178816,.00533609,98.7393,265.5007,235.2533,124.3612,0,U,36152,999,67595,.44372906E-3,.881E-5,0
FENGYUN 1C DEB,1999-025DSA,2026-08-08T17:54:37.583712,14.53138804,.0030239,98.5905,321.1733,46.4941,313.8760,0,U,36153,999,68431,.71474016E-3,.2928E-4,0
FENGYUN 1C DEB,1999-025DSH,2026-08-06T18:10:13.430496,14.13444079,.01344018,98.1357,44.1152,185.6716,174.2943,0,U,36160,999,63400,.16174554E-3,.293E-5,0
FENGYUN 1C DEB,1999-025DSK,2026-08-07T13:38:08.084832,14.05309763,.02494556,97.6202,345.1842,154.4214,206.9549,0,U,36162,999,73859,.22564841E-2,.4801E-4,0
FENGYUN 1C DEB,1999-025DSL,2026-08-12T02:53:42.381888,14.66801850,.00361893,99.0771,97.5212,54.0750,306.3800,0,U,36163,999,92732,.12732532E-2,.7119E-4,0
FENGYUN 1C DEB,1999-025DSQ,2026-08-06T00:57:33.154848,14.50916367,.00663409,98.8085,141.0537,251.4674,107.9303,0,U,36167,999,70704,.37589271E-3,.1474E-4,0
FENGYUN 1C DEB,1999-025DSW,2026-08-12T14:17:27.460608,14.25561027,.01458438,98.2393,171.8924,189.4395,170.4039,0,U,36173,999,62550,.93162037E-4,.205E-5,0
FENGYUN 1C DEB,1999-025DTA,2026-08-05T08:46:13.406880,14.19726825,.00380454,98.6101,252.7759,247.0240,112.6921,0,U,36177,999,27371,.49181502E-3,.1005E-4,0
FENGYUN 1C DEB,1999-025DTD,2026-08-07T10:09:36.673632,14.21365503,.02106116,98.4285,277.7018,59.2308,302.9422,0,U,36180,999,73959,.24505043E-3,.627E-5,0
FENGYUN 1C DEB,1999-025DTF,2026-08-10T07:29:18.331008,14.36477338,.00220455,99.0957,167.8862,92.1266,268.2443,0,U,36182,999,91409,.51036582E-3,.1453E-4,0
FENGYUN 1C DEB,1999-025DTH,2026-08-08T17:43:30.499680,14.10329365,.01302586,98.5540,204.3909,19.3926,341.2136,0,U,36184,999,65881,.77769352E-3,.1453E-4,0
FENGYUN 1C DEB,1999-025DTM,2026-08-12T06:58:36.019488,14.66501980,.00420067,98.5906,339.8752,270.4707,89.1682,0,U,36188,999,91601,.64107029E-3,.3544E-4,0
FENGYUN 1C DEB,1999-025DTX,2026-08-12T12:24:04.691808,14.09019188,.00981757,98.6059,247.9866,145.6913,215.0652,0,U,36198,999,67005,.57412266E-3,.999E-5,0
FENGYUN 1C DEB,1999-025DTY,2026-08-05T23:50:12.847200,14.29965895,.00929377,98.2762,232.6969,87.0031,274.1783,0,U,36199,999,68356,.15224297E-3,.371E-5,0
FENGYUN 1C DEB,1999-025DTZ,2026-08-11T02:50:27.447936,14.68580938,.00270617,99.3833,335.3269,359.3417,0.7743,0,U,36200,999,76892,.12256973E-2,.71E-4,0
FENGYUN 1C DEB,1999-025DUC,2026-08-08T04:54:36.883584,14.83028463,.0077727,99.1173,201.2151,119.9698,240.9257,0,U,36203,999,66958,.3788196E-3,.3176E-4,0
FENGYUN 1C DEB,1999-025DUD,2026-08-12T14:55:39.181728,14.36015590,.001977,99.2998,345.2320,174.5419,185.5983,0,U,36204,999,97912,.39944147E-3,.1113E-4,0
FENGYUN 1C DEB,1999-025DUF,2026-08-09T20:35:08.597760,14.22179448,.00310138,98.4636,240.4907,41.4326,318.9196,0,U,36206,999,67833,.29819279E-3,.623E-5,0
FENGYUN 1C DEB,1999-025DUG,2026-07-18T11:00:30.296736,14.03964938,.01426387,98.5921,77.1407,69.8652,291.7798,0,U,36207,999,63019,.98743891E-3,.1668E-4,0
FENGYUN 1C DEB,1999-025DUL,2026-08-09T05:00:41.330016,14.26822367,.02636971,98.5186,213.0775,246.6995,110.6235,0,U,36211,999,97783,.13813635E-3,.43E-5,0
FENGYUN 1C DEB,1999-025DUR,2026-08-12T06:58:13.607328,14.19163281,.004537,98.5945,242.3243,38.4249,322.0144,0,U,36216,999,67812,.13932379E-3,.252E-5,0
FENGYUN 1C DEB,1999-025DUT,2026-08-12T09:19:54.797952,14.73755421,.006807,99.0549,98.3894,262.3834,96.9636,0,U,36218,999,62714,.2418117E-3,.1572E-4,0
FENGYUN 1C DEB,1999-025DUX,2026-08-12T00:14:51.122688,14.45095303,.00441504,98.4960,293.3252,67.6252,292.9609,0,U,36222,999,68627,.50829931E-3,.1753E-4,0
FENGYUN 1C DEB,1999-025DUZ,2026-08-11T21:24:14.785056,14.12870853,.0115036,98.7473,271.0726,23.5501,337.0880,0,U,36224,999,67851,.44519E-4,.45E-6,0
FENGYUN 1C DEB,1999-025DVA,2026-08-11T06:17:07.217376,15.32874938,.0026272,98.8276,29.9797,201.6114,158.4017,0,U,36225,999,70439,.11856E-2,.38109E-3,0
FENGYUN 1C DEB,1999-025DVB,2026-07-23T08:12:08.826912,14.11309317,.0097385,98.5924,242.3978,106.5329,254.6567,0,U,36226,999,66901,.89585E-3,.1652E-4,0
FENGYUN 1C DEB,1999-025DVE,2026-08-12T12:44:07.002240,14.08457933,.00996012,100.9129,139.7025,206.7412,152.8594,0,U,36229,999,66672,.65535943E-3,.1115E-4,0
FENGYUN 1C DEB,1999-025DVF,2026-08-12T10:02:51.031680,13.76113079,.02124895,99.5166,304.3594,226.7706,131.5531,0,U,36230,999,65223,.11563294E-2,.1281E-4,0
FENGYUN 1C DEB,1999-025DVG,2026-08-12T08:48:22.454784,14.12117976,.00610223,98.7163,197.2543,3.7087,356.4525,0,U,36231,999,88967,.55002856E-4,.6E-6,0
FENGYUN 1C DEB,1999-025DVH,2026-08-07T16:27:46.605312,14.12755520,.01194509,98.7263,202.4379,70.6261,290.7779,0,U,36232,999,65095,.15890141E-3,.274E-5,0
FENGYUN 1C DEB,1999-025DVK,2026-08-10T20:38:45.138624,13.45796801,.03183619,98.9711,272.9272,139.1394,223.4084,0,U,36234,999,91190,.20896606E-3,.133E-5,0
FENGYUN 1C DEB,1999-025DVM,2026-07-31T19:30:33.817824,13.82113096,.01509071,98.8230,243.7891,95.0645,266.7754,0,U,36236,999,62939,.21883453E-3,.218E-5,0
FENGYUN 1C DEB,1999-025DVP,2026-08-09T16:52:05.943648,14.12455583,.00204186,98.6757,191.2409,320.1708,39.7964,0,U,36238,999,90405,.47267227E-4,.45E-6,0
FENGYUN 1C DEB,1999-025DVV,2026-08-09T18:28:47.911008,14.26609551,.00472069,98.9365,341.9050,312.9267,46.7956,0,U,36244,999,95399,.52800991E-3,.1243E-4,0
FENGYUN 1C DEB,1999-025DVY,2026-08-12T11:32:17.160288,14.34252999,.01857016,98.2633,232.0068,28.8093,332.3196,0,U,36247,999,73741,.1989391E-3,.631E-5,0
FENGYUN 1C DEB,1999-025DWG,2026-08-11T02:04:16.353696,14.37604451,.00626797,99.4464,172.0482,184.1179,234.6524,0,U,36255,999,67477,.24562308E-3,.702E-5,0
FENGYUN 1C DEB,1999-025DWK,2026-08-12T23:41:45.468384,14.76085327,.0170508,99.0583,288.9719,87.3293,274.7417,0,U,36258,999,94409,.14138E-3,.1162E-4,0
FENGYUN 1C DEB,1999-025DWL,2026-08-11T08:20:48.566976,14.62008737,.00023785,98.7962,7.3372,222.8778,167.3575,0,U,36259,999,75668,.90297113E-3,.4477E-4,0
FENGYUN 1C DEB,1999-025DWM,2026-08-12T11:02:33.046944,14.15528814,.00147508,98.6671,224.8253,276.4794,83.4701,0,U,36260,999,91242,.75301738E-4,.104E-5,0
FENGYUN 1C DEB,1999-025DWN,2026-08-10T12:27:00.817344,13.45665858,.03541754,101.3548,151.5878,236.8582,119.8097,0,U,36261,999,87671,.12194334E-3,.49E-6,0
FENGYUN 1C DEB,1999-025DWP,2026-08-02T10:58:44.227776,14.28088310,.00599634,98.9343,105.6540,321.6927,38.0001,0,U,36262,999,92818,.17510672E-3,.397E-5,0
FENGYUN 1C DEB,1999-025DWQ,2026-08-10T04:36:26.374752,14.48418562,.00333374,98.9847,123.1418,267.4954,92.2420,0,U,36263,999,91463,.7030139E-3,.2602E-4,0
FENGYUN 1C DEB,1999-025DWU,2026-08-11T19:18:36.786816,14.10016061,.01245557,98.5714,164.6187,242.0063,145.8724,0,U,36267,999,89940,.3195172E-3,.564E-5,0
FENGYUN 1C DEB,1999-025DWW,2026-08-12T02:19:24.635424,14.27980717,.02312356,99.1314,181.8336,301.2458,56.6252,0,U,36269,999,91174,.21839249E-3,.663E-5,0
FENGYUN 1C DEB,1999-025DWZ,2026-08-08T10:30:20.995200,14.17651831,.01672321,99.1094,108.2129,311.7923,46.9064,0,U,36272,999,66998,.13714477E-3,.272E-5,0
FENGYUN 1C DEB,1999-025DXA,2026-08-11T22:59:58.100640,14.16822092,.0097144,99.5740,117.1642,33.2995,327.4239,0,U,36273,999,69663,.12943E-3,.221E-5,0
FENGYUN 1C DEB,1999-025DXB,2026-08-12T12:20:44.695680,14.26192944,.00574295,99.1345,313.5167,252.7284,120.0221,0,U,36274,999,66443,.96018219E-3,.2292E-4,0
FENGYUN 1C DEB,1999-025DXF,2026-08-12T12:56:08.098368,14.17745044,.0060865,99.1271,154.4042,323.5004,36.2029,0,U,36278,999,96916,.13939631E-3,.242E-5,0
FENGYUN 1C DEB,1999-025DXG,2026-08-12T04:01:03.905184,14.14847340,.00631243,98.5878,197.7387,79.7881,281.0404,0,U,36279,999,92467,.59537667E-4,.76E-6,0
FENGYUN 1C DEB,1999-025DXH,2026-08-12T13:34:17.548032,14.10428494,.00642018,98.7473,252.1098,97.7334,53.8270,0,U,36280,999,89776,.32893812E-3,.554E-5,0
FENGYUN 1C DEB,1999-025DXJ,2026-08-11T05:22:50.576736,13.61570505,.0282681,99.2546,137.8352,211.0216,147.3965,0,U,36281,999,87802,.10006E-2,.957E-5,0
FENGYUN 1C DEB,1999-025DXL,2026-08-09T19:25:00.681024,15.20768854,.00471129,99.4251,248.6116,346.1346,13.8585,0,U,36283,999,70298,.82695485E-3,.18701E-3,0
FENGYUN 1C DEB,1999-025DXP,2026-08-10T06:28:07.240800,13.59452572,.02971166,98.5125,342.1340,132.3454,230.3268,0,U,36645,999,60814,.99465245E-3,.95E-5,0
FENGYUN 1C DEB,1999-025DXR,2026-08-08T21:19:00.575040,13.90658089,.0231283,96.1244,285.2755,322.1852,36.3256,0,U,36647,999,33734,.90524E-3,.1378E-4,0
FENGYUN 1C DEB,1999-025DXW,2026-08-13T04:54:10.676736,14.24586797,.0049325,98.9356,316.2762,15.1179,345.1460,0,U,36652,999,67789,.66167E-3,.151E-4,0
FENGYUN 1C DEB,1999-025DYA,2026-08-05T23:49:47.595072,13.54989988,.03326434,97.4302,296.1415,249.5176,106.9971,0,U,36656,999,62044,.85149528E-3,.805E-5,0
FENGYUN 1C DEB,1999-025DYB,2026-08-10T23:56:05.904384,14.67216107,.01030664,99.4288,54.5384,54.2914,306.7823,0,U,36657,999,69792,.18044797E-3,.1031E-4,0
FENGYUN 1C DEB,1999-025DYD,2026-08-12T21:15:35.665344,13.87731897,.0135858,99.8487,246.5861,154.1750,206.6269,0,U,36659,999,63797,.26456E-3,.289E-5,0
FENGYUN 1C DEB,1999-025DYE,2026-08-11T19:08:34.406016,14.14992414,.00456491,98.6265,221.1595,259.5751,100.0276,0,U,36660,999,66804,.2971489E-3,.538E-5,0
FENGYUN 1C DEB,1999-025DYJ,2026-08-12T21:53:47.552352,14.18058194,.0173382,98.5853,246.8949,118.5309,243.3444,0,U,36664,999,67197,.38046E-4,.49E-6,0
FENGYUN 1C DEB,1999-025DYN,2026-08-07T19:11:41.786016,14.15944139,.00498301,98.6061,227.0827,263.3509,96.1992,0,U,36668,999,60786,.30373239E-3,.563E-5,0
FENGYUN 1C DEB,1999-025DYW,2026-08-04T14:19:27.272352,14.43874595,.00945716,98.7546,127.9324,149.1114,332.3013,0,U,36676,999,68454,.24003824E-3,.814E-5,0
FENGYUN 1C DEB,1999-025DYY,2026-08-06T18:16:19.256736,14.38493168,.01505883,98.3154,198.4939,0.9974,359.1486,0,U,36678,999,68396,.19538395E-3,.633E-5,0
FENGYUN 1C DEB,1999-025DYZ,2026-08-05T05:43:45.813216,14.05024215,.00852434,98.8562,212.3846,153.4581,207.0990,0,U,36679,999,27855,.1037039E-3,.13E-5,0
FENGYUN 1C DEB,1999-025DZA,2026-08-09T04:50:11.155200,14.19165790,.01868544,98.5645,210.2188,277.4189,141.7369,0,U,36680,999,67693,.17531022E-3,.391E-5,0
FENGYUN 1C DEB,1999-025DZB,2026-08-10T05:11:44.342880,14.10754845,.00452136,98.7062,218.2118,28.1879,332.1726,0,U,36681,999,76148,.29271939E-3,.486E-5,0
FENGYUN 1C DEB,1999-025DZC,2026-08-10T02:55:01.977024,13.70730795,.02341664,98.4688,102.8391,354.9673,4.9126,0,U,36682,999,64685,.63013237E-3,.643E-5,0
FENGYUN 1C DEB,1999-025DZG,2026-08-12T08:27:20.442816,14.80356995,.00992003,98.9832,89.3221,11.9035,348.4485,0,U,36686,999,69438,.23392748E-3,.1868E-4,0
FENGYUN 1C DEB,1999-025DZH,2026-08-08T11:54:19.815552,14.04687538,.00900835,98.7026,302.2321,315.3570,44.0369,0,U,36687,999,66074,.82644705E-4,.95E-6,0
FENGYUN 1C DEB,1999-025DZN,2026-08-05T01:29:07.555200,13.93755081,.01148267,99.9919,146.9899,109.9468,251.4101,0,U,36692,999,63083,.15469004E-3,.165E-5,0
FENGYUN 1C DEB,1999-025DZR,2026-08-07T16:18:58.749696,14.44364184,.02555755,98.2450,198.7561,126.8064,235.6874,0,U,36695,999,93002,.95705065E-4,.439E-5,0
FENGYUN 1C DEB,1999-025DZS,2026-08-11T00:54:39.275712,14.41857504,.00215059,98.9837,249.1583,337.7659,22.2594,0,U,36696,999,67870,.67379888E-3,.2162E-4,0
FENGYUN 1C DEB,1999-025DZV,2026-08-09T05:14:47.800320,14.24580103,.009406,98.5718,214.8428,151.8366,208.7947,0,U,36699,999,76736,.11382064E-3,.234E-5,0
FENGYUN 1C DEB,1999-025DZX,2026-08-08T23:02:22.939008,13.72486327,.02580723,102.7535,258.3142,68.7343,294.1142,0,U,36701,999,64419,.81006408E-3,.872E-5,0
FENGYUN 1C DEB,1999-025DZZ,2026-07-29T04:17:24.795744,14.23633136,.00956733,97.8143,357.1517,350.7374,9.2039,0,U,36703,999,61519,.13710183E-2,.324E-4,0
FENGYUN 1C DEB,1999-025EAD,2026-08-11T08:52:08.474592,14.18002507,.00499462,98.7297,270.5866,147.5353,212.8911,0,U,36707,999,67503,.34911203E-3,.681E-5,0
FENGYUN 1C DEB,1999-025EAG,2026-08-11T09:54:27.727488,14.52081994,.00659587,98.3587,284.3022,161.5266,198.8347,0,U,36710,999,68458,.46198473E-3,.1876E-4,0
FENGYUN 1C DEB,1999-025EAH,2026-08-11T11:57:25.563456,14.46126495,.00933621,100.7922,312.4041,251.1938,107.9100,0,U,36711,999,67801,.84559526E-3,.3117E-4,0
FENGYUN 1C DEB,1999-025EAN,2026-08-12T00:18:24.388992,13.88558082,.01479119,99.2280,145.6264,297.1560,61.4582,0,U,36716,999,66293,.84023823E-4,.65E-6,0
FENGYUN 1C DEB,1999-025EAR,2026-08-02T04:27:49.809888,14.36150671,.00827288,98.5477,359.0340,138.9379,221.8074,0,U,36719,999,67686,.1006947E-2,.3008E-4,0
FENGYUN 1C DEB,1999-025EAW,2026-08-10T02:50:38.402592,14.27073838,.01000465,99.4562,278.0231,233.6830,155.9483,0,U,36724,999,60899,.67745151E-3,.1689E-4,0
FENGYUN 1C DEB,1999-025EBB,2026-08-10T04:17:52.873152,14.10533972,.00449804,98.7315,201.8215,295.8734,63.7803,0,U,36729,999,90641,.94606947E-4,.127E-5,0
FENGYUN 1C DEB,1999-025EBG,2026-08-11T02:54:11.325888,14.27486409,.00332455,99.0426,283.1052,242.9830,116.7954,0,U,36734,999,86176,.65448772E-3,.157E-4,0
FENGYUN 1C DEB,1999-025EBJ,2026-08-07T10:53:52.429920,14.27033884,.00605472,98.7947,299.0120,168.1525,192.1095,0,U,36736,999,92004,.62634213E-3,.151E-4,0
FENGYUN 1C DEB,1999-025EBR,2026-08-12T21:09:02.236896,14.30494140,.0046877,98.6367,276.4277,21.3729,338.9397,0,U,36743,999,64212,.42823E-3,.1085E-4,0
FENGYUN 1C DEB,1999-025EBS,2026-08-11T16:18:44.871264,14.16233369,.00827077,99.1348,300.6771,279.5782,79.6053,0,U,36986,999,85167,.79891286E-3,.1589E-4,0
FENGYUN 1C DEB,1999-025EBT,2026-08-13T00:24:39.176640,13.46180761,.0316821,100.8001,129.9188,189.9313,169.5455,0,U,36987,999,64150,.40069E-3,.274E-5,0
FENGYUN 1C DEB,1999-025EBW,2026-08-02T09:24:01.304064,13.57183814,.02910658,96.5803,91.5781,106.0541,257.2863,0,U,36990,999,86043,.42157869E-3,.376E-5,0
FENGYUN 1C DEB,1999-025ECA,2026-08-12T07:43:26.193216,13.90868670,.01153361,98.6714,175.2473,346.6267,13.1844,0,U,36994,999,84279,.30499535E-4,0,0
FENGYUN 1C DEB,1999-025ECB,2026-08-12T21:45:13.285728,14.04920648,.0038982,98.3101,88.7316,340.8631,19.1072,0,U,36995,999,66971,.1834E-3,.258E-5,0
FENGYUN 1C DEB,1999-025ECC,2026-08-05T03:09:38.734848,14.12824923,.02515426,98.2524,355.7126,29.9373,145.7514,0,U,36996,999,63014,.38982769E-3,.937E-5,0
FENGYUN 1C DEB,1999-025ECK,2026-08-12T08:08:35.996064,13.96623840,.00950368,98.8301,243.3867,212.0942,160.9468,0,U,37003,999,64043,.49563319E-3,.671E-5,0
FENGYUN 1C DEB,1999-025ECQ,2026-08-10T19:07:50.794752,14.08583217,.0057721,99.1553,349.8376,305.0338,54.5423,0,U,37008,999,63707,.35880823E-3,.58E-5,0
FENGYUN 1C DEB,1999-025ECZ,2026-08-12T03:21:42.162912,14.43329134,.02738411,98.8118,181.6456,2.1491,358.0807,0,U,37017,999,64655,.59107333E-3,.3084E-4,0
FENGYUN 1C DEB,1999-025EDA,2026-08-08T20:11:11.489280,14.47607836,.0186866,98.5002,79.8309,278.6565,79.3499,0,U,37018,999,66981,.16945624E-2,.7727E-4,0
FENGYUN 1C DEB,1999-025EDB,2026-08-12T11:04:26.370912,14.36299927,.01658746,98.5721,312.1676,326.4576,32.6192,0,U,37019,999,68243,.22699531E-3,.725E-5,0
FENGYUN 1C DEB,1999-025EDD,2026-08-09T21:17:22.256160,14.33350493,.0172947,98.3753,235.8671,258.0645,223.2389,0,U,37021,999,73493,.23452148E-3,.715E-5,0
FENGYUN 1C DEB,1999-025EDL,2026-08-11T12:43:46.134912,14.24538271,.00326776,99.2413,148.5300,126.9328,233.4850,0,U,37028,999,63916,.63302299E-3,.1428E-4,0
FENGYUN 1C DEB,1999-025EDU,2026-08-11T18:07:46.724160,14.03821659,.01241959,98.7301,211.7814,96.2853,265.2477,0,U,37036,999,67143,.36957479E-3,.583E-5,0
FENGYUN 1C DEB,1999-025EEA,2026-08-10T05:20:36.269664,14.84204334,.00439645,98.6048,3.8940,347.2223,12.7871,0,U,37042,999,76355,.85023355E-3,.7176E-4,0
FENGYUN 1C DEB,1999-025EEC,2026-08-10T23:56:42.070560,13.73315443,.04970842,98.9645,319.5395,240.7084,114.3523,0,U,37044,999,87167,.15802495E-2,.3555E-4,0
FENGYUN 1C DEB,1999-025EEE,2026-08-08T06:38:31.115328,14.25588274,.0048635,98.5360,233.2223,332.5008,27.3600,0,U,37046,999,67579,.36076E-3,.822E-5,0
FENGYUN 1C DEB,1999-025EEF,2026-08-02T22:31:28.778592,13.84643281,.02291599,99.1244,266.4035,308.9438,49.1491,0,U,37047,999,65309,.12289785E-2,.1649E-4,0
FENGYUN 1C DEB,1999-025EEG,2026-08-09T08:50:01.419072,13.65307077,.0251749,98.8631,67.6035,242.0885,296.8040,0,U,37048,999,65439,.18250906E-3,.144E-5,0
FENGYUN 1C DEB,1999-025EEH,2026-08-06T06:39:40.970592,14.44160792,.00319849,99.2568,233.9276,213.1540,146.7644,0,U,37049,999,67149,.76311419E-3,.2582E-4,0
FENGYUN 1C DEB,1999-025EEM,2026-08-12T14:09:25.078176,14.56627182,.00412189,99.1570,358.5205,159.6218,260.2151,0,U,37053,999,68570,.51383856E-3,.2262E-4,0
FENGYUN 1C DEB,1999-025EEN,2026-08-09T04:16:47.817408,14.19749839,.01005279,98.5735,200.8438,132.4749,228.4979,0,U,37054,999,67826,.13388266E-3,.257E-5,0
FENGYUN 1C DEB,1999-025EEQ,2026-08-12T09:14:35.530944,14.51357393,.02662548,98.9579,267.9780,135.2888,227.0110,0,U,37056,999,68930,.14295337E-3,.838E-5,0
FENGYUN 1C DEB,1999-025EER,2026-08-11T19:47:35.029536,13.96436847,.02833263,98.9145,236.4783,191.8074,167.6351,0,U,37057,999,66976,.37581775E-3,.685E-5,0
FENGYUN 1C DEB,1999-025EEU,2026-07-31T22:18:39.550752,14.00913363,.00810932,99.0618,273.8648,71.0342,289.9589,0,U,37060,999,65943,.11951734E-3,.14E-5,0
FENGYUN 1C DEB,1999-025EEV,2026-08-11T20:12:38.624544,13.15474431,.07993519,98.0563,238.0495,124.5038,243.4233,0,U,37061,999,11336,.36130935E-3,.704E-5,0
FENGYUN 1C DEB,1999-025EEY,2026-08-09T06:07:15.137184,14.19100273,.0103741,98.9047,19.0227,138.2747,222.6399,0,U,37064,999,84929,.17384E-2,.3792E-4,0
FENGYUN 1C DEB,1999-025EEZ,2026-08-11T23:16:15.100608,13.60098277,.0294229,103.2840,129.1671,75.7064,287.6542,0,U,37065,999,25494,.19671E-2,.1887E-4,0
FENGYUN 1C DEB,1999-025EFB,2026-08-11T03:59:30.380640,14.03470494,.01296775,99.5111,180.6866,169.0252,191.3790,0,U,37067,999,60792,.1581238E-2,.262E-4,0
FENGYUN 1C DEB,1999-025EFD,2026-08-08T09:51:36.289152,13.39002449,.04242363,95.8460,95.3346,333.3684,24.6210,0,U,37069,999,90901,.65526275E-3,.573E-5,0
FENGYUN 1C DEB,1999-025EFM,2026-08-11T17:04:49.487232,14.41760210,.00944557,99.0217,317.4108,333.5459,26.0923,0,U,37077,999,88441,.10312533E-3,.302E-5,0
FENGYUN 1C DEB,1999-025EFP,2026-08-11T05:34:01.356096,14.68066641,.0011838,98.8647,21.5157,119.0251,241.2139,0,U,37079,999,68150,.95067E-3,.5409E-4,0
FENGYUN 1C DEB,1999-025EFR,2026-08-11T16:38:57.092640,14.22070913,.02465118,98.6834,16.3627,13.8210,346.9557,0,U,37081,999,62004,.94032466E-3,.2789E-4,0
FENGYUN 1C DEB,1999-025EFS,2026-08-11T17:39:25.395840,13.63918303,.0400013,98.8392,44.7918,222.4807,134.4736,0,U,37400,999,83492,.24203982E-3,.291E-5,0
FENGYUN 1C DEB,1999-025EFW,2026-08-12T23:20:57.778080,14.32475836,.0044122,98.4568,226.6988,161.4482,256.2834,0,U,37404,999,86222,.20361E-3,.515E-5,0
FENGYUN 1C DEB,1999-025EFY,2026-08-11T21:20:38.028192,14.04967752,.0148174,98.4239,84.0700,301.0050,70.8113,0,U,37406,999,66632,.39095078E-3,.653E-5,0
FENGYUN 1C DEB,1999-025EGH,2026-08-12T11:23:44.675232,13.52224763,.02829976,98.9852,314.7104,282.7266,74.2381,0,U,37415,999,65602,.24861158E-3,.17E-5,0
FENGYUN 1C DEB,1999-025EGK,2026-08-11T19:02:30.801984,14.07631643,.00779301,98.8115,215.5007,300.1445,59.2018,0,U,37417,999,71755,.65627379E-4,.7E-6,0
FENGYUN 1C DEB,1999-025EGL,2026-08-06T05:56:41.549568,11.95409671,.10723492,98.5936,36.4629,212.0203,141.1147,0,U,37418,999,52310,.25817045E-2,.1038E-4,0
FENGYUN 1C DEB,1999-025EGN,2026-08-08T18:44:13.377696,13.99974912,.00731631,98.8780,208.5083,330.4512,29.2528,0,U,37420,999,63109,.3694781E-4,.12E-6,0
FENGYUN 1C DEB,1999-025EGP,2026-07-25T00:51:08.870976,13.40732656,.04062108,98.9073,139.4117,242.1194,113.8239,0,U,37421,999,63951,.23370676E-3,.17E-5,0
FENGYUN 1C DEB,1999-025EGR,2026-08-12T23:05:45.502080,14.08105189,.0048424,98.7647,273.3567,192.4249,167.5731,0,U,37423,999,67032,.246E-3,.381E-5,0
FENGYUN 1C DEB,1999-025EGS,2026-08-11T00:34:40.174176,14.18953431,.02108852,97.2105,311.6226,280.4307,77.3171,0,U,37424,999,71994,.28889662E-3,.716E-5,0
FENGYUN 1C DEB,1999-025EGV,2026-08-10T05:16:17.158656,15.01666351,.01691631,98.6432,35.5363,226.5518,132.1527,0,U,37427,999,63928,.22945825E-3,.3966E-4,0
FENGYUN 1C DEB,1999-025EGW,2026-08-11T07:29:13.423488,14.37160085,.00560881,97.7039,65.7548,85.5855,275.1739,0,U,37428,999,66903,.74013267E-3,.2205E-4,0
FENGYUN 1C DEB,1999-025EGX,2026-08-07T04:33:45.736416,14.09979449,.01041228,98.6592,205.2959,45.3445,315.6155,0,U,37429,999,66432,.27521167E-3,.469E-5,0
FENGYUN 1C DEB,1999-025EGY,2026-08-10T11:47:18.691584,14.30826412,.00191847,98.7550,303.0214,87.9943,272.3437,0,U,37430,999,65142,.6774355E-3,.1735E-4,0
FENGYUN 1C DEB,1999-025EHA,2026-08-10T07:13:14.465568,14.55144601,.01772181,98.1760,235.3881,263.3770,94.7229,0,U,37432,999,11873,.19866572E-3,.1003E-4,0
FENGYUN 1C DEB,1999-025EHD,2026-08-12T07:49:31.336032,14.23356267,.00406782,98.6283,260.9624,32.3246,328.0413,0,U,37435,999,92389,.38943968E-3,.847E-5,0
FENGYUN 1C DEB,1999-025EHE,2026-07-24T22:20:03.943680,14.06708034,.00576104,98.9081,262.2404,239.4718,120.0756,0,U,37436,999,67150,.41820227E-3,.661E-5,0
FENGYUN 1C DEB,1999-025EHF,2026-08-09T05:41:58.664256,14.19339528,.0113054,98.6003,210.9766,77.0572,297.1686,0,U,37437,999,67388,.24366E-3,.504E-5,0
FENGYUN 1C DEB,1999-025EHG,2026-08-07T09:20:47.422464,14.16051633,.00273302,98.7173,258.4940,261.8500,97.9574,0,U,37438,999,63498,.29687937E-3,.545E-5,0
FENGYUN 1C DEB,1999-025EHK,2026-08-05T18:19:14.704896,13.14665379,.05071894,99.1425,38.2850,211.6119,145.3592,0,U,37441,999,85273,.96872383E-3,.655E-5,0
FENGYUN 1C DEB,1999-025EHN,2026-08-11T01:57:17.401824,14.49974123,.02386564,99.0777,327.0162,347.2758,12.2476,0,U,37444,999,68646,.16061997E-3,.827E-5,0
FENGYUN 1C DEB,1999-025EHS,2026-08-06T10:15:39.678912,13.88215474,.03052979,99.3036,287.6789,142.8590,219.4121,0,U,37448,999,65658,.10267951E-2,.1737E-4,0
FENGYUN 1C DEB,1999-025EHX,2026-08-07T22:40:55.826112,13.68769816,.0360717,97.6349,112.3956,313.6441,43.5312,0,U,37453,999,92882,.81281871E-3,.1069E-4,0
FENGYUN 1C DEB,1999-025EJB,2026-07-26T00:37:29.383392,14.24314717,.00636777,99.0915,287.8246,148.7545,211.7442,0,U,37457,999,63276,.18613196E-2,.4346E-4,0
FENGYUN 1C DEB,1999-025EJE,2026-08-12T22:33:56.387808,14.51251765,.0051153,98.3879,44.5653,267.4595,92.0743,0,U,37460,999,86013,.52939E-3,.2093E-4,0
FENGYUN 1C DEB,1999-025EJF,2026-08-10T09:38:22.871040,12.79737145,.06568779,99.8635,87.0439,158.6621,204.3271,0,U,37461,999,55112,.19190322E-2,.105E-4,0
FENGYUN 1C DEB,1999-025EJJ,2026-08-02T16:27:02.009952,13.48559226,.04510527,102.7104,207.1127,326.9209,30.4430,0,U,37464,999,64060,.16848554E-2,.1896E-4,0
FENGYUN 1C DEB,1999-025EJU,2026-08-11T11:10:11.600256,14.79476331,.01239583,99.1412,106.2707,100.7475,260.7716,0,U,37474,999,65945,.41008929E-3,.3417E-4,0
FENGYUN 1C DEB,1999-025EJW,2026-08-12T13:59:32.343072,11.91509822,.10727001,98.9456,177.3853,113.4241,258.3190,0,U,37476,999,70335,.19972569E-2,.744E-5,0
FENGYUN 1C DEB,1999-025EJX,2026-08-12T11:18:16.228224,14.20339334,.00387134,98.6071,227.5303,122.6734,237.8187,0,U,37477,999,85359,.30620426E-3,.618E-5,0
FENGYUN 1C DEB,1999-025EJY,2026-08-12T08:31:22.003392,13.03730670,.05441623,99.6546,187.1042,119.7224,245.9177,0,U,37478,999,59722,.31270897E-2,.1981E-4,0
FENGYUN 1C DEB,1999-025EKH,2026-08-09T11:14:50.499456,14.10366305,.01166335,99.0690,130.8759,313.3214,45.8278,0,U,37589,999,85961,.12779018E-2,.2372E-4,0
FENGYUN 1C DEB,1999-025EKK,2026-08-12T02:25:06.253248,14.62089054,.00633032,98.4036,177.9831,329.3087,86.0855,0,U,37591,999,69996,.16530506E-2,.8501E-4,0
FENGYUN 1C DEB,1999-025EKM,2026-08-12T22:59:35.182176,14.38202361,.0146824,99.0029,118.8425,121.0321,306.3360,0,U,37593,999,89615,.34773E-3,.1145E-4,0
FENGYUN 1C DEB,1999-025EKN,2026-08-12T12:27:42.252192,14.11328717,.00845862,98.7119,251.9624,301.0138,58.2746,0,U,37594,999,81186,.10171275E-3,.147E-5,0
FENGYUN 1C DEB,1999-025EKP,2026-08-12T15:12:32.233824,14.85256938,.00198252,99.0414,108.8518,333.0690,58.1793,0,U,37595,999,66195,.1654546E-2,.14207E-3,0
FENGYUN 1C DEB,1999-025EKU,2026-08-11T05:17:43.427328,13.85528128,.035426,98.9295,13.6616,116.8137,246.9710,0,U,37600,999,91828,.12566E-2,.2305E-4,0
FENGYUN 1C DEB,1999-025EKX,2026-08-08T21:54:51.446016,13.72844186,.0228656,98.5778,207.5232,79.7060,282.9784,0,U,37682,999,65714,.85216E-3,.911E-5,0
FENGYUN 1C DEB,1999-025EKY,2026-07-25T10:19:37.396416,13.32869478,.05802026,97.9890,82.9329,272.3923,270.9841,0,U,37683,999,32232,.69362636E-3,.843E-5,0
FENGYUN 1C DEB,1999-025ELB,2026-08-08T18:03:31.150368,13.35553916,.03951582,99.0173,216.8969,168.9295,5.4172,0,U,37686,999,63817,.33531142E-3,.23E-5,0
FENGYUN 1C DEB,1999-025ELC,2026-08-08T06:52:57.741024,13.87643530,.0333849,98.1898,231.4039,59.7728,316.0304,0,U,37687,999,86560,.12003E-2,.2177E-4,0
FENGYUN 1C DEB,1999-025ELE,2026-08-12T14:43:01.782912,14.52500200,.00196527,98.9095,284.8272,220.4608,139.5125,0,U,37689,999,61334,.7826244E-3,.3153E-4,0
FENGYUN 1C DEB,1999-025ELF,2026-08-03T22:03:58.053024,14.17907549,.00388246,98.7377,258.5403,346.8820,137.8460,0,U,37690,999,67083,.59434862E-3,.118E-4,0
FENGYUN 1C DEB,1999-025ELG,2026-08-12T23:33:49.648032,14.66031006,.0253851,98.3583,137.1699,110.8694,251.9889,0,U,37691,999,89189,.69501E-3,.6114E-4,0
FENGYUN 1C DEB,1999-025ELJ,2026-08-11T22:45:53.056800,14.08960380,.0072762,98.7022,220.2727,110.0961,281.3390,0,U,37693,999,65559,.22276E-3,.353E-5,0
FENGYUN 1C DEB,1999-025ELK,2026-08-12T09:39:00.079200,14.18373210,.01476116,98.1863,278.2584,106.2975,310.7579,0,U,37694,999,55142,.59835594E-3,.1337E-4,0
FENGYUN 1C DEB,1999-025ELL,2026-08-06T07:04:57.525600,13.65717049,.04599241,98.1859,230.9599,347.5625,23.0463,0,U,37695,999,92480,.47181702E-3,.763E-5,0
FENGYUN 1C DEB,1999-025ELV,2026-08-07T22:55:01.432416,13.71073868,.0238115,98.3317,26.6192,258.8220,259.5283,0,U,37704,999,65628,.72478E-3,.755E-5,0
FENGYUN 1C DEB,1999-025ELY,2026-08-12T09:51:31.055904,14.57680765,.01407308,100.2011,287.9044,38.5874,26.5719,0,U,37707,999,89100,.14873937E-3,.701E-5,0
FENGYUN 1C DEB,1999-025EMD,2026-08-11T16:38:13.521120,14.37081823,.00784894,98.8494,14.0092,0.0678,12.2431,0,U,37712,999,67435,.13181532E-3,.358E-5,0
FENGYUN 1C DEB,1999-025EMF,2026-07-29T19:10:13.760832,14.34538111,.00494261,98.9023,333.8176,131.0255,229.5218,0,U,37714,999,60791,.17275109E-2,.4899E-4,0
FENGYUN 1C DEB,1999-025EMG,2026-08-10T21:11:38.273568,13.95744250,.01137775,98.9549,228.9102,168.9710,311.9789,0,U,37715,999,61167,.25033344E-3,.318E-5,0
FENGYUN 1C DEB,1999-025EMH,2026-07-31T22:49:44.212224,14.30387051,.0031398,98.6661,278.3759,249.2446,291.0423,0,U,37716,999,63874,.71578E-3,.1826E-4,0
FENGYUN 1C DEB,1999-025EMJ,2026-08-05T18:10:56.590752,15.11431218,.00417655,98.7456,208.6718,53.4777,120.9287,0,U,37717,999,92943,.14969229E-2,.25827E-3,0
FENGYUN 1C DEB,1999-025EML,2026-08-12T00:58:31.173312,14.58440191,.00418747,99.4805,288.6410,256.3303,223.2917,0,U,37719,999,3768,.29127744E-3,.1306E-4,0
FENGYUN 1C DEB,1999-025EMZ,2026-08-08T06:14:01.326048,14.04952176,.0207525,102.3062,25.2143,8.0801,352.3613,0,U,37900,999,63162,.62156E-3,.114E-4,0
FENGYUN 1C DEB,1999-025ENB,2026-08-07T18:52:19.246368,13.53482383,.03209832,98.6765,56.1576,52.3897,310.5925,0,U,37902,999,66196,.91177068E-3,.815E-5,0
FENGYUN 1C DEB,1999-025ENF,2026-08-03T08:42:37.253952,13.81065312,.0164133,99.5758,264.7093,134.1113,287.6536,0,U,37906,999,62680,.33212321E-3,.344E-5,0
FENGYUN 1C DEB,1999-025ENG,2026-08-10T03:26:53.246976,14.25818768,.00591858,99.0881,348.3862,211.5241,148.2387,0,U,37907,999,86696,.10074218E-2,.2393E-4,0
FENGYUN 1C DEB,1999-025ENH,2026-08-11T08:47:26.001888,14.37242270,.00739716,99.1272,275.0753,170.7310,189.5259,0,U,37908,999,67531,.20553247E-3,.582E-5,0
FENGYUN 1C DEB,1999-025ENL,2026-08-11T17:01:06.978720,13.98462445,.01400888,99.2885,310.9969,167.4185,193.0533,0,U,37911,999,80090,.7128661E-3,.1064E-4,0
FENGYUN 1C DEB,1999-025ENM,2026-08-08T21:20:23.969184,14.13236332,.00905063,99.2334,201.7611,109.1127,251.9870,0,U,37912,999,80664,.10267156E-2,.1953E-4,0
FENGYUN 1C DEB,1999-025ENP,2026-07-21T05:44:56.525568,14.16950948,.0069619,99.2061,207.8087,93.0674,267.8469,0,U,37914,999,65310,.60995374E-3,.1207E-4,0
FENGYUN 1C DEB,1999-025ENS,2026-07-31T12:25:34.505472,14.14797953,.00473496,98.9304,315.4863,113.9996,246.6144,0,U,37917,999,67086,.69572422E-3,.1312E-4,0
FENGYUN 1C DEB,1999-025ENT,2026-08-07T17:48:13.885632,14.35214592,.00544152,99.0511,185.3001,308.6191,51.0128,0,U,37918,999,6955,.28165028E-3,.77E-5,0
FENGYUN 1C DEB,1999-025ENU,2026-08-11T07:41:49.822656,14.27270696,.00496616,99.0781,175.1049,39.8094,320.6712,0,U,37919,999,68354,.18645241E-3,.415E-5,0
FENGYUN 1C DEB,1999-025ENW,2026-08-07T22:47:46.983840,13.95280977,.0083988,98.9926,260.4754,165.0742,195.2927,0,U,37921,999,66469,.48965E-4,.25E-6,0
FENGYUN 1C DEB,1999-025EPA,2026-08-11T11:16:26.762880,14.85627333,.00490931,99.0632,130.2673,301.4090,58.2324,0,U,37925,999,69266,.41905634E-3,.3637E-4,0
FENGYUN 1C DEB,1999-025EPB,2026-08-13T04:01:44.126112,14.25647718,.0051455,98.7069,291.5993,233.4804,181.7527,0,U,37926,999,77737,.57839E-3,.1345E-4,0
FENGYUN 1C DEB,1999-025EPC,2026-08-10T06:59:32.557056,14.85016974,.00057822,98.8154,33.7929,215.9956,144.0868,0,U,37927,999,68672,.14019748E-2,.11919E-3,0
FENGYUN 1C DEB,1999-025EPD,2026-08-13T03:20:51.674208,14.37914470,.007273,98.8880,113.3340,35.9208,324.6836,0,U,37928,999,84689,.22821E-3,.663E-5,0
FENGYUN 1C DEB,1999-025EPM,2026-08-02T08:43:59.631168,14.17453079,.00708413,98.6925,253.1653,198.4658,175.5284,0,U,38116,999,67780,.24907759E-3,.474E-5,0
FENGYUN 1C DEB,1999-025EPQ,2026-08-12T10:13:34.305600,14.19188980,.02195801,98.5897,294.7598,249.9420,107.8001,0,U,38119,999,57447,.15925081E-2,.4197E-4,0
FENGYUN 1C DEB,1999-025EPS,2026-08-11T04:27:59.031360,14.22793269,.0204175,99.1412,28.3516,157.4176,203.6146,0,U,38121,999,87352,.44144E-3,.1176E-4,0
FENGYUN 1C DEB,1999-025EPT,2026-08-08T06:11:03.755040,14.43703120,.0225075,98.3232,222.3742,154.2488,207.0115,0,U,38122,999,71179,.16364E-3,.704E-5,0
FENGYUN 1C DEB,1999-025EPV,2026-07-22T11:02:06.005472,13.41032684,.03573679,97.8206,111.3083,91.7792,272.4302,0,U,38124,999,57553,.24227169E-3,.169E-5,0
FENGYUN 1C DEB,1999-025EQB,2026-08-12T13:06:08.138592,13.78107405,.02034655,98.5925,258.4859,291.4560,66.5004,0,U,38130,999,72626,.83626863E-3,.941E-5,0
FENGYUN 1C DEB,1999-025EQG,2026-08-03T21:46:36.902784,14.25883981,.02213794,98.6329,274.5930,108.3945,254.1444,0,U,38135,999,64377,.37112423E-3,.1097E-4,0
FENGYUN 1C DEB,1999-025EQJ,2026-08-04T22:07:09.417792,14.06365098,.00468719,98.8363,259.3787,128.3896,232.1497,0,U,38137,999,67014,.18755544E-3,.27E-5,0
FENGYUN 1C DEB,1999-025EQQ,2026-08-10T08:29:35.530944,14.05329931,.00539494,99.0022,281.7234,272.3271,87.1720,0,U,38143,999,63662,.18856315E-3,.264E-5,0
FENGYUN 1C DEB,1999-025EQR,2026-08-09T16:43:07.218048,13.59586519,.02875189,98.9856,31.3944,290.9915,66.0690,0,U,38144,999,64297,.65394902E-3,.594E-5,0
FENGYUN 1C DEB,1999-025EQT,2026-08-12T02:10:31.428192,14.61835482,.01950083,99.4859,344.5276,94.4352,78.1976,0,U,38146,999,35417,.36997389E-3,.2354E-4,0
FENGYUN 1C DEB,1999-025EQU,2026-08-05T07:03:48.914496,14.24042667,.00496487,98.5493,230.1259,335.0425,24.8354,0,U,38147,999,63739,.32953833E-3,.724E-5,0
FENGYUN 1C DEB,1999-025EQW,2026-08-07T16:41:48.835104,14.26181531,.00772571,98.3739,206.2911,181.8052,178.2861,0,U,38149,999,73879,.10254711E-3,.212E-5,0
FENGYUN 1C DEB,1999-025ERC,2026-08-07T13:30:14.427072,14.27611041,.00927518,98.4389,120.5268,148.0825,212.6022,0,U,38155,999,67166,.10145446E-2,.2574E-4,0
FENGYUN 1C DEB,1999-025ERE,2026-08-10T13:08:06.839232,14.22945297,.02698877,99.6566,157.7147,157.1873,204.1563,0,U,38157,999,79671,.19368238E-3,.574E-5,0
FENGYUN 1C DEB,1999-025ERF,2026-08-07T21:11:14.839296,13.72238835,.0213723,99.2678,244.0967,184.3213,175.6095,0,U,38158,999,60148,.55631E-3,.554E-5,0
FENGYUN 1C DEB,1999-025ERG,2026-08-10T23:31:17.951232,14.03787100,.00575436,99.2939,125.2427,36.7797,323.7296,0,U,38159,999,86496,.76733956E-4,.76E-6,0
FENGYUN 1C DEB,1999-025ERL,2026-08-01T09:03:24.008544,14.06456091,.00742725,99.1065,256.4721,319.1175,40.4436,0,U,38163,999,27797,.43404869E-3,.69E-5,0
FENGYUN 1C DEB,1999-025ERP,2026-08-11T06:29:25.946880,14.34395879,.0051925,99.0814,342.7981,64.3439,296.3095,0,U,38166,999,67231,.10092E-2,.2836E-4,0
FENGYUN 1C DEB,1999-025ERR,2026-08-08T01:58:33.424320,14.36757440,.00415333,98.7871,322.1907,130.1066,230.3772,0,U,38168,999,67885,.72171209E-3,.2105E-4,0
FENGYUN 1C DEB,1999-025ERS,2026-07-30T05:52:53.638464,14.78784826,.00289803,98.9843,215.7043,72.4437,287.9934,0,U,38169,999,64653,.18139327E-2,.13386E-3,0
FENGYUN 1C DEB,1999-025ERV,2026-08-01T02:18:52.337376,13.54966344,.028119,100.4212,322.2673,122.8828,239.9701,0,U,38172,999,64805,.43274E-3,.336E-5,0
FENGYUN 1C DEB,1999-025ERW,2026-08-12T12:16:55.267392,14.38973125,.01600427,98.9898,141.2647,117.5816,244.1728,0,U,38173,999,64133,.36324974E-3,.1249E-4,0
FENGYUN 1C DEB,1999-025ESB,2026-08-08T11:00:04.839840,13.95980564,.0225943,98.6052,281.5948,206.4398,152.5094,0,U,38492,999,59332,.21093E-2,.354E-4,0
FENGYUN 1C DEB,1999-025ESC,2026-08-03T13:32:26.988864,13.62561946,.04269199,99.1055,165.0942,358.6682,1.3294,0,U,38493,999,59682,.3653627E-3,.484E-5,0
FENGYUN 1C DEB,1999-025ESD,2026-08-09T18:20:28.456800,14.03745971,.03760333,98.4435,160.0178,50.3742,312.9985,0,U,38494,999,10518,.20729245E-2,.6096E-4,0
FENGYUN 1C DEB,1999-025ESE,2026-07-26T06:27:34.571232,13.70277617,.02450495,99.1624,217.9813,268.4721,88.8346,0,U,38495,999,64200,.18201464E-2,.1941E-4,0
FENGYUN 1C DEB,1999-025ESF,2026-07-29T18:26:40.715520,14.10629332,.00789875,98.7597,219.6950,77.9710,283.0300,0,U,38496,999,84249,.69870298E-3,.1241E-4,0
FENGYUN 1C DEB,1999-025ESH,2026-08-09T17:34:55.851168,12.97000700,.0552336,99.6933,220.9522,246.3336,107.8882,0,U,38498,999,56854,.57793886E-3,.296E-5,0
FENGYUN 1C DEB,1999-025ESJ,2026-08-09T02:12:09.859392,13.76276369,.0223287,98.4058,94.2910,216.3845,142.1954,0,U,38499,999,78851,.65865403E-3,.734E-5,0
FENGYUN 1C DEB,1999-025ESK,2026-07-28T10:21:25.906176,13.83966972,.0198346,98.6483,283.9994,332.2305,26.8372,0,U,38500,999,26363,.11015898E-2,.1384E-4,0
FENGYUN 1C DEB,1999-025ESV,2026-07-15T17:30:57.991968,14.13827099,.00959156,98.5986,202.6507,255.1708,103.8825,0,U,38510,999,91707,.25397822E-3,.46E-5,0
FENGYUN 1C DEB,1999-025ESX,2026-08-01T13:36:40.965120,13.74563170,.02239076,98.3635,72.0890,199.9471,159.2823,0,U,38512,999,62754,.83863763E-3,.917E-5,0
FENGYUN 1C DEB,1999-025ESY,2026-08-06T12:42:56.844576,14.82750599,.02273063,97.6067,113.0584,190.6665,168.9686,0,U,38513,999,67158,.28219114E-3,.3531E-4,0
FENGYUN 1C DEB,1999-025ESZ,2026-08-11T06:34:58.458144,14.20649912,.0255809,98.0434,235.9671,27.0596,334.3656,0,U,38514,999,91421,.15222E-2,.4521E-4,0
FENGYUN 1C DEB,1999-025ETB,2026-08-11T05:08:48.472224,14.34231144,.0111312,98.4640,206.8788,127.8460,233.2860,0,U,38516,999,88334,.4603E-4,.95E-6,0
FENGYUN 1C DEB,1999-025ETE,2026-07-26T04:10:38.993952,13.88419013,.01681182,99.5476,192.9881,160.9355,199.8196,0,U,38519,999,87865,.14477295E-2,.1898E-4,0
FENGYUN 1C DEB,1999-025ETJ,2026-08-02T21:57:38.255040,14.21282094,.00562349,99.1475,243.3193,52.3782,68.3384,0,U,38717,999,61737,.91053399E-3,.197E-4,0
FENGYUN 1C DEB,1999-025ETP,2026-08-10T15:17:21.097536,14.65681784,.01317556,99.3606,357.6574,86.5604,275.0656,0,U,38722,999,73984,.83989036E-3,.5131E-4,0
FENGYUN 1C DEB,1999-025ETR,2026-08-12T23:01:27.234336,14.18100588,.0123618,98.7318,234.5010,94.1947,267.3367,0,U,38724,999,60068,.15045E-2,.3288E-4,0
FENGYUN 1C DEB,1999-025ETS,2026-08-10T20:22:12.316224,14.46464405,.00312773,98.8858,3.8385,254.8933,104.8797,0,U,38725,999,76834,.93044939E-3,.3319E-4,0
FENGYUN 1C DEB,1999-025ETU,2026-08-10T22:22:59.229408,14.05301741,.0100626,98.6114,213.0247,262.4160,125.8674,0,U,38727,999,75219,.60662E-3,.985E-5,0
FENGYUN 1C DEB,1999-025ETX,2026-08-07T22:59:21.973344,14.64634986,.0209437,98.3328,301.7751,101.2769,261.2047,0,U,38783,999,83422,.51892E-3,.375E-4,0
FENGYUN 1C DEB,1999-025EUD,2026-08-06T12:56:49.053696,14.47188460,.02043346,98.8336,120.1967,35.1865,87.3590,0,U,38789,999,65269,.41353643E-3,.1904E-4,0
FENGYUN 1C DEB,1999-025EUK,2026-08-11T19:37:06.949056,13.30832063,.04995185,98.7003,215.0817,13.9702,347.4683,0,U,38795,999,81731,.89221005E-3,.811E-5,0
FENGYUN 1C DEB,1999-025EUM,2026-08-12T10:52:16.406688,13.61858952,.02454429,99.4605,115.4113,321.5151,36.8708,0,U,38797,999,62586,.14440905E-3,.91E-6,0
FENGYUN 1C DEB,1999-025EUP,2026-08-12T11:13:14.770848,14.50893078,.01583473,98.3886,304.1176,329.3150,29.8856,0,U,38799,999,67556,.23494929E-3,.1035E-4,0
FENGYUN 1C DEB,1999-025EUR,2026-08-12T08:59:42.421056,14.25956100,.0343111,98.3428,269.1560,357.9014,13.5756,0,U,38801,999,67817,.17310958E-3,.714E-5,0
FENGYUN 1C DEB,1999-025EUT,2026-07-31T00:14:58.490016,14.25618402,.00647748,99.1330,230.1117,96.5693,264.2864,0,U,38803,999,63491,.14574332E-2,.3483E-4,0
FENGYUN 1C DEB,1999-025EUZ,2026-08-12T06:09:01.782432,14.18786940,.02213694,98.5856,231.9280,348.1976,11.4060,0,U,38809,999,72644,.21590241E-3,.526E-5,0
FENGYUN 1C DEB,1999-025EVC,2026-08-12T06:32:26.705184,13.68206120,.02589602,98.4197,40.9225,101.7907,261.2411,0,U,38812,999,49501,.70510754E-3,.726E-5,0
FENGYUN 1C DEB,1999-025EVD,2026-08-12T07:46:27.729120,14.20645670,.0006719,99.3466,240.2054,142.7553,217.4089,0,U,38813,999,51694,.20050136E-3,.383E-5,0
FENGYUN 1C DEB,1999-025EVH,2026-08-12T07:57:12.889152,13.58403184,.02891502,98.5812,69.7774,131.2988,231.3438,0,U,38817,999,69127,.65901834E-3,.596E-5,0
FENGYUN 1C DEB,1999-025EVJ,2026-08-11T22:54:53.078400,14.40080295,.0088109,98.2696,277.2949,90.0462,35.3029,0,U,38818,999,70733,.16806E-3,.512E-5,0
FENGYUN 1C DEB,1999-025EVK,2026-08-10T05:43:44.873184,14.19805469,.00785634,98.6324,213.9015,220.2351,152.7627,0,U,38819,999,66890,.18098833E-3,.352E-5,0
FENGYUN 1C DEB,1999-025EVQ,2026-08-10T20:21:39.554208,14.16501914,.00934305,99.2971,11.6731,244.6722,114.4752,0,U,38824,999,72548,.12758835E-2,.2603E-4,0
FENGYUN 1C DEB,1999-025EVT,2026-08-08T07:55:44.371488,14.34129478,.02127682,98.3715,240.8687,322.8699,35.7927,0,U,38827,999,64478,.26676145E-3,.911E-5,0
FENGYUN 1C DEB,1999-025EVV,2026-08-12T11:40:17.521824,14.09668787,.00420111,98.7392,238.4345,63.8721,296.6763,0,U,38829,999,67552,.25075776E-3,.401E-5,0
FENGYUN 1C DEB,1999-025EVY,2026-08-09T14:51:47.288448,14.05273854,.00877021,99.2494,275.7919,99.3465,261.7631,0,U,38832,999,67126,.30064429E-3,.458E-5,0
FENGYUN 1C DEB,1999-025EWE,2026-08-07T20:46:16.727232,13.85264938,.01733446,99.1693,5.0468,63.4736,298.4076,0,U,39537,999,62552,.61198674E-3,.739E-5,0
FENGYUN 1C DEB,1999-025EWH,2026-08-04T05:21:50.081184,13.37807072,.0397611,106.1924,225.8604,256.0479,166.7128,0,U,39540,999,72233,.15611E-2,.1205E-4,0
FENGYUN 1C DEB,1999-025EWJ,2026-07-26T20:24:24.869376,14.20932650,.00721262,98.6555,250.5586,138.8438,221.8210,0,U,39541,999,62213,.52002352E-3,.1113E-4,0
FENGYUN 1C DEB,1999-025EWL,2026-08-10T07:11:53.017152,13.70684523,.03360436,99.0215,243.0183,228.7121,128.4644,0,U,39543,999,52480,.42980981E-3,.527E-5,0
FENGYUN 1C DEB,1999-025EWM,2026-07-26T10:34:12.487584,14.05827482,.00553252,98.7145,83.3416,93.7973,266.9524,0,U,39544,999,60026,.4934005E-3,.776E-5,0
FENGYUN 1C DEB,1999-025EWU,2026-08-09T04:27:25.953984,13.84056132,.01431532,98.9994,5.2924,106.8218,254.8696,0,U,40688,999,33229,.15994066E-3,.152E-5,0
FENGYUN 1C DEB,1999-025EWV,2026-08-09T10:58:50.077056,13.65444342,.03065729,99.1198,130.5673,198.3198,160.6707,0,U,40689,999,58154,.54304257E-3,.569E-5,0
FENGYUN 1C DEB,1999-025EWX,2026-08-11T08:12:33.850080,13.90055078,.01289756,99.0313,253.9137,15.4750,345.0296,0,U,40691,999,58792,.62408337E-4,.39E-6,0
FENGYUN 1C DEB,1999-025EXB,2026-08-02T03:16:28.136928,14.51859445,.02783504,99.4549,6.0684,3.0114,357.2674,0,U,40695,999,35237,.75895881E-4,.428E-5,0
FENGYUN 1C DEB,1999-025EXC,2026-07-23T04:46:32.879424,13.96852578,.00807399,98.9753,190.4418,104.4955,256.5182,0,U,40696,999,58785,.61968628E-4,.46E-6,0
FENGYUN 1C DEB,1999-025EXD,2026-08-01T23:31:31.420128,14.04927271,.00566614,99.1067,285.2283,333.2949,26.5303,0,U,40999,999,84821,.47998929E-3,.737E-5,0
FENGYUN 1C DEB,1999-025EXH,2026-08-11T14:28:08.673888,14.86941999,.00510306,98.9649,175.7871,248.1870,111.3909,0,U,41003,999,55998,.11161494E-2,.10162E-3,0
FENGYUN 1C DEB,1999-025EXK,2026-08-07T20:27:13.314816,13.51561712,.05683485,98.9405,240.7702,203.3172,154.1232,0,U,41005,999,55596,.38978653E-3,.666E-5,0
FENGYUN 1C DEB,1999-025EXL,2026-08-10T00:43:14.989440,13.86789128,.01790563,102.3639,174.0400,158.0282,202.8662,0,U,41006,999,60818,.11589007E-2,.1465E-4,0
FENGYUN 1C DEB,1999-025EXM,2026-08-02T22:08:39.327360,13.86577518,.01726031,99.9539,261.5142,152.9104,208.1187,0,U,41007,999,60629,.12923202E-2,.164E-4,0
FENGYUN 1C DEB,1999-025EXN,2026-08-08T04:50:10.583232,13.61448339,.05000987,99.3473,7.7564,262.1944,92.2167,0,U,41008,999,59689,.20960628E-3,.322E-5,0
FENGYUN 1C DEB,1999-025EXP,2026-08-06T06:35:22.085952,14.54837222,.00138263,99.2013,221.1403,93.2919,266.9857,0,U,41009,999,62422,.10576744E-2,.4493E-4,0
FENGYUN 1C DEB,1999-025EXR,2026-08-13T03:28:48.658368,14.44503953,.0304464,99.1397,293.8029,357.5509,2.4173,0,U,41011,999,60669,.12839E-3,.712E-5,0
FENGYUN 1C DEB,1999-025EXW,2026-08-10T10:33:12.276288,14.13471169,.01439938,98.2547,285.3601,202.7088,156.7675,0,U,41016,999,63408,.84771292E-3,.1721E-4,0
FENGYUN 1C DEB,1999-025EXY,2026-07-18T03:26:54.276864,13.53002411,.03082945,99.9391,149.3781,302.3444,54.8188,0,U,41018,999,91114,.31351336E-3,.234E-5,0
FENGYUN 1C DEB,1999-025EXZ,2026-08-12T10:53:43.249056,14.26280440,.0052951,98.7168,294.4175,233.8722,125.7550,0,U,41822,999,50831,.56285738E-3,.1326E-4,0
FENGYUN 1C DEB,1999-025EYA,2026-08-13T03:54:11.307168,14.24864859,.005253,98.7029,291.3546,241.3317,118.2575,0,U,41823,999,50823,.54294E-3,.1241E-4,0
FENGYUN 1C DEB,1999-025EYB,2026-08-13T03:20:25.088064,14.25613964,.0054784,98.7153,292.6230,239.7590,119.8159,0,U,41824,999,50826,.54978E-3,.1278E-4,0
FENGYUN 1C DEB,1999-025EYC,2026-08-11T16:02:03.838272,14.26604156,.00532064,98.7276,296.8796,236.2189,123.3917,0,U,41825,999,50796,.59229871E-3,.1407E-4,0
FENGYUN 1C DEB,1999-025EYD,2026-08-11T17:00:12.007584,14.25080642,.00533438,98.7183,292.8472,240.7366,118.8475,0,U,41826,999,50805,.54319123E-3,.1248E-4,0
FENGYUN 1C DEB,1999-025EYE,2026-08-13T03:10:56.907840,14.26811076,.0056233,98.7286,298.6091,226.1138,133.5390,0,U,41827,999,50800,.60226E-3,.144E-4,0
FENGYUN 1C DEB,1999-025EYF,2026-08-12T22:39:01.831680,14.59765316,.0035409,98.9208,14.7554,155.3735,204.9163,0,U,41828,999,51003,.14127E-2,.6754E-4,0
FENGYUN 1C DEB,1999-025EYG,2026-08-13T03:13:49.731168,14.26620133,.0054017,98.7309,298.5995,229.4916,130.1551,0,U,41829,999,50776,.54119E-3,.1283E-4,0
FENGYUN 1C DEB,1999-025EYH,2026-08-13T03:17:43.247904,14.28118073,.0052233,98.7428,302.1835,226.4030,133.2810,0,U,41830,999,50746,.58933E-3,.1442E-4,0
FENGYUN 1C DEB,1999-025EYJ,2026-08-13T03:53:01.103712,14.26064577,.0053772,98.7196,295.7396,232.9538,126.6717,0,U,41831,999,50727,.60326E-3,.1419E-4,0
FENGYUN 1C DEB,1999-025EYK,2026-08-13T03:18:36.552384,14.25692354,.0053096,98.7131,292.5963,237.3819,122.2229,0,U,41832,999,50817,.61006E-3,.1424E-4,0
FENGYUN 1C DEB,1999-025EYL,2026-08-13T03:50:33.232704,14.27466412,.0051736,98.7347,299.3793,233.5959,126.0444,0,U,41833,999,50835,.607E-3,.1467E-4,0
FENGYUN 1C DEB,1999-025EYM,2026-08-11T15:43:07.150368,14.25246972,.00523533,98.7191,291.4855,244.4996,115.0764,0,U,43213,999,43817,.56428798E-3,.1302E-4,0
FENGYUN 1C DEB,1999-025EYN,2026-08-11T03:04:05.680128,14.25558360,.00524781,98.7206,291.4330,245.2592,114.3121,0,U,43214,999,43841,.581985E-3,.1352E-4,0
FENGYUN 1C DEB,1999-025EYP,2026-08-13T04:47:22.956864,13.40945783,.0359404,98.6937,316.4351,307.0522,49.8239,0,U,43358,999,56993,.83281E-3,.634E-5,0
FENGYUN 1C DEB,1999-025EYQ,2026-08-13T04:50:16.665792,14.25384461,.0072513,99.0484,317.4314,37.3394,323.2793,0,U,43359,999,51215,.6783E-3,.1597E-4,0
FENGYUN 1C DEB,1999-025EYR,2026-08-13T04:09:01.875168,14.27685471,.0051513,98.7508,302.4875,232.8299,126.8172,0,U,45526,999,46848,.6847E-3,.1667E-4,0
FENGYUN 1C DEB,1999-025EYS,2026-08-13T03:52:49.619424,14.25980840,.005257,98.7236,295.5960,237.6914,121.9169,0,U,45527,999,43047,.56148E-3,.1314E-4,0
FENGYUN 1C DEB,1999-025EYU,2026-07-31T05:23:10.966272,14.22597722,.01220576,98.5432,197.0528,96.8253,264.6830,0,U,46439,999,63640,.22248363E-3,.495E-5,0
FENGYUN 1C DEB,1999-025EYV,2026-08-10T06:29:08.055168,14.20662473,.01762156,98.5765,247.3376,158.5689,268.2858,0,U,46440,999,65784,.95187468E-4,.197E-5,0
FENGYUN 1C DEB,1999-025EYY,2026-08-12T00:43:31.154016,14.12333682,.00966212,99.2032,302.2019,38.7934,84.2514,0,U,46443,999,63014,.6338263E-3,.1174E-4,0
FENGYUN 1C DEB,1999-025EYZ,2026-08-10T18:02:39.744096,14.27751353,.00833597,98.5184,223.6150,163.6737,12.0254,0,U,46444,999,66020,.21754157E-3,.515E-5,0
FENGYUN 1C DEB,1999-025EZE,2026-08-04T07:25:16.316832,14.19616940,.02012266,98.6187,249.8562,313.8335,44.6358,0,U,46449,999,60964,.24682109E-3,.591E-5,0
FENGYUN 1C DEB,1999-025EZF,2026-08-01T23:44:30.574464,14.05229188,.01807451,98.0665,50.2051,116.7419,245.2374,0,U,46450,999,64379,.16537955E-2,.3061E-4,0
FENGYUN 1C DEB,1999-025EZG,2026-08-12T07:03:08.474976,14.23330343,.01636274,98.1450,230.2459,192.4179,180.3804,0,U,46451,999,60454,.80534586E-3,.2055E-4,0
FENGYUN 1C DEB,1999-025EZK,2026-08-13T05:30:25.185888,14.26541176,.0042541,98.8810,321.1422,243.5750,145.3336,0,U,46468,999,77286,.78041E-3,.1854E-4,0
FENGYUN 1C DEB,1999-025EZL,2026-08-09T19:07:48.753120,14.47921057,.01035948,98.2202,244.0699,198.1759,161.5721,0,U,46986,999,66873,.15387873E-3,.563E-5,0
FENGYUN 1C DEB,1999-025EZM,2026-08-09T15:54:25.007616,14.48421431,.0029138,98.9169,9.4154,348.1496,11.9006,0,U,46987,999,60810,.9764843E-3,.3629E-4,0
FENGYUN 1C DEB,1999-025EZP,2026-08-08T22:36:51.778944,13.81857121,.0234926,99.5242,29.4582,69.5924,80.1998,0,U,46989,999,74343,.14691E-2,.1899E-4,0
FENGYUN 1C DEB,1999-025EZQ,2026-08-07T07:02:00.121344,14.31595050,.03332695,98.2224,55.3279,75.7347,95.7449,0,U,46990,999,11920,.11484306E-2,.5612E-4,0
FENGYUN 1C DEB,1999-025EZS,2026-08-11T16:07:10.880544,14.01006508,.00705526,98.9483,209.8699,209.7933,149.9207,0,U,46992,999,64344,.32144048E-3,.448E-5,0
FENGYUN 1C DEB,1999-025EZT,2026-08-10T01:41:39.078816,13.69372239,.02628148,98.7392,323.3318,23.2791,98.0136,0,U,46993,999,63546,.76947661E-4,.47E-6,0
FENGYUN 1C DEB,1999-025EZV,2026-08-12T03:57:13.988736,13.87653010,.01866331,98.5913,291.7501,172.8514,187.5375,0,U,46995,999,63829,.10719046E-2,.1418E-4,0
FENGYUN 1C DEB,1999-025EZX,2026-08-03T22:57:00.255744,14.29113011,.00249261,98.5394,256.5612,12.1248,107.7878,0,U,46997,999,65795,.64839754E-3,.1606E-4,0
FENGYUN 1C DEB,1999-025FAB,2026-07-27T10:37:49.477728,14.40494628,.00520925,99.2901,290.5090,107.3449,253.3444,0,U,47001,999,77176,.1410062E-2,.451E-4,0
FENGYUN 1C DEB,1999-025FAD,2026-08-08T13:00:59.931648,13.42945139,.0332203,98.8568,128.7806,177.6287,182.6516,0,U,47003,999,68511,.26767E-3,.176E-5,0
FENGYUN 1C DEB,1999-025FAF,2026-08-05T13:54:03.255840,14.12953817,.0057417,99.6001,328.0195,309.9615,63.4590,0,U,47005,999,86096,.1134856E-2,.2097E-4,0
FENGYUN 1C DEB,1999-025FAG,2026-07-21T09:32:22.068096,13.98457742,.00827042,99.1727,265.8556,190.6655,169.2757,0,U,47006,999,85851,.49428665E-3,.683E-5,0
FENGYUN 1C DEB,1999-025FAH,2026-08-12T07:48:19.365696,13.99109686,.02331751,98.1935,66.0089,89.3565,273.4312,0,U,47007,999,82239,.6835942E-3,.1215E-4,0
FENGYUN 1C DEB,1999-025FAK,2026-08-10T03:15:30.801888,13.37432584,.0353706,98.9658,182.5996,20.3855,341.0998,0,U,47009,999,62022,.15011783E-3,.76E-6,0
FENGYUN 1C DEB,1999-025FAN,2026-08-07T21:45:16.334784,13.78131648,.0162852,98.7261,84.7270,143.8072,217.4232,0,U,47012,999,57853,.21288E-3,.198E-5,0
FENGYUN 1C DEB,1999-025FAR,2026-08-10T04:46:34.384512,14.91235567,.01651046,98.6865,307.6469,57.8529,303.8585,0,U,47015,999,67961,.328971E-3,.4172E-4,0
FENGYUN 1C DEB,1999-025FBB,2026-08-12T02:45:24.750720,14.49390559,.00388283,99.0233,92.0951,356.4341,155.4772,0,U,47025,999,66249,.67571839E-3,.2557E-4,0
FENGYUN 1C DEB,1999-025FBF,2026-08-12T09:09:56.922048,15.14367131,.00946853,98.9285,270.0428,268.7284,90.3095,0,U,47029,999,6730,.5332819E-3,.10854E-3,0
FENGYUN 1C DEB,1999-025FBN,2026-07-28T09:16:38.229312,14.15301923,.00681648,98.6922,252.3778,165.8434,207.7982,0,U,47036,999,63147,.13191352E-3,.22E-5,0
FENGYUN 1C DEB,1999-025FBS,2026-08-09T01:03:25.843968,14.06863490,.00629846,100.2983,165.5349,313.3413,46.2512,0,U,47040,999,92473,.22849622E-3,.331E-5,0
FENGYUN 1C DEB,1999-025FBT,2026-08-11T21:58:55.416288,15.28741621,.0010718,98.2306,276.5717,99.7351,74.8904,0,U,47041,999,74861,.12639E-2,.3542E-3,0
FENGYUN 1C DEB,1999-025FBU,2026-08-05T12:18:28.619136,14.23085846,.00556187,98.9833,124.9916,77.1958,97.2616,0,U,47042,999,65874,.13654346E-3,.267E-5,0
FENGYUN 1C DEB,1999-025FBY,2026-08-13T01:52:52.761216,14.55176006,.0083507,99.0171,68.2484,341.9055,17.9172,0,U,47100,999,30303,.4489E-3,.1976E-4,0
FENGYUN 1C DEB,1999-025FBZ,2026-08-12T09:43:19.642080,14.22205259,.01077391,98.8183,289.4070,84.0144,277.3300,0,U,47101,999,38106,.10668333E-2,.2468E-4,0
FENGYUN 1C DEB,1999-025FCA,2026-08-07T01:15:28.079712,14.18144296,.01181242,98.4449,151.0343,85.5106,336.1105,0,U,47102,999,65303,.56038389E-3,.1193E-4,0
FENGYUN 1C DEB,1999-025FCG,2026-08-12T09:10:39.502560,14.11200412,.01289371,99.2609,197.9899,140.7073,220.3540,0,U,48518,999,63590,.71308415E-3,.1344E-4,0
FENGYUN 1C DEB,1999-025FCJ,2026-08-09T17:27:29.107008,14.01265935,.01332648,98.7234,46.2205,241.2288,117.5439,0,U,49389,999,26208,.11935688E-2,.1898E-4,0
